

Microchip MPLAB XC8 Assembler V2.40 build 20220703182018 
                                                                                               Sun Jul 28 14:56:55 2024

Microchip MPLAB XC8 C Compiler v2.40 (Free license) build 20220703182018 Og1 
     1                           	processor	18F4620
     2                           	fnconf	rparam,??,?,0
     3                           	pagewidth 120
     4                           	opt	flic
     5                           	psect	idataCOMRAM,global,class=CODE,delta=1,noexec
     6                           	psect	smallconst,global,reloc=2,class=SMALLCONST,delta=1,noexec
     7                           	psect	cinit,global,reloc=2,class=CODE,delta=1
     8                           	psect	bssCOMRAM,global,class=COMRAM,space=1,delta=1,lowdata,noexec
     9                           	psect	dataCOMRAM,global,class=COMRAM,space=1,delta=1,lowdata,noexec
    10                           	psect	cstackBANK0,global,class=BANK0,space=1,delta=1,lowdata,noexec
    11                           	psect	cstackCOMRAM,global,class=COMRAM,space=1,delta=1,lowdata,noexec
    12                           	psect	text0,global,reloc=2,class=CODE,delta=1
    13                           	psect	text1,global,reloc=2,class=CODE,delta=1
    14                           	psect	text2,global,reloc=2,class=CODE,delta=1
    15                           	psect	text3,global,reloc=2,class=CODE,delta=1
    16                           	psect	text4,global,reloc=2,class=CODE,delta=1
    17                           	psect	text5,global,reloc=2,class=CODE,delta=1
    18                           	psect	text6,global,reloc=2,class=CODE,delta=1
    19                           	psect	text7,global,reloc=2,class=CODE,delta=1
    20                           	psect	text8,global,reloc=2,class=CODE,delta=1
    21                           	psect	text9,global,reloc=2,class=CODE,delta=1,inline
    22                           	psect	text10,global,reloc=2,class=CODE,delta=1,inline
    23                           	psect	text11,global,reloc=2,class=CODE,delta=1,inline
    24                           	psect	intcode,global,reloc=2,class=CODE,delta=1
    25                           	psect	intcode_body,global,reloc=2,class=CODE,delta=1
    26                           	psect	text13,global,reloc=2,class=CODE,delta=1
    27                           	psect	text14,global,reloc=2,class=CODE,delta=1
    28                           	psect	text15,global,reloc=2,class=CODE,delta=1
    29                           	psect	text16,global,reloc=2,class=CODE,delta=1
    30                           	psect	text17,global,reloc=2,class=CODE,delta=1
    31                           	psect	text18,global,reloc=2,class=CODE,delta=1
    32                           	psect	text19,global,reloc=2,class=CODE,delta=1
    33                           	psect	text20,global,reloc=2,class=CODE,delta=1
    34                           	psect	text21,global,reloc=2,class=CODE,delta=1
    35                           	psect	text22,global,reloc=2,class=CODE,delta=1
    36                           	psect	intsave_regs,global,class=BIGRAM,space=1,delta=1,noexec
    37                           	psect	text23,global,reloc=2,class=CODE,delta=1
    38                           	psect	rparam,global,class=COMRAM,space=1,delta=1,noexec
    39                           	psect	temp,global,ovrld,common,class=COMRAM,space=1,delta=1
    40                           	psect	idloc,global,abs,ovrld,class=IDLOC,space=5,delta=1,noexec
    41                           	psect	config,global,abs,ovrld,class=CONFIG,space=4,delta=1,noexec
    42   000000                     
    43                           ; Version 2.40
    44                           ; Generated 17/11/2021 GMT
    45                           ; 
    46                           ; Copyright © 2021, Microchip Technology Inc. and its subsidiaries ("Microchip")
    47                           ; All rights reserved.
    48                           ; 
    49                           ; This software is developed by Microchip Technology Inc. and its subsidiaries ("Microch
      +                          ip").
    50                           ; 
    51                           ; Redistribution and use in source and binary forms, with or without modification, are
    52                           ; permitted provided that the following conditions are met:
    53                           ; 
    54                           ;     1. Redistributions of source code must retain the above copyright notice, this lis
      +                          t of
    55                           ;        conditions and the following disclaimer.
    56                           ; 
    57                           ;     2. Redistributions in binary form must reproduce the above copyright notice, this 
      +                          list
    58                           ;        of conditions and the following disclaimer in the documentation and/or other
    59                           ;        materials provided with the distribution. Publication is not required when
    60                           ;        this file is used in an embedded application.
    61                           ; 
    62                           ;     3. Microchip's name may not be used to endorse or promote products derived from th
      +                          is
    63                           ;        software without specific prior written permission.
    64                           ; 
    65                           ; THIS SOFTWARE IS PROVIDED BY MICROCHIP "AS IS" AND ANY EXPRESS OR IMPLIED WARRANTIES,
    66                           ; INCLUDING, BUT NOT LIMITED TO, THE IMPLIED WARRANTIES OF MERCHANTABILITY AND FITNESS F
      +                          OR
    67                           ; PURPOSE ARE DISCLAIMED.  IN NO EVENT SHALL MICROCHIP BE LIABLE FOR ANY DIRECT, INDIREC
      +                          T,
    68                           ; INCIDENTAL, SPECIAL, EXEMPLARY, OR CONSEQUENTIAL DAMAGES (INCLUDING BUT NOT LIMITED TO
    69                           ; PROCUREMENT OF SUBSTITUTE GOODS OR SERVICES; LOSS OF USE, DATA OR PROFITS; OR BUSINESS
    70                           ; INTERRUPTION) HOWSOEVER CAUSED AND ON ANY THEORY OF LIABILITY, WHETHER IN CONTRACT, ST
      +                          RICT
    71                           ; LIABILITY, OR TORT (INCLUDING NEGLIGENCE OR OTHERWISE) ARISING IN ANY WAY OUT OF THE U
      +                          SE OF
    72                           ; THIS SOFTWARE, EVEN IF ADVISED OF THE POSSIBILITY OF SUCH DAMAGE.
    73                           ; 
    74                           ; 
    75                           ; Code-generator required, PIC18F4620 Definitions
    76                           ; 
    77                           ; SFR Addresses
    78   000000                     
    79                           	psect	idataCOMRAM
    80   0019D2                     __pidataCOMRAM:
    81                           	callstack 0
    82                           
    83                           ;initializer for _port_registers
    84   0019D2  80                 	db	128
    85   0019D3  0F                 	db	15
    86   0019D4  81                 	db	129
    87   0019D5  0F                 	db	15
    88   0019D6  82                 	db	130
    89   0019D7  0F                 	db	15
    90   0019D8  83                 	db	131
    91   0019D9  0F                 	db	15
    92   0019DA  84                 	db	132
    93   0019DB  0F                 	db	15
    94                           
    95                           ;initializer for _lat_registers
    96   0019DC  89                 	db	137
    97   0019DD  0F                 	db	15
    98   0019DE  8A                 	db	138
    99   0019DF  0F                 	db	15
   100   0019E0  8B                 	db	139
   101   0019E1  0F                 	db	15
   102   0019E2  8C                 	db	140
   103   0019E3  0F                 	db	15
   104   0019E4  8D                 	db	141
   105   0019E5  0F                 	db	15
   106                           
   107                           ;initializer for _tris_registers
   108   0019E6  92                 	db	146
   109   0019E7  0F                 	db	15
   110   0019E8  93                 	db	147
   111   0019E9  0F                 	db	15
   112   0019EA  94                 	db	148
   113   0019EB  0F                 	db	15
   114   0019EC  95                 	db	149
   115   0019ED  0F                 	db	15
   116   0019EE  96                 	db	150
   117   0019EF  0F                 	db	15
   118                           
   119                           ;initializer for _keypad1
   120   0019F0  02                 	db	2
   121   0019F1  0A                 	db	10
   122   0019F2  12                 	db	18
   123   0019F3  1A                 	db	26
   124   0019F4  62                 	db	98
   125   0019F5  6A                 	db	106
   126   0019F6  72                 	db	114
   127   0019F7  7A                 	db	122
   128                           
   129                           ;initializer for _lcd_1
   130   0019F8  02                 	db	2
   131   0019F9  0A                 	db	10
   132   0019FA  12                 	db	18
   133   0019FB  1A                 	db	26
   134   0019FC  22                 	db	34
   135   0019FD  2A                 	db	42
   136                           
   137                           ;initializer for _RB7_Flag
   138   0019FE  01                 	db	1
   139                           
   140                           ;initializer for _RB6_Flag
   141   0019FF  01                 	db	1
   142                           
   143                           ;initializer for _RB5_Flag
   144   001A00  01                 	db	1
   145                           
   146                           ;initializer for _RB4_Flag
   147   001A01  01                 	db	1
   148                           
   149                           ;initializer for _timer0
   150   001A02  DE                 	db	low _Timer0_DefaultInterruptHandler
   151   001A03  1A                 	db	high _Timer0_DefaultInterruptHandler
   152   001A04  00                 	db	0
   153   001A05  03                 	db	3
   154   001A06  0BDC               	dw	3036
   155   001A08  05                 	db	5
   156                           
   157                           ;initializer for _led1
   158   001A09  02                 	db	2
   159                           
   160                           	psect	smallconst
   161   001000                     __psmallconst:
   162                           	callstack 0
   163   001000  00                 	db	0
   164   001001  37                 	db	55
   165   001002  38                 	db	56
   166   001003  39                 	db	57
   167   001004  2F                 	db	47
   168   001005  34                 	db	52
   169   001006  35                 	db	53
   170   001007  36                 	db	54
   171   001008  2A                 	db	42
   172   001009  31                 	db	49
   173   00100A  32                 	db	50
   174   00100B  33                 	db	51
   175   00100C  2D                 	db	45
   176   00100D  23                 	db	35
   177   00100E  30                 	db	48
   178   00100F  3D                 	db	61
   179   001010  2B                 	db	43
   180   001011                     __end_of_btn_values:
   181                           	callstack 0
   182   000000                     _TMR1L	set	4046
   183   000000                     _TMR1H	set	4047
   184   000000                     _TMR0L	set	4054
   185   000000                     _TMR0H	set	4055
   186   000000                     _INTCON2bits	set	4081
   187   000000                     _EECON2	set	4007
   188   000000                     _ADCON1bits	set	4033
   189   000000                     _ADRESL	set	4035
   190   000000                     _ADRESH	set	4036
   191   000000                     _INTCONbits	set	4082
   192   000000                     _TRISD	set	3989
   193   000000                     _TRISC	set	3988
   194   000000                     _TRISB	set	3987
   195   000000                     _TRISE	set	3990
   196   000000                     _PORTBbits	set	3969
   197   000000                     _PIE1bits	set	3997
   198   000000                     _ADCON2bits	set	4032
   199   000000                     _ADCON0bits	set	4034
   200   000000                     _PORTE	set	3972
   201   000000                     _PORTD	set	3971
   202   000000                     _PORTC	set	3970
   203   000000                     _PORTB	set	3969
   204   000000                     _PORTA	set	3968
   205   000000                     _LATA	set	3977
   206   000000                     _TRISA	set	3986
   207   000000                     _EECON1bits	set	4006
   208   000000                     _EEDATA	set	4008
   209   000000                     _EEADR	set	4009
   210   000000                     _EEADRH	set	4010
   211   000000                     _PIR1bits	set	3998
   212   000000                     _T1CONbits	set	4045
   213   000000                     _T0CONbits	set	4053
   214   000000                     _INTCON3bits	set	4080
   215   000000                     _LATE	set	3981
   216   000000                     _LATD	set	3980
   217   000000                     _LATC	set	3979
   218   000000                     _LATB	set	3978
   219   001011                     STR_1:
   220   001011  25                 	db	37
   221   001012  69                 	db	105	;'i'
   222   001013  00                 	db	0
   223   001014  00                 	db	0	; dummy byte at the end
   224   000000                     
   225                           ; #config settings
   226                           
   227                           	psect	cinit
   228   001A0A                     __pcinit:
   229                           	callstack 0
   230   001A0A                     start_initialization:
   231                           	callstack 0
   232   001A0A                     __initialization:
   233                           	callstack 0
   234                           
   235                           ; Initialize objects allocated to COMRAM (56 bytes)
   236                           ; load TBLPTR registers with __pidataCOMRAM
   237   001A0A  0ED2               	movlw	low __pidataCOMRAM
   238   001A0C  6EF6               	movwf	tblptrl,c
   239   001A0E  0E19               	movlw	high __pidataCOMRAM
   240   001A10  6EF7               	movwf	tblptrh,c
   241   001A12  0E00               	movlw	low (__pidataCOMRAM shr (0+16))
   242   001A14  6EF8               	movwf	tblptru,c
   243   001A16  EE00  F001         	lfsr	0,__pdataCOMRAM
   244   001A1A  EE10 F038          	lfsr	1,56
   245   001A1E                     copy_data0:
   246   001A1E  0009               	tblrd		*+
   247   001A20  CFF5 FFEE          	movff	tablat,postinc0
   248   001A24  50E5               	movf	postdec1,w,c
   249   001A26  50E1               	movf	fsr1l,w,c
   250   001A28  E1FA               	bnz	copy_data0
   251                           
   252                           ; Clear objects allocated to COMRAM (46 bytes)
   253   001A2A  EE00  F039         	lfsr	0,__pbssCOMRAM
   254   001A2E  0E2E               	movlw	46
   255   001A30                     clear_0:
   256   001A30  6AEE               	clrf	postinc0,c
   257   001A32  06E8               	decf	wreg,f,c
   258   001A34  E1FD               	bnz	clear_0
   259   001A36                     end_of_initialization:
   260                           	callstack 0
   261   001A36                     __end_of__initialization:
   262                           	callstack 0
   263   001A36  907B               	bcf	int$flags,0,c	;clear compiler interrupt flag (level 1)
   264   001A38  927B               	bcf	int$flags,1,c	;clear compiler interrupt flag (level 2)
   265   001A3A  0100               	movlb	0
   266   001A3C  EFA4  F00C         	goto	_main	;jump to C main() function
   267                           
   268                           	psect	bssCOMRAM
   269   000039                     __pbssCOMRAM:
   270                           	callstack 0
   271   000039                     	ds	6
   272   00003F                     _timer1_preload:
   273                           	callstack 0
   274   00003F                     	ds	2
   275   000041                     _TMR1_InterruptHandler:
   276                           	callstack 0
   277   000041                     	ds	2
   278   000043                     _timer0_preload:
   279                           	callstack 0
   280   000043                     	ds	2
   281   000045                     _TMR0_InterruptHandler:
   282                           	callstack 0
   283   000045                     	ds	2
   284   000047                     _RB7_InterruptHandler_LOW:
   285                           	callstack 0
   286   000047                     	ds	2
   287   000049                     _RB7_InterruptHandler_HIGH:
   288                           	callstack 0
   289   000049                     	ds	2
   290   00004B                     _RB6_InterruptHandler_LOW:
   291                           	callstack 0
   292   00004B                     	ds	2
   293   00004D                     _RB6_InterruptHandler_HIGH:
   294                           	callstack 0
   295   00004D                     	ds	2
   296   00004F                     _RB5_InterruptHandler_LOW:
   297                           	callstack 0
   298   00004F                     	ds	2
   299   000051                     _RB5_InterruptHandler_HIGH:
   300                           	callstack 0
   301   000051                     	ds	2
   302   000053                     _RB4_InterruptHandler_LOW:
   303                           	callstack 0
   304   000053                     	ds	2
   305   000055                     _RB4_InterruptHandler_HIGH:
   306                           	callstack 0
   307   000055                     	ds	2
   308   000057                     _INT2_InterruptHandler:
   309                           	callstack 0
   310   000057                     	ds	2
   311   000059                     _INT1_InterruptHandler:
   312                           	callstack 0
   313   000059                     	ds	2
   314   00005B                     _INT0_InterruptHandler:
   315                           	callstack 0
   316   00005B                     	ds	2
   317   00005D                     _ADC_InterruptHandler:
   318                           	callstack 0
   319   00005D                     	ds	2
   320   00005F                     _timer0_1000ms:
   321                           	callstack 0
   322   00005F                     	ds	1
   323   000060                     relay_off@F3049:
   324                           	callstack 0
   325   000060                     	ds	1
   326   000061                     relay_on@F3044:
   327                           	callstack 0
   328   000061                     	ds	1
   329   000062                     relay_initialize@F3039:
   330                           	callstack 0
   331   000062                     	ds	1
   332   000063                     led_turn_toggle@F3060:
   333                           	callstack 0
   334   000063                     	ds	1
   335   000064                     led_turn_off@F3055:
   336                           	callstack 0
   337   000064                     	ds	1
   338   000065                     led_turn_on@F3050:
   339                           	callstack 0
   340   000065                     	ds	1
   341   000066                     led_initialize@F3045:
   342                           	callstack 0
   343   000066                     	ds	1
   344                           
   345                           	psect	dataCOMRAM
   346   000001                     __pdataCOMRAM:
   347                           	callstack 0
   348   000001                     _port_registers:
   349                           	callstack 0
   350   000001                     	ds	10
   351   00000B                     _lat_registers:
   352                           	callstack 0
   353   00000B                     	ds	10
   354   000015                     _tris_registers:
   355                           	callstack 0
   356   000015                     	ds	10
   357   00001F                     _keypad1:
   358                           	callstack 0
   359   00001F                     	ds	8
   360   000027                     _lcd_1:
   361                           	callstack 0
   362   000027                     	ds	6
   363   00002D                     _RB7_Flag:
   364                           	callstack 0
   365   00002D                     	ds	1
   366   00002E                     _RB6_Flag:
   367                           	callstack 0
   368   00002E                     	ds	1
   369   00002F                     _RB5_Flag:
   370                           	callstack 0
   371   00002F                     	ds	1
   372   000030                     _RB4_Flag:
   373                           	callstack 0
   374   000030                     	ds	1
   375   000031                     _timer0:
   376                           	callstack 0
   377   000031                     	ds	7
   378   000038                     _led1:
   379                           	callstack 0
   380   000038                     	ds	1
   381                           
   382                           	psect	cstackBANK0
   383   000080                     __pcstackBANK0:
   384                           	callstack 0
   385   000080                     led_initialize@ret:
   386                           	callstack 0
   387                           
   388                           ; 1 bytes @ 0x0
   389   000080                     	ds	1
   390   000081                     led_initialize@pin_0bj:
   391                           	callstack 0
   392                           
   393                           ; 1 bytes @ 0x1
   394   000081                     	ds	1
   395                           
   396                           	psect	cstackCOMRAM
   397   000067                     __pcstackCOMRAM:
   398                           	callstack 0
   399   000067                     RB4_ISR@RB4_Source:
   400                           	callstack 0
   401   000067                     RB5_ISR@RB5_Source:
   402                           	callstack 0
   403   000067                     RB6_ISR@RB6_Source:
   404                           	callstack 0
   405   000067                     RB7_ISR@RB7_Source:
   406                           	callstack 0
   407                           
   408                           ; 1 bytes @ 0x0
   409   000067                     	ds	1
   410   000068                     ??_InterruptManager:
   411                           
   412                           ; 1 bytes @ 0x1
   413   000068                     	ds	2
   414   00006A                     gpio_pin_direction_initialize@_pin_config:
   415                           	callstack 0
   416   00006A                     gpio_pin_write_logic@_pin_config:
   417                           	callstack 0
   418   00006A                     gpio_pin_toggle_logic@_pin_config:
   419                           	callstack 0
   420   00006A                     Timer0_Prescaler_Config@_timer:
   421                           	callstack 0
   422   00006A                     Timer0_Mode_Select@_timer:
   423                           	callstack 0
   424   00006A                     Timer0_Register_Size_Config@_timer:
   425                           	callstack 0
   426                           
   427                           ; 2 bytes @ 0x3
   428   00006A                     	ds	2
   429   00006C                     ??_gpio_pin_direction_initialize:
   430   00006C                     ??_gpio_pin_toggle_logic:
   431   00006C                     ??_Timer0_Prescaler_Config:
   432   00006C                     gpio_pin_write_logic@logic:
   433                           	callstack 0
   434                           
   435                           ; 1 bytes @ 0x5
   436   00006C                     	ds	1
   437   00006D                     ??_gpio_pin_write_logic:
   438   00006D                     Timer0_Init@_timer:
   439                           	callstack 0
   440                           
   441                           ; 2 bytes @ 0x6
   442   00006D                     	ds	2
   443   00006F                     ??_Timer0_Init:
   444                           
   445                           ; 1 bytes @ 0x8
   446   00006F                     	ds	2
   447   000071                     Timer0_Init@ret:
   448                           	callstack 0
   449   000071                     led_turn_toggle@led:
   450                           	callstack 0
   451                           
   452                           ; 2 bytes @ 0xA
   453   000071                     	ds	1
   454   000072                     gpio_pin_direction_initialize@ret:
   455                           	callstack 0
   456                           
   457                           ; 1 bytes @ 0xB
   458   000072                     	ds	1
   459   000073                     ??_led_turn_toggle:
   460   000073                     gpio_pin_write_logic@ret:
   461                           	callstack 0
   462                           
   463                           ; 1 bytes @ 0xC
   464   000073                     	ds	1
   465   000074                     led_turn_toggle@pin_0bj:
   466                           	callstack 0
   467   000074                     led_turn_on@led:
   468                           	callstack 0
   469   000074                     gpio_pin_initialize@_pin_config:
   470                           	callstack 0
   471                           
   472                           ; 2 bytes @ 0xD
   473   000074                     	ds	2
   474   000076                     ??_gpio_pin_initialize:
   475   000076                     ??_led_turn_on:
   476                           
   477                           ; 1 bytes @ 0xF
   478   000076                     	ds	1
   479   000077                     led_turn_on@ret:
   480                           	callstack 0
   481   000077                     gpio_pin_initialize@ret:
   482                           	callstack 0
   483                           
   484                           ; 1 bytes @ 0x10
   485   000077                     	ds	1
   486   000078                     led_turn_on@pin_0bj:
   487                           	callstack 0
   488   000078                     led_initialize@led:
   489                           	callstack 0
   490                           
   491                           ; 2 bytes @ 0x11
   492   000078                     	ds	2
   493   00007A                     ??_led_initialize:
   494                           
   495                           ; 1 bytes @ 0x13
   496   00007A                     	ds	1
   497   00007B                     
   498                           ; 1 bytes @ 0x14
   499 ;;
   500 ;;Main: autosize = 0, tempsize = 0, incstack = 0, save=0
   501 ;;
   502 ;; *************** function _main *****************
   503 ;; Defined at:
   504 ;;		line 27 in file "application.c"
   505 ;; Parameters:    Size  Location     Type
   506 ;;		None
   507 ;; Auto vars:     Size  Location     Type
   508 ;;  ret             1    0        unsigned char 
   509 ;; Return value:  Size  Location     Type
   510 ;;                  2  971[None  ] int 
   511 ;; Registers used:
   512 ;;		wreg, fsr2l, fsr2h, status,2, status,0, prodl, prodh, cstack
   513 ;; Tracked objects:
   514 ;;		On entry : 0/0
   515 ;;		On exit  : 0/0
   516 ;;		Unchanged: 0/0
   517 ;; Data sizes:     COMRAM   BANK0   BANK1   BANK2   BANK3   BANK4   BANK5   BANK6   BANK7   BANK8   BANK9  BANK10  BANK1
      +1  BANK12  BANK13  BANK14  BANK15
   518 ;;      Params:         0       0       0       0       0       0       0       0       0       0       0       0       
      +0       0       0       0       0
   519 ;;      Locals:         0       0       0       0       0       0       0       0       0       0       0       0       
      +0       0       0       0       0
   520 ;;      Temps:          0       0       0       0       0       0       0       0       0       0       0       0       
      +0       0       0       0       0
   521 ;;      Totals:         0       0       0       0       0       0       0       0       0       0       0       0       
      +0       0       0       0       0
   522 ;;Total ram usage:        0 bytes
   523 ;; Hardware stack levels required when called: 6
   524 ;; This function calls:
   525 ;;		_Timer0_Init
   526 ;;		_led_initialize
   527 ;;		_led_turn_on
   528 ;;		_led_turn_toggle
   529 ;; This function is called by:
   530 ;;		Startup code after reset
   531 ;; This function uses a non-reentrant model
   532 ;;
   533                           
   534                           	psect	text0
   535   001948                     __ptext0:
   536                           	callstack 0
   537   001948                     _main:
   538                           	callstack 25
   539   001948  0E38               	movlw	low _led1
   540   00194A  6E78               	movwf	led_initialize@led^0,c
   541   00194C  0E00               	movlw	high _led1
   542   00194E  6E79               	movwf	(led_initialize@led+1)^0,c
   543   001950  EC49  F00B         	call	_led_initialize	;wreg free
   544   001954  0E38               	movlw	low _led1
   545   001956  6E74               	movwf	led_turn_on@led^0,c
   546   001958  0E00               	movlw	high _led1
   547   00195A  6E75               	movwf	(led_turn_on@led+1)^0,c
   548   00195C  EC8A  F00B         	call	_led_turn_on	;wreg free
   549   001960  0E31               	movlw	low _timer0
   550   001962  6E6D               	movwf	Timer0_Init@_timer^0,c
   551   001964  0E00               	movlw	high _timer0
   552   001966  6E6E               	movwf	(Timer0_Init@_timer+1)^0,c
   553   001968  ECAE  F00A         	call	_Timer0_Init	;wreg free
   554   00196C                     l5092:
   555                           
   556                           ;application.c: 34:           if(timer0_1000ms == 1){
   557   00196C  045F               	decf	_timer0_1000ms^0,w,c	;volatile
   558   00196E  A4D8               	btfss	status,2,c
   559   001970  EFBC  F00C         	goto	u3571
   560   001974  EFBE  F00C         	goto	u3570
   561   001978                     u3571:
   562   001978  EFB6  F00C         	goto	l5092
   563   00197C                     u3570:
   564   00197C                     
   565                           ;application.c: 35:             timer0_1000ms = 0;
   566   00197C  0E00               	movlw	0
   567   00197E  6E5F               	movwf	_timer0_1000ms^0,c	;volatile
   568   001980                     
   569                           ;application.c: 36:             led_turn_toggle(&led1);
   570   001980  0E38               	movlw	low _led1
   571   001982  6E71               	movwf	led_turn_toggle@led^0,c
   572   001984  0E00               	movlw	high _led1
   573   001986  6E72               	movwf	(led_turn_toggle@led+1)^0,c
   574   001988  EC09  F00C         	call	_led_turn_toggle	;wreg free
   575                           
   576                           ;application.c: 37:              }
   577   00198C  EFB6  F00C         	goto	l5092
   578   001990  EF07  F000         	goto	start
   579   001994                     __end_of_main:
   580                           	callstack 0
   581                           
   582 ;; *************** function _led_turn_toggle *****************
   583 ;; Defined at:
   584 ;;		line 81 in file "ECU_layer/LED/ecu_led.c"
   585 ;; Parameters:    Size  Location     Type
   586 ;;  led             2   10[COMRAM] PTR const struct .
   587 ;;		 -> led1(1), 
   588 ;; Auto vars:     Size  Location     Type
   589 ;;  pin_0bj         1   13[COMRAM] struct .
   590 ;;  ret             1    0        unsigned char 
   591 ;; Return value:  Size  Location     Type
   592 ;;                  1    wreg      unsigned char 
   593 ;; Registers used:
   594 ;;		wreg, fsr2l, fsr2h, status,2, status,0, prodl, prodh, cstack
   595 ;; Tracked objects:
   596 ;;		On entry : 0/0
   597 ;;		On exit  : 0/0
   598 ;;		Unchanged: 0/0
   599 ;; Data sizes:     COMRAM   BANK0   BANK1   BANK2   BANK3   BANK4   BANK5   BANK6   BANK7   BANK8   BANK9  BANK10  BANK1
      +1  BANK12  BANK13  BANK14  BANK15
   600 ;;      Params:         2       0       0       0       0       0       0       0       0       0       0       0       
      +0       0       0       0       0
   601 ;;      Locals:         1       0       0       0       0       0       0       0       0       0       0       0       
      +0       0       0       0       0
   602 ;;      Temps:          1       0       0       0       0       0       0       0       0       0       0       0       
      +0       0       0       0       0
   603 ;;      Totals:         4       0       0       0       0       0       0       0       0       0       0       0       
      +0       0       0       0       0
   604 ;;Total ram usage:        4 bytes
   605 ;; Hardware stack levels used: 1
   606 ;; Hardware stack levels required when called: 4
   607 ;; This function calls:
   608 ;;		_gpio_pin_toggle_logic
   609 ;; This function is called by:
   610 ;;		_main
   611 ;; This function uses a non-reentrant model
   612 ;;
   613                           
   614                           	psect	text1
   615   001812                     __ptext1:
   616                           	callstack 0
   617   001812                     _led_turn_toggle:
   618                           	callstack 26
   619   001812                     
   620                           ;ECU_layer/LED/ecu_led.c: 83:     if(((void*)0) == led) {
   621   001812  5071               	movf	led_turn_toggle@led^0,w,c
   622   001814  1072               	iorwf	(led_turn_toggle@led+1)^0,w,c
   623   001816  A4D8               	btfss	status,2,c
   624   001818  EF10  F00C         	goto	u2451
   625   00181C  EF12  F00C         	goto	u2450
   626   001820                     u2451:
   627   001820  EF14  F00C         	goto	l291
   628   001824                     u2450:
   629   001824                     
   630                           ;ECU_layer/LED/ecu_led.c: 85:     }
   631   001824  EF41  F00C         	goto	l295
   632   001828                     l291:
   633                           
   634                           ;ECU_layer/LED/ecu_led.c: 87:       pin_config_t pin_0bj={.port = led->port_name,
   635   001828  C063  F074         	movff	led_turn_toggle@F3060,led_turn_toggle@pin_0bj
   636   00182C  C071  FFD9         	movff	led_turn_toggle@led,fsr2l
   637   001830  C072  FFDA         	movff	led_turn_toggle@led+1,fsr2h
   638   001834  50DF               	movf	223,w,c
   639   001836  0B0F               	andlw	15
   640   001838  6E73               	movwf	??_led_turn_toggle^0,c
   641   00183A  5074               	movf	led_turn_toggle@pin_0bj^0,w,c
   642   00183C  1873               	xorwf	??_led_turn_toggle^0,w,c
   643   00183E  0BF8               	andlw	-8
   644   001840  1873               	xorwf	??_led_turn_toggle^0,w,c
   645   001842  6E74               	movwf	led_turn_toggle@pin_0bj^0,c
   646   001844  C071  FFD9         	movff	led_turn_toggle@led,fsr2l
   647   001848  C072  FFDA         	movff	led_turn_toggle@led+1,fsr2h
   648   00184C  38DF               	swapf	223,w,c
   649   00184E  0B07               	andlw	7
   650   001850  6E73               	movwf	??_led_turn_toggle^0,c
   651   001852  4673               	rlncf	??_led_turn_toggle^0,f,c
   652   001854  4673               	rlncf	??_led_turn_toggle^0,f,c
   653   001856  4673               	rlncf	??_led_turn_toggle^0,f,c
   654   001858  5074               	movf	led_turn_toggle@pin_0bj^0,w,c
   655   00185A  1873               	xorwf	??_led_turn_toggle^0,w,c
   656   00185C  0BC7               	andlw	-57
   657   00185E  1873               	xorwf	??_led_turn_toggle^0,w,c
   658   001860  6E74               	movwf	led_turn_toggle@pin_0bj^0,c
   659   001862  9C74               	bcf	led_turn_toggle@pin_0bj^0,6,c
   660   001864  C071  FFD9         	movff	led_turn_toggle@led,fsr2l
   661   001868  C072  FFDA         	movff	led_turn_toggle@led+1,fsr2h
   662   00186C  AEDF               	btfss	indf2,7,c
   663   00186E  D002               	bra	u2465
   664   001870  8E74               	bsf	led_turn_toggle@pin_0bj^0,7,c
   665   001872  D001               	bra	u2467
   666   001874                     u2465:
   667   001874  9E74               	bcf	led_turn_toggle@pin_0bj^0,7,c
   668   001876                     u2467:
   669   001876                     
   670                           ;ECU_layer/LED/ecu_led.c: 92:       gpio_pin_toggle_logic(&pin_0bj);
   671   001876  0E74               	movlw	low led_turn_toggle@pin_0bj
   672   001878  6E6A               	movwf	gpio_pin_toggle_logic@_pin_config^0,c
   673   00187A  0E00               	movlw	high led_turn_toggle@pin_0bj
   674   00187C  6E6B               	movwf	(gpio_pin_toggle_logic@_pin_config+1)^0,c
   675   00187E  EC00  F00B         	call	_gpio_pin_toggle_logic	;wreg free
   676   001882                     l295:
   677   001882  0012               	return		;funcret
   678   001884                     __end_of_led_turn_toggle:
   679                           	callstack 0
   680                           
   681 ;; *************** function _gpio_pin_toggle_logic *****************
   682 ;; Defined at:
   683 ;;		line 137 in file "MCAL_layer/GPIO/hal_gpio.c"
   684 ;; Parameters:    Size  Location     Type
   685 ;;  _pin_config     2    3[COMRAM] PTR const struct .
   686 ;;		 -> led_turn_toggle@pin_0bj(1), 
   687 ;; Auto vars:     Size  Location     Type
   688 ;;  ret             1    0        unsigned char 
   689 ;; Return value:  Size  Location     Type
   690 ;;                  1    wreg      unsigned char 
   691 ;; Registers used:
   692 ;;		wreg, fsr2l, fsr2h, status,2, status,0, prodl, prodh
   693 ;; Tracked objects:
   694 ;;		On entry : 0/0
   695 ;;		On exit  : 0/0
   696 ;;		Unchanged: 0/0
   697 ;; Data sizes:     COMRAM   BANK0   BANK1   BANK2   BANK3   BANK4   BANK5   BANK6   BANK7   BANK8   BANK9  BANK10  BANK1
      +1  BANK12  BANK13  BANK14  BANK15
   698 ;;      Params:         2       0       0       0       0       0       0       0       0       0       0       0       
      +0       0       0       0       0
   699 ;;      Locals:         0       0       0       0       0       0       0       0       0       0       0       0       
      +0       0       0       0       0
   700 ;;      Temps:          5       0       0       0       0       0       0       0       0       0       0       0       
      +0       0       0       0       0
   701 ;;      Totals:         7       0       0       0       0       0       0       0       0       0       0       0       
      +0       0       0       0       0
   702 ;;Total ram usage:        7 bytes
   703 ;; Hardware stack levels used: 1
   704 ;; Hardware stack levels required when called: 3
   705 ;; This function calls:
   706 ;;		Nothing
   707 ;; This function is called by:
   708 ;;		_led_turn_toggle
   709 ;; This function uses a non-reentrant model
   710 ;;
   711                           
   712                           	psect	text2
   713   001600                     __ptext2:
   714                           	callstack 0
   715   001600                     _gpio_pin_toggle_logic:
   716                           	callstack 26
   717   001600                     
   718                           ;MCAL_layer/GPIO/hal_gpio.c: 140: if(((void*)0) ==_pin_config || _pin_config ->pin > (8 
      +                          -1)) {
   719   001600  506A               	movf	gpio_pin_toggle_logic@_pin_config^0,w,c
   720   001602  106B               	iorwf	(gpio_pin_toggle_logic@_pin_config+1)^0,w,c
   721   001604  B4D8               	btfsc	status,2,c
   722   001606  EF07  F00B         	goto	u2221
   723   00160A  EF09  F00B         	goto	u2220
   724   00160E                     u2221:
   725   00160E  EF1A  F00B         	goto	l3618
   726   001612                     u2220:
   727   001612  C06A  FFD9         	movff	gpio_pin_toggle_logic@_pin_config,fsr2l
   728   001616  C06B  FFDA         	movff	gpio_pin_toggle_logic@_pin_config+1,fsr2h
   729   00161A  30DF               	rrcf	223,w,c
   730   00161C  32E8               	rrcf	wreg,f,c
   731   00161E  32E8               	rrcf	wreg,f,c
   732   001620  0B07               	andlw	7
   733   001622  6E6C               	movwf	??_gpio_pin_toggle_logic^0,c
   734   001624  0E07               	movlw	7
   735   001626  646C               	cpfsgt	??_gpio_pin_toggle_logic^0,c
   736   001628  EF18  F00B         	goto	u2231
   737   00162C  EF1A  F00B         	goto	u2230
   738   001630                     u2231:
   739   001630  EF1C  F00B         	goto	l3620
   740   001634                     u2230:
   741   001634                     l3618:
   742                           
   743                           ;MCAL_layer/GPIO/hal_gpio.c: 142:     }
   744   001634  EF48  F00B         	goto	l570
   745   001638                     l3620:
   746                           
   747                           ;MCAL_layer/GPIO/hal_gpio.c: 144:     ( *lat_registers[_pin_config->port] ^= ((uint8)1<<
      +                          _pin_config->pin) );
   748   001638  C06A  FFD9         	movff	gpio_pin_toggle_logic@_pin_config,fsr2l
   749   00163C  C06B  FFDA         	movff	gpio_pin_toggle_logic@_pin_config+1,fsr2h
   750   001640  30DF               	rrcf	223,w,c
   751   001642  32E8               	rrcf	wreg,f,c
   752   001644  32E8               	rrcf	wreg,f,c
   753   001646  0B07               	andlw	7
   754   001648  6E6C               	movwf	??_gpio_pin_toggle_logic^0,c
   755   00164A  0E01               	movlw	1
   756   00164C  6E6D               	movwf	(??_gpio_pin_toggle_logic+1)^0,c
   757   00164E  2A6C               	incf	??_gpio_pin_toggle_logic^0,f,c
   758   001650  EF2C  F00B         	goto	u2244
   759   001654                     u2245:
   760   001654  90D8               	bcf	status,0,c
   761   001656  366D               	rlcf	(??_gpio_pin_toggle_logic+1)^0,f,c
   762   001658                     u2244:
   763   001658  2E6C               	decfsz	??_gpio_pin_toggle_logic^0,f,c
   764   00165A  EF2A  F00B         	goto	u2245
   765   00165E  C06A  FFD9         	movff	gpio_pin_toggle_logic@_pin_config,fsr2l
   766   001662  C06B  FFDA         	movff	gpio_pin_toggle_logic@_pin_config+1,fsr2h
   767   001666  50DF               	movf	223,w,c
   768   001668  0B07               	andlw	7
   769   00166A  6E6E               	movwf	(??_gpio_pin_toggle_logic+2)^0,c
   770   00166C  506E               	movf	(??_gpio_pin_toggle_logic+2)^0,w,c
   771   00166E  0D02               	mullw	2
   772   001670  0E0B               	movlw	low _lat_registers
   773   001672  24F3               	addwf	243,w,c
   774   001674  6ED9               	movwf	fsr2l,c
   775   001676  0E00               	movlw	high _lat_registers
   776   001678  20F4               	addwfc	prodh,w,c
   777   00167A  6EDA               	movwf	fsr2h,c
   778   00167C  CFDE F06F          	movff	postinc2,??_gpio_pin_toggle_logic+3
   779   001680  CFDD F070          	movff	postdec2,??_gpio_pin_toggle_logic+4
   780   001684  C06F  FFD9         	movff	??_gpio_pin_toggle_logic+3,fsr2l
   781   001688  C070  FFDA         	movff	??_gpio_pin_toggle_logic+4,fsr2h
   782   00168C  506D               	movf	(??_gpio_pin_toggle_logic+1)^0,w,c
   783   00168E  1ADF               	xorwf	indf2,f,c
   784   001690                     l570:
   785   001690  0012               	return		;funcret
   786   001692                     __end_of_gpio_pin_toggle_logic:
   787                           	callstack 0
   788                           
   789 ;; *************** function _led_turn_on *****************
   790 ;; Defined at:
   791 ;;		line 37 in file "ECU_layer/LED/ecu_led.c"
   792 ;; Parameters:    Size  Location     Type
   793 ;;  led             2   13[COMRAM] PTR const struct .
   794 ;;		 -> led1(1), 
   795 ;; Auto vars:     Size  Location     Type
   796 ;;  pin_0bj         1   17[COMRAM] struct .
   797 ;;  ret             1   16[COMRAM] unsigned char 
   798 ;; Return value:  Size  Location     Type
   799 ;;                  1    wreg      unsigned char 
   800 ;; Registers used:
   801 ;;		wreg, fsr2l, fsr2h, status,2, status,0, prodl, prodh, cstack
   802 ;; Tracked objects:
   803 ;;		On entry : 0/0
   804 ;;		On exit  : 0/0
   805 ;;		Unchanged: 0/0
   806 ;; Data sizes:     COMRAM   BANK0   BANK1   BANK2   BANK3   BANK4   BANK5   BANK6   BANK7   BANK8   BANK9  BANK10  BANK1
      +1  BANK12  BANK13  BANK14  BANK15
   807 ;;      Params:         2       0       0       0       0       0       0       0       0       0       0       0       
      +0       0       0       0       0
   808 ;;      Locals:         2       0       0       0       0       0       0       0       0       0       0       0       
      +0       0       0       0       0
   809 ;;      Temps:          1       0       0       0       0       0       0       0       0       0       0       0       
      +0       0       0       0       0
   810 ;;      Totals:         5       0       0       0       0       0       0       0       0       0       0       0       
      +0       0       0       0       0
   811 ;;Total ram usage:        5 bytes
   812 ;; Hardware stack levels used: 1
   813 ;; Hardware stack levels required when called: 4
   814 ;; This function calls:
   815 ;;		_gpio_pin_write_logic
   816 ;; This function is called by:
   817 ;;		_main
   818 ;; This function uses a non-reentrant model
   819 ;;
   820                           
   821                           	psect	text3
   822   001714                     __ptext3:
   823                           	callstack 0
   824   001714                     _led_turn_on:
   825                           	callstack 26
   826   001714                     
   827                           ;ECU_layer/LED/ecu_led.c: 38:        Std_ReturnType ret = (Std_ReturnType)0x01;
   828   001714  0E01               	movlw	1
   829   001716  6E77               	movwf	led_turn_on@ret^0,c
   830   001718                     
   831                           ;ECU_layer/LED/ecu_led.c: 39:     if(((void*)0) == led) {
   832   001718  5074               	movf	led_turn_on@led^0,w,c
   833   00171A  1075               	iorwf	(led_turn_on@led+1)^0,w,c
   834   00171C  A4D8               	btfss	status,2,c
   835   00171E  EF93  F00B         	goto	u3151
   836   001722  EF95  F00B         	goto	u3150
   837   001726                     u3151:
   838   001726  EF99  F00B         	goto	l277
   839   00172A                     u3150:
   840   00172A                     
   841                           ;ECU_layer/LED/ecu_led.c: 40:         ret = (Std_ReturnType)0x00;
   842   00172A  0E00               	movlw	0
   843   00172C  6E77               	movwf	led_turn_on@ret^0,c
   844                           
   845                           ;ECU_layer/LED/ecu_led.c: 41:     }
   846   00172E  EFC8  F00B         	goto	l4586
   847   001732                     l277:
   848                           
   849                           ;ECU_layer/LED/ecu_led.c: 43:        pin_config_t pin_0bj={.port = led->port_name,
   850   001732  C065  F078         	movff	led_turn_on@F3050,led_turn_on@pin_0bj
   851   001736  C074  FFD9         	movff	led_turn_on@led,fsr2l
   852   00173A  C075  FFDA         	movff	led_turn_on@led+1,fsr2h
   853   00173E  50DF               	movf	223,w,c
   854   001740  0B0F               	andlw	15
   855   001742  6E76               	movwf	??_led_turn_on^0,c
   856   001744  5078               	movf	led_turn_on@pin_0bj^0,w,c
   857   001746  1876               	xorwf	??_led_turn_on^0,w,c
   858   001748  0BF8               	andlw	-8
   859   00174A  1876               	xorwf	??_led_turn_on^0,w,c
   860   00174C  6E78               	movwf	led_turn_on@pin_0bj^0,c
   861   00174E  C074  FFD9         	movff	led_turn_on@led,fsr2l
   862   001752  C075  FFDA         	movff	led_turn_on@led+1,fsr2h
   863   001756  38DF               	swapf	223,w,c
   864   001758  0B07               	andlw	7
   865   00175A  6E76               	movwf	??_led_turn_on^0,c
   866   00175C  4676               	rlncf	??_led_turn_on^0,f,c
   867   00175E  4676               	rlncf	??_led_turn_on^0,f,c
   868   001760  4676               	rlncf	??_led_turn_on^0,f,c
   869   001762  5078               	movf	led_turn_on@pin_0bj^0,w,c
   870   001764  1876               	xorwf	??_led_turn_on^0,w,c
   871   001766  0BC7               	andlw	-57
   872   001768  1876               	xorwf	??_led_turn_on^0,w,c
   873   00176A  6E78               	movwf	led_turn_on@pin_0bj^0,c
   874   00176C  9C78               	bcf	led_turn_on@pin_0bj^0,6,c
   875   00176E  C074  FFD9         	movff	led_turn_on@led,fsr2l
   876   001772  C075  FFDA         	movff	led_turn_on@led+1,fsr2h
   877   001776  AEDF               	btfss	indf2,7,c
   878   001778  D002               	bra	u3165
   879   00177A  8E78               	bsf	led_turn_on@pin_0bj^0,7,c
   880   00177C  D001               	bra	u3167
   881   00177E                     u3165:
   882   00177E  9E78               	bcf	led_turn_on@pin_0bj^0,7,c
   883   001780                     u3167:
   884   001780                     
   885                           ;ECU_layer/LED/ecu_led.c: 48:         gpio_pin_write_logic(&pin_0bj,GPIO_HIGH);
   886   001780  0E78               	movlw	low led_turn_on@pin_0bj
   887   001782  6E6A               	movwf	gpio_pin_write_logic@_pin_config^0,c
   888   001784  0E00               	movlw	high led_turn_on@pin_0bj
   889   001786  6E6B               	movwf	(gpio_pin_write_logic@_pin_config+1)^0,c
   890   001788  0E01               	movlw	1
   891   00178A  6E6C               	movwf	gpio_pin_write_logic@logic^0,c
   892   00178C  EC18  F00A         	call	_gpio_pin_write_logic	;wreg free
   893   001790                     l4586:
   894                           
   895                           ;ECU_layer/LED/ecu_led.c: 50:         return ret;
   896   001790  5077               	movf	led_turn_on@ret^0,w,c
   897   001792  0012               	return		;funcret
   898   001794                     __end_of_led_turn_on:
   899                           	callstack 0
   900                           
   901 ;; *************** function _led_initialize *****************
   902 ;; Defined at:
   903 ;;		line 15 in file "ECU_layer/LED/ecu_led.c"
   904 ;; Parameters:    Size  Location     Type
   905 ;;  led             2   17[COMRAM] PTR const struct .
   906 ;;		 -> led1(1), 
   907 ;; Auto vars:     Size  Location     Type
   908 ;;  pin_0bj         1    1[BANK0 ] struct .
   909 ;;  ret             1    0[BANK0 ] unsigned char 
   910 ;; Return value:  Size  Location     Type
   911 ;;                  1    wreg      unsigned char 
   912 ;; Registers used:
   913 ;;		wreg, fsr2l, fsr2h, status,2, status,0, prodl, prodh, cstack
   914 ;; Tracked objects:
   915 ;;		On entry : 0/0
   916 ;;		On exit  : 0/0
   917 ;;		Unchanged: 0/0
   918 ;; Data sizes:     COMRAM   BANK0   BANK1   BANK2   BANK3   BANK4   BANK5   BANK6   BANK7   BANK8   BANK9  BANK10  BANK1
      +1  BANK12  BANK13  BANK14  BANK15
   919 ;;      Params:         2       0       0       0       0       0       0       0       0       0       0       0       
      +0       0       0       0       0
   920 ;;      Locals:         0       2       0       0       0       0       0       0       0       0       0       0       
      +0       0       0       0       0
   921 ;;      Temps:          1       0       0       0       0       0       0       0       0       0       0       0       
      +0       0       0       0       0
   922 ;;      Totals:         3       2       0       0       0       0       0       0       0       0       0       0       
      +0       0       0       0       0
   923 ;;Total ram usage:        5 bytes
   924 ;; Hardware stack levels used: 1
   925 ;; Hardware stack levels required when called: 5
   926 ;; This function calls:
   927 ;;		_gpio_pin_initialize
   928 ;; This function is called by:
   929 ;;		_main
   930 ;; This function uses a non-reentrant model
   931 ;;
   932                           
   933                           	psect	text4
   934   001692                     __ptext4:
   935                           	callstack 0
   936   001692                     _led_initialize:
   937                           	callstack 25
   938   001692                     
   939                           ;ECU_layer/LED/ecu_led.c: 16:       Std_ReturnType ret = (Std_ReturnType)0x01;
   940   001692  0E01               	movlw	1
   941   001694  0100               	movlb	0	; () banked
   942   001696  6F80               	movwf	led_initialize@ret& (0+255),b
   943   001698                     
   944                           ; BSR set to: 0
   945                           ;ECU_layer/LED/ecu_led.c: 17:       pin_config_t pin_0bj={.port = led->port_name,
   946   001698  C066  F081         	movff	led_initialize@F3045,led_initialize@pin_0bj
   947   00169C                     
   948                           ; BSR set to: 0
   949   00169C  C078  FFD9         	movff	led_initialize@led,fsr2l
   950   0016A0  C079  FFDA         	movff	led_initialize@led+1,fsr2h
   951   0016A4  50DF               	movf	223,w,c
   952   0016A6  0B0F               	andlw	15
   953   0016A8  6E7A               	movwf	??_led_initialize^0,c
   954   0016AA  5181               	movf	led_initialize@pin_0bj& (0+255),w,b
   955   0016AC  187A               	xorwf	??_led_initialize^0,w,c
   956   0016AE  0BF8               	andlw	-8
   957   0016B0  187A               	xorwf	??_led_initialize^0,w,c
   958   0016B2  6F81               	movwf	led_initialize@pin_0bj& (0+255),b
   959   0016B4                     
   960                           ; BSR set to: 0
   961   0016B4  C078  FFD9         	movff	led_initialize@led,fsr2l
   962   0016B8  C079  FFDA         	movff	led_initialize@led+1,fsr2h
   963   0016BC  38DF               	swapf	223,w,c
   964   0016BE  0B07               	andlw	7
   965   0016C0  6E7A               	movwf	??_led_initialize^0,c
   966   0016C2  467A               	rlncf	??_led_initialize^0,f,c
   967   0016C4  467A               	rlncf	??_led_initialize^0,f,c
   968   0016C6  467A               	rlncf	??_led_initialize^0,f,c
   969   0016C8  5181               	movf	led_initialize@pin_0bj& (0+255),w,b
   970   0016CA  187A               	xorwf	??_led_initialize^0,w,c
   971   0016CC  0BC7               	andlw	-57
   972   0016CE  187A               	xorwf	??_led_initialize^0,w,c
   973   0016D0  6F81               	movwf	led_initialize@pin_0bj& (0+255),b
   974   0016D2                     
   975                           ; BSR set to: 0
   976   0016D2  9D81               	bcf	led_initialize@pin_0bj& (0+255),6,b
   977   0016D4                     
   978                           ; BSR set to: 0
   979   0016D4  C078  FFD9         	movff	led_initialize@led,fsr2l
   980   0016D8  C079  FFDA         	movff	led_initialize@led+1,fsr2h
   981   0016DC  AEDF               	btfss	indf2,7,c
   982   0016DE  D002               	bra	u3135
   983   0016E0  8F81               	bsf	led_initialize@pin_0bj& (0+255),7,b
   984   0016E2  D002               	bra	u3137
   985   0016E4                     u3135:
   986   0016E4  0100               	movlb	0	; () banked
   987   0016E6  9F81               	bcf	led_initialize@pin_0bj& (0+255),7,b
   988   0016E8                     u3137:
   989   0016E8                     
   990                           ; BSR set to: 0
   991                           ;ECU_layer/LED/ecu_led.c: 22:     if(((void*)0) == led) {
   992   0016E8  5078               	movf	led_initialize@led^0,w,c
   993   0016EA  1079               	iorwf	(led_initialize@led+1)^0,w,c
   994   0016EC  A4D8               	btfss	status,2,c
   995   0016EE  EF7B  F00B         	goto	u3141
   996   0016F2  EF7D  F00B         	goto	u3140
   997   0016F6                     u3141:
   998   0016F6  EF81  F00B         	goto	l4566
   999   0016FA                     u3140:
  1000   0016FA                     
  1001                           ; BSR set to: 0
  1002                           ;ECU_layer/LED/ecu_led.c: 23:         ret = (Std_ReturnType)0x00;
  1003   0016FA  0E00               	movlw	0
  1004   0016FC  6F80               	movwf	led_initialize@ret& (0+255),b
  1005                           
  1006                           ;ECU_layer/LED/ecu_led.c: 24:     }
  1007   0016FE  EF87  F00B         	goto	l4568
  1008   001702                     l4566:
  1009                           
  1010                           ; BSR set to: 0
  1011                           ;ECU_layer/LED/ecu_led.c: 26:         gpio_pin_initialize(&pin_0bj);
  1012   001702  0E81               	movlw	low led_initialize@pin_0bj
  1013   001704  6E74               	movwf	gpio_pin_initialize@_pin_config^0,c
  1014   001706  0E00               	movlw	high led_initialize@pin_0bj
  1015   001708  6E75               	movwf	(gpio_pin_initialize@_pin_config+1)^0,c
  1016   00170A  EC42  F00C         	call	_gpio_pin_initialize	;wreg free
  1017   00170E                     l4568:
  1018                           
  1019                           ;ECU_layer/LED/ecu_led.c: 28:       return ret;
  1020   00170E  0100               	movlb	0	; () banked
  1021   001710  5180               	movf	led_initialize@ret& (0+255),w,b
  1022   001712                     
  1023                           ; BSR set to: 0
  1024   001712  0012               	return		;funcret
  1025   001714                     __end_of_led_initialize:
  1026                           	callstack 0
  1027                           
  1028 ;; *************** function _gpio_pin_initialize *****************
  1029 ;; Defined at:
  1030 ;;		line 26 in file "MCAL_layer/GPIO/hal_gpio.c"
  1031 ;; Parameters:    Size  Location     Type
  1032 ;;  _pin_config     2   13[COMRAM] PTR const struct .
  1033 ;;		 -> relay_initialize@pin_0bj(1), led_initialize@pin_0bj(1), 
  1034 ;; Auto vars:     Size  Location     Type
  1035 ;;  ret             1   16[COMRAM] unsigned char 
  1036 ;; Return value:  Size  Location     Type
  1037 ;;                  1    wreg      unsigned char 
  1038 ;; Registers used:
  1039 ;;		wreg, fsr2l, fsr2h, status,2, status,0, prodl, prodh, cstack
  1040 ;; Tracked objects:
  1041 ;;		On entry : 0/0
  1042 ;;		On exit  : 0/0
  1043 ;;		Unchanged: 0/0
  1044 ;; Data sizes:     COMRAM   BANK0   BANK1   BANK2   BANK3   BANK4   BANK5   BANK6   BANK7   BANK8   BANK9  BANK10  BANK1
      +1  BANK12  BANK13  BANK14  BANK15
  1045 ;;      Params:         2       0       0       0       0       0       0       0       0       0       0       0       
      +0       0       0       0       0
  1046 ;;      Locals:         1       0       0       0       0       0       0       0       0       0       0       0       
      +0       0       0       0       0
  1047 ;;      Temps:          1       0       0       0       0       0       0       0       0       0       0       0       
      +0       0       0       0       0
  1048 ;;      Totals:         4       0       0       0       0       0       0       0       0       0       0       0       
      +0       0       0       0       0
  1049 ;;Total ram usage:        4 bytes
  1050 ;; Hardware stack levels used: 1
  1051 ;; Hardware stack levels required when called: 4
  1052 ;; This function calls:
  1053 ;;		_gpio_pin_direction_initialize
  1054 ;;		_gpio_pin_write_logic
  1055 ;; This function is called by:
  1056 ;;		_led_initialize
  1057 ;;		_seven_segment_initialize
  1058 ;;		_lcd_4bit_intialize
  1059 ;;		_lcd_8bit_intialize
  1060 ;;		_Keypad_initialize
  1061 ;;		_relay_initialize
  1062 ;; This function uses a non-reentrant model
  1063 ;;
  1064                           
  1065                           	psect	text5
  1066   001884                     __ptext5:
  1067                           	callstack 0
  1068   001884                     _gpio_pin_initialize:
  1069                           	callstack 25
  1070   001884                     
  1071                           ;MCAL_layer/GPIO/hal_gpio.c: 28:     if(((void*)0) == _pin_config || _pin_config->pin > 
      +                          8 -1){
  1072   001884  5074               	movf	gpio_pin_initialize@_pin_config^0,w,c
  1073   001886  1075               	iorwf	(gpio_pin_initialize@_pin_config+1)^0,w,c
  1074   001888  B4D8               	btfsc	status,2,c
  1075   00188A  EF49  F00C         	goto	u2991
  1076   00188E  EF4B  F00C         	goto	u2990
  1077   001892                     u2991:
  1078   001892  EF5C  F00C         	goto	l4394
  1079   001896                     u2990:
  1080   001896  C074  FFD9         	movff	gpio_pin_initialize@_pin_config,fsr2l
  1081   00189A  C075  FFDA         	movff	gpio_pin_initialize@_pin_config+1,fsr2h
  1082   00189E  30DF               	rrcf	223,w,c
  1083   0018A0  32E8               	rrcf	wreg,f,c
  1084   0018A2  32E8               	rrcf	wreg,f,c
  1085   0018A4  0B07               	andlw	7
  1086   0018A6  6E76               	movwf	??_gpio_pin_initialize^0,c
  1087   0018A8  0E07               	movlw	7
  1088   0018AA  6476               	cpfsgt	??_gpio_pin_initialize^0,c
  1089   0018AC  EF5A  F00C         	goto	u3001
  1090   0018B0  EF5C  F00C         	goto	u3000
  1091   0018B4                     u3001:
  1092   0018B4  EF60  F00C         	goto	l4396
  1093   0018B8                     u3000:
  1094   0018B8                     l4394:
  1095                           
  1096                           ;MCAL_layer/GPIO/hal_gpio.c: 29:         ret = (Std_ReturnType)0x00;
  1097   0018B8  0E00               	movlw	0
  1098   0018BA  6E77               	movwf	gpio_pin_initialize@ret^0,c
  1099                           
  1100                           ;MCAL_layer/GPIO/hal_gpio.c: 30:     }
  1101   0018BC  EF76  F00C         	goto	l4398
  1102   0018C0                     l4396:
  1103                           
  1104                           ;MCAL_layer/GPIO/hal_gpio.c: 32:         ret = gpio_pin_direction_initialize(_pin_config
      +                          );
  1105   0018C0  C074  F06A         	movff	gpio_pin_initialize@_pin_config,gpio_pin_direction_initialize@_pin_config
  1106   0018C4  C075  F06B         	movff	gpio_pin_initialize@_pin_config+1,gpio_pin_direction_initialize@_pin_config+1
  1107   0018C8  EC76  F009         	call	_gpio_pin_direction_initialize	;wreg free
  1108   0018CC  6E77               	movwf	gpio_pin_initialize@ret^0,c
  1109                           
  1110                           ;MCAL_layer/GPIO/hal_gpio.c: 33:         ret = gpio_pin_write_logic(_pin_config, _pin_co
      +                          nfig->logic);
  1111   0018CE  C074  F06A         	movff	gpio_pin_initialize@_pin_config,gpio_pin_write_logic@_pin_config
  1112   0018D2  C075  F06B         	movff	gpio_pin_initialize@_pin_config+1,gpio_pin_write_logic@_pin_config+1
  1113   0018D6  C074  FFD9         	movff	gpio_pin_initialize@_pin_config,fsr2l
  1114   0018DA  C075  FFDA         	movff	gpio_pin_initialize@_pin_config+1,fsr2h
  1115   0018DE  0E00               	movlw	0
  1116   0018E0  BEDF               	btfsc	indf2,7,c
  1117   0018E2  0E01               	movlw	1
  1118   0018E4  6E6C               	movwf	gpio_pin_write_logic@logic^0,c
  1119   0018E6  EC18  F00A         	call	_gpio_pin_write_logic	;wreg free
  1120   0018EA  6E77               	movwf	gpio_pin_initialize@ret^0,c
  1121   0018EC                     l4398:
  1122                           
  1123                           ;MCAL_layer/GPIO/hal_gpio.c: 35:     return ret;
  1124   0018EC  5077               	movf	gpio_pin_initialize@ret^0,w,c
  1125   0018EE  0012               	return		;funcret
  1126   0018F0                     __end_of_gpio_pin_initialize:
  1127                           	callstack 0
  1128                           
  1129 ;; *************** function _gpio_pin_write_logic *****************
  1130 ;; Defined at:
  1131 ;;		line 92 in file "MCAL_layer/GPIO/hal_gpio.c"
  1132 ;; Parameters:    Size  Location     Type
  1133 ;;  _pin_config     2    3[COMRAM] PTR const struct .
  1134 ;;		 -> relay_off@pin_0bj(1), relay_on@pin_0bj(1), relay_initialize@pin_0bj(1), led_turn_off@pin_0bj(1), 
  1135 ;;		 -> led_turn_on@pin_0bj(1), led_initialize@pin_0bj(1), 
  1136 ;;  logic           1    5[COMRAM] enum E2965
  1137 ;; Auto vars:     Size  Location     Type
  1138 ;;  ret             1   12[COMRAM] unsigned char 
  1139 ;; Return value:  Size  Location     Type
  1140 ;;                  1    wreg      unsigned char 
  1141 ;; Registers used:
  1142 ;;		wreg, fsr2l, fsr2h, status,2, status,0, prodl, prodh
  1143 ;; Tracked objects:
  1144 ;;		On entry : 0/0
  1145 ;;		On exit  : 0/0
  1146 ;;		Unchanged: 0/0
  1147 ;; Data sizes:     COMRAM   BANK0   BANK1   BANK2   BANK3   BANK4   BANK5   BANK6   BANK7   BANK8   BANK9  BANK10  BANK1
      +1  BANK12  BANK13  BANK14  BANK15
  1148 ;;      Params:         3       0       0       0       0       0       0       0       0       0       0       0       
      +0       0       0       0       0
  1149 ;;      Locals:         1       0       0       0       0       0       0       0       0       0       0       0       
      +0       0       0       0       0
  1150 ;;      Temps:          6       0       0       0       0       0       0       0       0       0       0       0       
      +0       0       0       0       0
  1151 ;;      Totals:        10       0       0       0       0       0       0       0       0       0       0       0       
      +0       0       0       0       0
  1152 ;;Total ram usage:       10 bytes
  1153 ;; Hardware stack levels used: 1
  1154 ;; Hardware stack levels required when called: 3
  1155 ;; This function calls:
  1156 ;;		Nothing
  1157 ;; This function is called by:
  1158 ;;		_led_turn_on
  1159 ;;		_gpio_pin_initialize
  1160 ;;		_seven_segment_write_number
  1161 ;;		_lcd_4bit_send_command
  1162 ;;		_lcd_4bit_send_char_data
  1163 ;;		_lcd_8bit_send_command
  1164 ;;		_lcd_8bit_send_char_data
  1165 ;;		_lcd_send_4bits
  1166 ;;		_lcd_4bit_send_enable_signal
  1167 ;;		_lcd_8bit_send_enable_signal
  1168 ;;		_dc_motor_move_right
  1169 ;;		_dc_motor_move_left
  1170 ;;		_dc_motor_stop
  1171 ;;		_Keypad_get_value
  1172 ;;		_led_turn_off
  1173 ;;		_relay_on
  1174 ;;		_relay_off
  1175 ;; This function uses a non-reentrant model
  1176 ;;
  1177                           
  1178                           	psect	text6
  1179   001430                     __ptext6:
  1180                           	callstack 0
  1181   001430                     _gpio_pin_write_logic:
  1182                           	callstack 26
  1183   001430                     
  1184                           ;MCAL_layer/GPIO/hal_gpio.c: 93:         Std_ReturnType ret= (Std_ReturnType)0x01 ;
  1185   001430  0E01               	movlw	1
  1186   001432  6E73               	movwf	gpio_pin_write_logic@ret^0,c
  1187   001434                     
  1188                           ;MCAL_layer/GPIO/hal_gpio.c: 94: if(((void*)0) ==_pin_config || _pin_config ->pin > (8 -
      +                          1)) {
  1189   001434  506A               	movf	gpio_pin_write_logic@_pin_config^0,w,c
  1190   001436  106B               	iorwf	(gpio_pin_write_logic@_pin_config+1)^0,w,c
  1191   001438  B4D8               	btfsc	status,2,c
  1192   00143A  EF21  F00A         	goto	u2891
  1193   00143E  EF23  F00A         	goto	u2890
  1194   001442                     u2891:
  1195   001442  EF34  F00A         	goto	l4346
  1196   001446                     u2890:
  1197   001446  C06A  FFD9         	movff	gpio_pin_write_logic@_pin_config,fsr2l
  1198   00144A  C06B  FFDA         	movff	gpio_pin_write_logic@_pin_config+1,fsr2h
  1199   00144E  30DF               	rrcf	223,w,c
  1200   001450  32E8               	rrcf	wreg,f,c
  1201   001452  32E8               	rrcf	wreg,f,c
  1202   001454  0B07               	andlw	7
  1203   001456  6E6D               	movwf	??_gpio_pin_write_logic^0,c
  1204   001458  0E07               	movlw	7
  1205   00145A  646D               	cpfsgt	??_gpio_pin_write_logic^0,c
  1206   00145C  EF32  F00A         	goto	u2901
  1207   001460  EF34  F00A         	goto	u2900
  1208   001464                     u2901:
  1209   001464  EF97  F00A         	goto	l4354
  1210   001468                     u2900:
  1211   001468                     l4346:
  1212                           
  1213                           ;MCAL_layer/GPIO/hal_gpio.c: 95:         ret= (Std_ReturnType)0x00 ;
  1214   001468  0E00               	movlw	0
  1215   00146A  6E73               	movwf	gpio_pin_write_logic@ret^0,c
  1216                           
  1217                           ;MCAL_layer/GPIO/hal_gpio.c: 96:     }
  1218   00146C  EFAC  F00A         	goto	l4356
  1219   001470                     l4348:
  1220                           
  1221                           ;MCAL_layer/GPIO/hal_gpio.c: 100:             ( *lat_registers[_pin_config->port] &= ~((
      +                          uint8)1<<_pin_config->pin) );
  1222   001470  C06A  FFD9         	movff	gpio_pin_write_logic@_pin_config,fsr2l
  1223   001474  C06B  FFDA         	movff	gpio_pin_write_logic@_pin_config+1,fsr2h
  1224   001478  30DF               	rrcf	223,w,c
  1225   00147A  32E8               	rrcf	wreg,f,c
  1226   00147C  32E8               	rrcf	wreg,f,c
  1227   00147E  0B07               	andlw	7
  1228   001480  6E6D               	movwf	??_gpio_pin_write_logic^0,c
  1229   001482  0E01               	movlw	1
  1230   001484  6E6E               	movwf	(??_gpio_pin_write_logic+1)^0,c
  1231   001486  2A6D               	incf	??_gpio_pin_write_logic^0,f,c
  1232   001488  EF48  F00A         	goto	u2914
  1233   00148C                     u2915:
  1234   00148C  90D8               	bcf	status,0,c
  1235   00148E  366E               	rlcf	(??_gpio_pin_write_logic+1)^0,f,c
  1236   001490                     u2914:
  1237   001490  2E6D               	decfsz	??_gpio_pin_write_logic^0,f,c
  1238   001492  EF46  F00A         	goto	u2915
  1239   001496  506E               	movf	(??_gpio_pin_write_logic+1)^0,w,c
  1240   001498  0AFF               	xorlw	255
  1241   00149A  6E6F               	movwf	(??_gpio_pin_write_logic+2)^0,c
  1242   00149C  C06A  FFD9         	movff	gpio_pin_write_logic@_pin_config,fsr2l
  1243   0014A0  C06B  FFDA         	movff	gpio_pin_write_logic@_pin_config+1,fsr2h
  1244   0014A4  50DF               	movf	223,w,c
  1245   0014A6  0B07               	andlw	7
  1246   0014A8  6E70               	movwf	(??_gpio_pin_write_logic+3)^0,c
  1247   0014AA  5070               	movf	(??_gpio_pin_write_logic+3)^0,w,c
  1248   0014AC  0D02               	mullw	2
  1249   0014AE  0E0B               	movlw	low _lat_registers
  1250   0014B0  24F3               	addwf	243,w,c
  1251   0014B2  6ED9               	movwf	fsr2l,c
  1252   0014B4  0E00               	movlw	high _lat_registers
  1253   0014B6  20F4               	addwfc	prodh,w,c
  1254   0014B8  6EDA               	movwf	fsr2h,c
  1255   0014BA  CFDE F071          	movff	postinc2,??_gpio_pin_write_logic+4
  1256   0014BE  CFDD F072          	movff	postdec2,??_gpio_pin_write_logic+5
  1257   0014C2  C071  FFD9         	movff	??_gpio_pin_write_logic+4,fsr2l
  1258   0014C6  C072  FFDA         	movff	??_gpio_pin_write_logic+5,fsr2h
  1259   0014CA  506F               	movf	(??_gpio_pin_write_logic+2)^0,w,c
  1260   0014CC  16DF               	andwf	indf2,f,c
  1261                           
  1262                           ;MCAL_layer/GPIO/hal_gpio.c: 101:             break;
  1263   0014CE  EFAC  F00A         	goto	l4356
  1264   0014D2                     l4350:
  1265                           
  1266                           ;MCAL_layer/GPIO/hal_gpio.c: 103:             ( *lat_registers[_pin_config->port] |= ((u
      +                          int8)1<<_pin_config->pin) );
  1267   0014D2  C06A  FFD9         	movff	gpio_pin_write_logic@_pin_config,fsr2l
  1268   0014D6  C06B  FFDA         	movff	gpio_pin_write_logic@_pin_config+1,fsr2h
  1269   0014DA  30DF               	rrcf	223,w,c
  1270   0014DC  32E8               	rrcf	wreg,f,c
  1271   0014DE  32E8               	rrcf	wreg,f,c
  1272   0014E0  0B07               	andlw	7
  1273   0014E2  6E6D               	movwf	??_gpio_pin_write_logic^0,c
  1274   0014E4  0E01               	movlw	1
  1275   0014E6  6E6E               	movwf	(??_gpio_pin_write_logic+1)^0,c
  1276   0014E8  2A6D               	incf	??_gpio_pin_write_logic^0,f,c
  1277   0014EA  EF79  F00A         	goto	u2924
  1278   0014EE                     u2925:
  1279   0014EE  90D8               	bcf	status,0,c
  1280   0014F0  366E               	rlcf	(??_gpio_pin_write_logic+1)^0,f,c
  1281   0014F2                     u2924:
  1282   0014F2  2E6D               	decfsz	??_gpio_pin_write_logic^0,f,c
  1283   0014F4  EF77  F00A         	goto	u2925
  1284   0014F8  C06A  FFD9         	movff	gpio_pin_write_logic@_pin_config,fsr2l
  1285   0014FC  C06B  FFDA         	movff	gpio_pin_write_logic@_pin_config+1,fsr2h
  1286   001500  50DF               	movf	223,w,c
  1287   001502  0B07               	andlw	7
  1288   001504  6E6F               	movwf	(??_gpio_pin_write_logic+2)^0,c
  1289   001506  506F               	movf	(??_gpio_pin_write_logic+2)^0,w,c
  1290   001508  0D02               	mullw	2
  1291   00150A  0E0B               	movlw	low _lat_registers
  1292   00150C  24F3               	addwf	243,w,c
  1293   00150E  6ED9               	movwf	fsr2l,c
  1294   001510  0E00               	movlw	high _lat_registers
  1295   001512  20F4               	addwfc	prodh,w,c
  1296   001514  6EDA               	movwf	fsr2h,c
  1297   001516  CFDE F070          	movff	postinc2,??_gpio_pin_write_logic+3
  1298   00151A  CFDD F071          	movff	postdec2,??_gpio_pin_write_logic+4
  1299   00151E  C070  FFD9         	movff	??_gpio_pin_write_logic+3,fsr2l
  1300   001522  C071  FFDA         	movff	??_gpio_pin_write_logic+4,fsr2h
  1301   001526  506E               	movf	(??_gpio_pin_write_logic+1)^0,w,c
  1302   001528  12DF               	iorwf	indf2,f,c
  1303                           
  1304                           ;MCAL_layer/GPIO/hal_gpio.c: 104:             break;
  1305   00152A  EFAC  F00A         	goto	l4356
  1306   00152E                     l4354:
  1307   00152E  506C               	movf	gpio_pin_write_logic@logic^0,w,c
  1308   001530  6E6D               	movwf	??_gpio_pin_write_logic^0,c
  1309   001532  6A6E               	clrf	(??_gpio_pin_write_logic+1)^0,c
  1310                           
  1311                           ; Switch on 2 bytes has been partitioned into a top level switch of size 1, and 1 sub-sw
      +                          itches
  1312                           ; Switch size 1, requested type "simple"
  1313                           ; Number of cases is 1, Range of values is 0 to 0
  1314                           ; switch strategies available:
  1315                           ; Name         Instructions Cycles
  1316                           ; simple_byte            4     3 (average)
  1317                           ;	Chosen strategy is simple_byte
  1318   001534  506E               	movf	(??_gpio_pin_write_logic+1)^0,w,c
  1319   001536  0A00               	xorlw	0	; case 0
  1320   001538  B4D8               	btfsc	status,2,c
  1321   00153A  EFA1  F00A         	goto	l5138
  1322   00153E  EF34  F00A         	goto	l4346
  1323   001542                     l5138:
  1324                           
  1325                           ; Switch size 1, requested type "simple"
  1326                           ; Number of cases is 2, Range of values is 0 to 1
  1327                           ; switch strategies available:
  1328                           ; Name         Instructions Cycles
  1329                           ; simple_byte            7     4 (average)
  1330                           ;	Chosen strategy is simple_byte
  1331   001542  506D               	movf	??_gpio_pin_write_logic^0,w,c
  1332   001544  0A00               	xorlw	0	; case 0
  1333   001546  B4D8               	btfsc	status,2,c
  1334   001548  EF38  F00A         	goto	l4348
  1335   00154C  0A01               	xorlw	1	; case 1
  1336   00154E  B4D8               	btfsc	status,2,c
  1337   001550  EF69  F00A         	goto	l4350
  1338   001554  EF34  F00A         	goto	l4346
  1339   001558                     l4356:
  1340                           
  1341                           ;MCAL_layer/GPIO/hal_gpio.c: 109:  return ret ;
  1342   001558  5073               	movf	gpio_pin_write_logic@ret^0,w,c
  1343   00155A  0012               	return		;funcret
  1344   00155C                     __end_of_gpio_pin_write_logic:
  1345                           	callstack 0
  1346                           
  1347 ;; *************** function _gpio_pin_direction_initialize *****************
  1348 ;; Defined at:
  1349 ;;		line 47 in file "MCAL_layer/GPIO/hal_gpio.c"
  1350 ;; Parameters:    Size  Location     Type
  1351 ;;  _pin_config     2    3[COMRAM] PTR const struct .
  1352 ;;		 -> relay_initialize@pin_0bj(1), led_initialize@pin_0bj(1), 
  1353 ;; Auto vars:     Size  Location     Type
  1354 ;;  ret             1   11[COMRAM] unsigned char 
  1355 ;; Return value:  Size  Location     Type
  1356 ;;                  1    wreg      unsigned char 
  1357 ;; Registers used:
  1358 ;;		wreg, fsr2l, fsr2h, status,2, status,0, prodl, prodh
  1359 ;; Tracked objects:
  1360 ;;		On entry : 0/0
  1361 ;;		On exit  : 0/0
  1362 ;;		Unchanged: 0/0
  1363 ;; Data sizes:     COMRAM   BANK0   BANK1   BANK2   BANK3   BANK4   BANK5   BANK6   BANK7   BANK8   BANK9  BANK10  BANK1
      +1  BANK12  BANK13  BANK14  BANK15
  1364 ;;      Params:         2       0       0       0       0       0       0       0       0       0       0       0       
      +0       0       0       0       0
  1365 ;;      Locals:         1       0       0       0       0       0       0       0       0       0       0       0       
      +0       0       0       0       0
  1366 ;;      Temps:          6       0       0       0       0       0       0       0       0       0       0       0       
      +0       0       0       0       0
  1367 ;;      Totals:         9       0       0       0       0       0       0       0       0       0       0       0       
      +0       0       0       0       0
  1368 ;;Total ram usage:        9 bytes
  1369 ;; Hardware stack levels used: 1
  1370 ;; Hardware stack levels required when called: 3
  1371 ;; This function calls:
  1372 ;;		Nothing
  1373 ;; This function is called by:
  1374 ;;		_gpio_pin_initialize
  1375 ;;		_button_initialize
  1376 ;;		_dc_motor_initialize
  1377 ;;		_Keypad_initialize
  1378 ;;		_Interrupt_RBx_Init
  1379 ;;		_Interrupt_INTx_Pin_Init
  1380 ;; This function uses a non-reentrant model
  1381 ;;
  1382                           
  1383                           	psect	text7
  1384   0012EC                     __ptext7:
  1385                           	callstack 0
  1386   0012EC                     _gpio_pin_direction_initialize:
  1387                           	callstack 25
  1388   0012EC                     
  1389                           ;MCAL_layer/GPIO/hal_gpio.c: 48:     Std_ReturnType ret= (Std_ReturnType)0x01 ;
  1390   0012EC  0E01               	movlw	1
  1391   0012EE  6E72               	movwf	gpio_pin_direction_initialize@ret^0,c
  1392   0012F0                     
  1393                           ;MCAL_layer/GPIO/hal_gpio.c: 49:     if(((void*)0) ==_pin_config || _pin_config ->pin > 
      +                          (8 -1) ) {
  1394   0012F0  506A               	movf	gpio_pin_direction_initialize@_pin_config^0,w,c
  1395   0012F2  106B               	iorwf	(gpio_pin_direction_initialize@_pin_config+1)^0,w,c
  1396   0012F4  B4D8               	btfsc	status,2,c
  1397   0012F6  EF7F  F009         	goto	u2931
  1398   0012FA  EF81  F009         	goto	u2930
  1399   0012FE                     u2931:
  1400   0012FE  EF92  F009         	goto	l4370
  1401   001302                     u2930:
  1402   001302  C06A  FFD9         	movff	gpio_pin_direction_initialize@_pin_config,fsr2l
  1403   001306  C06B  FFDA         	movff	gpio_pin_direction_initialize@_pin_config+1,fsr2h
  1404   00130A  30DF               	rrcf	223,w,c
  1405   00130C  32E8               	rrcf	wreg,f,c
  1406   00130E  32E8               	rrcf	wreg,f,c
  1407   001310  0B07               	andlw	7
  1408   001312  6E6C               	movwf	??_gpio_pin_direction_initialize^0,c
  1409   001314  0E07               	movlw	7
  1410   001316  646C               	cpfsgt	??_gpio_pin_direction_initialize^0,c
  1411   001318  EF90  F009         	goto	u2941
  1412   00131C  EF92  F009         	goto	u2940
  1413   001320                     u2941:
  1414   001320  EFF5  F009         	goto	l4378
  1415   001324                     u2940:
  1416   001324                     l4370:
  1417                           
  1418                           ;MCAL_layer/GPIO/hal_gpio.c: 50:         ret= (Std_ReturnType)0x00 ;
  1419   001324  0E00               	movlw	0
  1420   001326  6E72               	movwf	gpio_pin_direction_initialize@ret^0,c
  1421                           
  1422                           ;MCAL_layer/GPIO/hal_gpio.c: 51:     }
  1423   001328  EF16  F00A         	goto	l4380
  1424   00132C                     l4372:
  1425                           
  1426                           ;MCAL_layer/GPIO/hal_gpio.c: 55:             ( *tris_registers[_pin_config->port] &= ~((
      +                          uint8)1<<_pin_config->pin) ) ;
  1427   00132C  C06A  FFD9         	movff	gpio_pin_direction_initialize@_pin_config,fsr2l
  1428   001330  C06B  FFDA         	movff	gpio_pin_direction_initialize@_pin_config+1,fsr2h
  1429   001334  30DF               	rrcf	223,w,c
  1430   001336  32E8               	rrcf	wreg,f,c
  1431   001338  32E8               	rrcf	wreg,f,c
  1432   00133A  0B07               	andlw	7
  1433   00133C  6E6C               	movwf	??_gpio_pin_direction_initialize^0,c
  1434   00133E  0E01               	movlw	1
  1435   001340  6E6D               	movwf	(??_gpio_pin_direction_initialize+1)^0,c
  1436   001342  2A6C               	incf	??_gpio_pin_direction_initialize^0,f,c
  1437   001344  EFA6  F009         	goto	u2954
  1438   001348                     u2955:
  1439   001348  90D8               	bcf	status,0,c
  1440   00134A  366D               	rlcf	(??_gpio_pin_direction_initialize+1)^0,f,c
  1441   00134C                     u2954:
  1442   00134C  2E6C               	decfsz	??_gpio_pin_direction_initialize^0,f,c
  1443   00134E  EFA4  F009         	goto	u2955
  1444   001352  506D               	movf	(??_gpio_pin_direction_initialize+1)^0,w,c
  1445   001354  0AFF               	xorlw	255
  1446   001356  6E6E               	movwf	(??_gpio_pin_direction_initialize+2)^0,c
  1447   001358  C06A  FFD9         	movff	gpio_pin_direction_initialize@_pin_config,fsr2l
  1448   00135C  C06B  FFDA         	movff	gpio_pin_direction_initialize@_pin_config+1,fsr2h
  1449   001360  50DF               	movf	223,w,c
  1450   001362  0B07               	andlw	7
  1451   001364  6E6F               	movwf	(??_gpio_pin_direction_initialize+3)^0,c
  1452   001366  506F               	movf	(??_gpio_pin_direction_initialize+3)^0,w,c
  1453   001368  0D02               	mullw	2
  1454   00136A  0E15               	movlw	low _tris_registers
  1455   00136C  24F3               	addwf	243,w,c
  1456   00136E  6ED9               	movwf	fsr2l,c
  1457   001370  0E00               	movlw	high _tris_registers
  1458   001372  20F4               	addwfc	prodh,w,c
  1459   001374  6EDA               	movwf	fsr2h,c
  1460   001376  CFDE F070          	movff	postinc2,??_gpio_pin_direction_initialize+4
  1461   00137A  CFDD F071          	movff	postdec2,??_gpio_pin_direction_initialize+5
  1462   00137E  C070  FFD9         	movff	??_gpio_pin_direction_initialize+4,fsr2l
  1463   001382  C071  FFDA         	movff	??_gpio_pin_direction_initialize+5,fsr2h
  1464   001386  506E               	movf	(??_gpio_pin_direction_initialize+2)^0,w,c
  1465   001388  16DF               	andwf	indf2,f,c
  1466                           
  1467                           ;MCAL_layer/GPIO/hal_gpio.c: 56:             break;
  1468   00138A  EF16  F00A         	goto	l4380
  1469   00138E                     l4374:
  1470                           
  1471                           ;MCAL_layer/GPIO/hal_gpio.c: 58:             ( *tris_registers[_pin_config->port] |= ((u
      +                          int8)1<<_pin_config->pin) );
  1472   00138E  C06A  FFD9         	movff	gpio_pin_direction_initialize@_pin_config,fsr2l
  1473   001392  C06B  FFDA         	movff	gpio_pin_direction_initialize@_pin_config+1,fsr2h
  1474   001396  30DF               	rrcf	223,w,c
  1475   001398  32E8               	rrcf	wreg,f,c
  1476   00139A  32E8               	rrcf	wreg,f,c
  1477   00139C  0B07               	andlw	7
  1478   00139E  6E6C               	movwf	??_gpio_pin_direction_initialize^0,c
  1479   0013A0  0E01               	movlw	1
  1480   0013A2  6E6D               	movwf	(??_gpio_pin_direction_initialize+1)^0,c
  1481   0013A4  2A6C               	incf	??_gpio_pin_direction_initialize^0,f,c
  1482   0013A6  EFD7  F009         	goto	u2964
  1483   0013AA                     u2965:
  1484   0013AA  90D8               	bcf	status,0,c
  1485   0013AC  366D               	rlcf	(??_gpio_pin_direction_initialize+1)^0,f,c
  1486   0013AE                     u2964:
  1487   0013AE  2E6C               	decfsz	??_gpio_pin_direction_initialize^0,f,c
  1488   0013B0  EFD5  F009         	goto	u2965
  1489   0013B4  C06A  FFD9         	movff	gpio_pin_direction_initialize@_pin_config,fsr2l
  1490   0013B8  C06B  FFDA         	movff	gpio_pin_direction_initialize@_pin_config+1,fsr2h
  1491   0013BC  50DF               	movf	223,w,c
  1492   0013BE  0B07               	andlw	7
  1493   0013C0  6E6E               	movwf	(??_gpio_pin_direction_initialize+2)^0,c
  1494   0013C2  506E               	movf	(??_gpio_pin_direction_initialize+2)^0,w,c
  1495   0013C4  0D02               	mullw	2
  1496   0013C6  0E15               	movlw	low _tris_registers
  1497   0013C8  24F3               	addwf	243,w,c
  1498   0013CA  6ED9               	movwf	fsr2l,c
  1499   0013CC  0E00               	movlw	high _tris_registers
  1500   0013CE  20F4               	addwfc	prodh,w,c
  1501   0013D0  6EDA               	movwf	fsr2h,c
  1502   0013D2  CFDE F06F          	movff	postinc2,??_gpio_pin_direction_initialize+3
  1503   0013D6  CFDD F070          	movff	postdec2,??_gpio_pin_direction_initialize+4
  1504   0013DA  C06F  FFD9         	movff	??_gpio_pin_direction_initialize+3,fsr2l
  1505   0013DE  C070  FFDA         	movff	??_gpio_pin_direction_initialize+4,fsr2h
  1506   0013E2  506D               	movf	(??_gpio_pin_direction_initialize+1)^0,w,c
  1507   0013E4  12DF               	iorwf	indf2,f,c
  1508                           
  1509                           ;MCAL_layer/GPIO/hal_gpio.c: 59:             break;
  1510   0013E6  EF16  F00A         	goto	l4380
  1511   0013EA                     l4378:
  1512   0013EA  C06A  FFD9         	movff	gpio_pin_direction_initialize@_pin_config,fsr2l
  1513   0013EE  C06B  FFDA         	movff	gpio_pin_direction_initialize@_pin_config+1,fsr2h
  1514   0013F2  BCDF               	btfsc	indf2,6,c
  1515   0013F4  EFFE  F009         	goto	u2971
  1516   0013F8  EF01  F00A         	goto	u2970
  1517   0013FC                     u2971:
  1518   0013FC  0E01               	movlw	1
  1519   0013FE  EF02  F00A         	goto	u2980
  1520   001402                     u2970:
  1521   001402  0E00               	movlw	0
  1522   001404                     u2980:
  1523   001404  6E6C               	movwf	??_gpio_pin_direction_initialize^0,c
  1524   001406  6A6D               	clrf	(??_gpio_pin_direction_initialize+1)^0,c
  1525                           
  1526                           ; Switch on 2 bytes has been partitioned into a top level switch of size 1, and 1 sub-sw
      +                          itches
  1527                           ; Switch size 1, requested type "simple"
  1528                           ; Number of cases is 1, Range of values is 0 to 0
  1529                           ; switch strategies available:
  1530                           ; Name         Instructions Cycles
  1531                           ; simple_byte            4     3 (average)
  1532                           ;	Chosen strategy is simple_byte
  1533   001408  506D               	movf	(??_gpio_pin_direction_initialize+1)^0,w,c
  1534   00140A  0A00               	xorlw	0	; case 0
  1535   00140C  B4D8               	btfsc	status,2,c
  1536   00140E  EF0B  F00A         	goto	l5140
  1537   001412  EF92  F009         	goto	l4370
  1538   001416                     l5140:
  1539                           
  1540                           ; Switch size 1, requested type "simple"
  1541                           ; Number of cases is 2, Range of values is 0 to 1
  1542                           ; switch strategies available:
  1543                           ; Name         Instructions Cycles
  1544                           ; simple_byte            7     4 (average)
  1545                           ;	Chosen strategy is simple_byte
  1546   001416  506C               	movf	??_gpio_pin_direction_initialize^0,w,c
  1547   001418  0A00               	xorlw	0	; case 0
  1548   00141A  B4D8               	btfsc	status,2,c
  1549   00141C  EF96  F009         	goto	l4372
  1550   001420  0A01               	xorlw	1	; case 1
  1551   001422  B4D8               	btfsc	status,2,c
  1552   001424  EFC7  F009         	goto	l4374
  1553   001428  EF92  F009         	goto	l4370
  1554   00142C                     l4380:
  1555                           
  1556                           ;MCAL_layer/GPIO/hal_gpio.c: 63:    return ret ;
  1557   00142C  5072               	movf	gpio_pin_direction_initialize@ret^0,w,c
  1558   00142E  0012               	return		;funcret
  1559   001430                     __end_of_gpio_pin_direction_initialize:
  1560                           	callstack 0
  1561                           
  1562 ;; *************** function _Timer0_Init *****************
  1563 ;; Defined at:
  1564 ;;		line 19 in file "MCAL_layer/Timer0/hal_timer0.c"
  1565 ;; Parameters:    Size  Location     Type
  1566 ;;  _timer          2    6[COMRAM] PTR const struct .
  1567 ;;		 -> timer0(7), 
  1568 ;; Auto vars:     Size  Location     Type
  1569 ;;  ret             1   10[COMRAM] unsigned char 
  1570 ;; Return value:  Size  Location     Type
  1571 ;;                  1    wreg      unsigned char 
  1572 ;; Registers used:
  1573 ;;		wreg, fsr2l, fsr2h, status,2, status,0, cstack
  1574 ;; Tracked objects:
  1575 ;;		On entry : 0/0
  1576 ;;		On exit  : 0/0
  1577 ;;		Unchanged: 0/0
  1578 ;; Data sizes:     COMRAM   BANK0   BANK1   BANK2   BANK3   BANK4   BANK5   BANK6   BANK7   BANK8   BANK9  BANK10  BANK1
      +1  BANK12  BANK13  BANK14  BANK15
  1579 ;;      Params:         2       0       0       0       0       0       0       0       0       0       0       0       
      +0       0       0       0       0
  1580 ;;      Locals:         1       0       0       0       0       0       0       0       0       0       0       0       
      +0       0       0       0       0
  1581 ;;      Temps:          2       0       0       0       0       0       0       0       0       0       0       0       
      +0       0       0       0       0
  1582 ;;      Totals:         5       0       0       0       0       0       0       0       0       0       0       0       
      +0       0       0       0       0
  1583 ;;Total ram usage:        5 bytes
  1584 ;; Hardware stack levels used: 1
  1585 ;; Hardware stack levels required when called: 4
  1586 ;; This function calls:
  1587 ;;		_Timer0_Mode_Select
  1588 ;;		_Timer0_Prescaler_Config
  1589 ;;		_Timer0_Register_Size_Config
  1590 ;; This function is called by:
  1591 ;;		_main
  1592 ;; This function uses a non-reentrant model
  1593 ;;
  1594                           
  1595                           	psect	text8
  1596   00155C                     __ptext8:
  1597                           	callstack 0
  1598   00155C                     _Timer0_Init:
  1599                           	callstack 26
  1600   00155C                     
  1601                           ;MCAL_layer/Timer0/hal_timer0.c: 21:     if(((void*)0) == _timer){
  1602   00155C  506D               	movf	Timer0_Init@_timer^0,w,c
  1603   00155E  106E               	iorwf	(Timer0_Init@_timer+1)^0,w,c
  1604   001560  A4D8               	btfss	status,2,c
  1605   001562  EFB5  F00A         	goto	u2471
  1606   001566  EFB7  F00A         	goto	u2470
  1607   00156A                     u2471:
  1608   00156A  EFBB  F00A         	goto	l902
  1609   00156E                     u2470:
  1610   00156E                     
  1611                           ;MCAL_layer/Timer0/hal_timer0.c: 22:         ret = (Std_ReturnType)0x00;
  1612   00156E  0E00               	movlw	0
  1613   001570  6E71               	movwf	Timer0_Init@ret^0,c
  1614                           
  1615                           ;MCAL_layer/Timer0/hal_timer0.c: 23:     }
  1616   001572  EFFE  F00A         	goto	l3820
  1617   001576                     l902:
  1618                           
  1619                           ;MCAL_layer/Timer0/hal_timer0.c: 25:         (T0CONbits.TMR0ON = 0);
  1620   001576  9ED5               	bcf	213,7,c	;volatile
  1621   001578                     
  1622                           ;MCAL_layer/Timer0/hal_timer0.c: 26:         Timer0_Prescaler_Config(_timer);
  1623   001578  C06D  F06A         	movff	Timer0_Init@_timer,Timer0_Prescaler_Config@_timer
  1624   00157C  C06E  F06B         	movff	Timer0_Init@_timer+1,Timer0_Prescaler_Config@_timer+1
  1625   001580  EC78  F00C         	call	_Timer0_Prescaler_Config	;wreg free
  1626                           
  1627                           ;MCAL_layer/Timer0/hal_timer0.c: 27:         Timer0_Mode_Select(_timer);
  1628   001584  C06D  F06A         	movff	Timer0_Init@_timer,Timer0_Mode_Select@_timer
  1629   001588  C06E  F06B         	movff	Timer0_Init@_timer+1,Timer0_Mode_Select@_timer+1
  1630   00158C  ECCA  F00B         	call	_Timer0_Mode_Select	;wreg free
  1631                           
  1632                           ;MCAL_layer/Timer0/hal_timer0.c: 28:         Timer0_Register_Size_Config(_timer);
  1633   001590  C06D  F06A         	movff	Timer0_Init@_timer,Timer0_Register_Size_Config@_timer
  1634   001594  C06E  F06B         	movff	Timer0_Init@_timer+1,Timer0_Register_Size_Config@_timer+1
  1635   001598  ECCA  F00C         	call	_Timer0_Register_Size_Config	;wreg free
  1636   00159C                     
  1637                           ;MCAL_layer/Timer0/hal_timer0.c: 29:         TMR0H = (_timer->timer0_preload_value) >> 8
      +                          ;
  1638   00159C  EE20 F004          	lfsr	2,4
  1639   0015A0  506D               	movf	Timer0_Init@_timer^0,w,c
  1640   0015A2  26D9               	addwf	fsr2l,f,c
  1641   0015A4  506E               	movf	(Timer0_Init@_timer+1)^0,w,c
  1642   0015A6  22DA               	addwfc	fsr2h,f,c
  1643   0015A8  CFDE F06F          	movff	postinc2,??_Timer0_Init
  1644   0015AC  CFDD F070          	movff	postdec2,??_Timer0_Init+1
  1645   0015B0  C070  F06F         	movff	??_Timer0_Init+1,??_Timer0_Init
  1646   0015B4  6A70               	clrf	(??_Timer0_Init+1)^0,c
  1647   0015B6  506F               	movf	??_Timer0_Init^0,w,c
  1648   0015B8  6ED7               	movwf	215,c	;volatile
  1649   0015BA                     
  1650                           ;MCAL_layer/Timer0/hal_timer0.c: 30:         TMR0L = (uint8)(_timer->timer0_preload_valu
      +                          e);
  1651   0015BA  EE20 F004          	lfsr	2,4
  1652   0015BE  506D               	movf	Timer0_Init@_timer^0,w,c
  1653   0015C0  26D9               	addwf	fsr2l,f,c
  1654   0015C2  506E               	movf	(Timer0_Init@_timer+1)^0,w,c
  1655   0015C4  22DA               	addwfc	fsr2h,f,c
  1656   0015C6  50DF               	movf	indf2,w,c
  1657   0015C8  6ED6               	movwf	214,c	;volatile
  1658   0015CA                     
  1659                           ;MCAL_layer/Timer0/hal_timer0.c: 31:         timer0_preload = _timer->timer0_preload_val
      +                          ue;
  1660   0015CA  EE20 F004          	lfsr	2,4
  1661   0015CE  506D               	movf	Timer0_Init@_timer^0,w,c
  1662   0015D0  26D9               	addwf	fsr2l,f,c
  1663   0015D2  506E               	movf	(Timer0_Init@_timer+1)^0,w,c
  1664   0015D4  22DA               	addwfc	fsr2h,f,c
  1665   0015D6  CFDE F043          	movff	postinc2,_timer0_preload
  1666   0015DA  CFDD F044          	movff	postdec2,_timer0_preload+1
  1667   0015DE                     
  1668                           ;MCAL_layer/Timer0/hal_timer0.c: 34:         (INTCONbits.TMR0IE = 1);
  1669   0015DE  8AF2               	bsf	242,5,c	;volatile
  1670   0015E0                     
  1671                           ;MCAL_layer/Timer0/hal_timer0.c: 35:         (INTCONbits.TMR0IF = 0);
  1672   0015E0  94F2               	bcf	242,2,c	;volatile
  1673   0015E2                     
  1674                           ;MCAL_layer/Timer0/hal_timer0.c: 36:         TMR0_InterruptHandler = _timer->TMR0_Interr
      +                          uptHandler;
  1675   0015E2  C06D  FFD9         	movff	Timer0_Init@_timer,fsr2l
  1676   0015E6  C06E  FFDA         	movff	Timer0_Init@_timer+1,fsr2h
  1677   0015EA  CFDE F045          	movff	postinc2,_TMR0_InterruptHandler
  1678   0015EE  CFDD F046          	movff	postdec2,_TMR0_InterruptHandler+1
  1679   0015F2                     
  1680                           ;MCAL_layer/Timer0/hal_timer0.c: 53:         (INTCONbits.GIE = 1);
  1681   0015F2  8EF2               	bsf	242,7,c	;volatile
  1682   0015F4                     
  1683                           ;MCAL_layer/Timer0/hal_timer0.c: 54:         (INTCONbits.PEIE = 1);
  1684   0015F4  8CF2               	bsf	242,6,c	;volatile
  1685   0015F6                     
  1686                           ;MCAL_layer/Timer0/hal_timer0.c: 58:         (T0CONbits.TMR0ON = 1);
  1687   0015F6  8ED5               	bsf	213,7,c	;volatile
  1688   0015F8                     
  1689                           ;MCAL_layer/Timer0/hal_timer0.c: 59:         ret = (Std_ReturnType)0x01;
  1690   0015F8  0E01               	movlw	1
  1691   0015FA  6E71               	movwf	Timer0_Init@ret^0,c
  1692   0015FC                     l3820:
  1693                           
  1694                           ;MCAL_layer/Timer0/hal_timer0.c: 61:     return ret;
  1695   0015FC  5071               	movf	Timer0_Init@ret^0,w,c
  1696   0015FE  0012               	return		;funcret
  1697   001600                     __end_of_Timer0_Init:
  1698                           	callstack 0
  1699                           
  1700 ;; *************** function _Timer0_Register_Size_Config *****************
  1701 ;; Defined at:
  1702 ;;		line 144 in file "MCAL_layer/Timer0/hal_timer0.c"
  1703 ;; Parameters:    Size  Location     Type
  1704 ;;  _timer          2    3[COMRAM] PTR const struct .
  1705 ;;		 -> timer0(7), 
  1706 ;; Auto vars:     Size  Location     Type
  1707 ;;		None
  1708 ;; Return value:  Size  Location     Type
  1709 ;;                  1    wreg      void 
  1710 ;; Registers used:
  1711 ;;		wreg, fsr2l, fsr2h, status,2, status,0
  1712 ;; Tracked objects:
  1713 ;;		On entry : 0/0
  1714 ;;		On exit  : 0/0
  1715 ;;		Unchanged: 0/0
  1716 ;; Data sizes:     COMRAM   BANK0   BANK1   BANK2   BANK3   BANK4   BANK5   BANK6   BANK7   BANK8   BANK9  BANK10  BANK1
      +1  BANK12  BANK13  BANK14  BANK15
  1717 ;;      Params:         2       0       0       0       0       0       0       0       0       0       0       0       
      +0       0       0       0       0
  1718 ;;      Locals:         0       0       0       0       0       0       0       0       0       0       0       0       
      +0       0       0       0       0
  1719 ;;      Temps:          0       0       0       0       0       0       0       0       0       0       0       0       
      +0       0       0       0       0
  1720 ;;      Totals:         2       0       0       0       0       0       0       0       0       0       0       0       
      +0       0       0       0       0
  1721 ;;Total ram usage:        2 bytes
  1722 ;; Hardware stack levels used: 1
  1723 ;; Hardware stack levels required when called: 3
  1724 ;; This function calls:
  1725 ;;		Nothing
  1726 ;; This function is called by:
  1727 ;;		_Timer0_Init
  1728 ;; This function uses a non-reentrant model
  1729 ;;
  1730                           
  1731                           	psect	text9
  1732   001994                     __ptext9:
  1733                           	callstack 0
  1734   001994                     _Timer0_Register_Size_Config:
  1735                           	callstack 26
  1736   001994                     
  1737                           ;MCAL_layer/Timer0/hal_timer0.c: 145:     if(1 == _timer->timer0_register_size){
  1738   001994  EE20 F006          	lfsr	2,6
  1739   001998  506A               	movf	Timer0_Register_Size_Config@_timer^0,w,c
  1740   00199A  26D9               	addwf	fsr2l,f,c
  1741   00199C  506B               	movf	(Timer0_Register_Size_Config@_timer+1)^0,w,c
  1742   00199E  22DA               	addwfc	fsr2h,f,c
  1743   0019A0  A6DF               	btfss	indf2,3,c
  1744   0019A2  EFD5  F00C         	goto	u2311
  1745   0019A6  EFD7  F00C         	goto	u2310
  1746   0019AA                     u2311:
  1747   0019AA  EFDA  F00C         	goto	l3654
  1748   0019AE                     u2310:
  1749   0019AE                     
  1750                           ;MCAL_layer/Timer0/hal_timer0.c: 146:         (T0CONbits.T08BIT = 1);
  1751   0019AE  8CD5               	bsf	213,6,c	;volatile
  1752                           
  1753                           ;MCAL_layer/Timer0/hal_timer0.c: 147:     }
  1754   0019B0  EFE8  F00C         	goto	l948
  1755   0019B4                     l3654:
  1756   0019B4  EE20 F006          	lfsr	2,6
  1757   0019B8  506A               	movf	Timer0_Register_Size_Config@_timer^0,w,c
  1758   0019BA  26D9               	addwf	fsr2l,f,c
  1759   0019BC  506B               	movf	(Timer0_Register_Size_Config@_timer+1)^0,w,c
  1760   0019BE  22DA               	addwfc	fsr2h,f,c
  1761   0019C0  B6DF               	btfsc	indf2,3,c
  1762   0019C2  EFE5  F00C         	goto	u2321
  1763   0019C6  EFE7  F00C         	goto	u2320
  1764   0019CA                     u2321:
  1765   0019CA  EFE8  F00C         	goto	l948
  1766   0019CE                     u2320:
  1767   0019CE                     
  1768                           ;MCAL_layer/Timer0/hal_timer0.c: 149:         (T0CONbits.T08BIT = 0);
  1769   0019CE  9CD5               	bcf	213,6,c	;volatile
  1770   0019D0                     l948:
  1771   0019D0  0012               	return		;funcret
  1772   0019D2                     __end_of_Timer0_Register_Size_Config:
  1773                           	callstack 0
  1774                           
  1775 ;; *************** function _Timer0_Prescaler_Config *****************
  1776 ;; Defined at:
  1777 ;;		line 116 in file "MCAL_layer/Timer0/hal_timer0.c"
  1778 ;; Parameters:    Size  Location     Type
  1779 ;;  _timer          2    3[COMRAM] PTR const struct .
  1780 ;;		 -> timer0(7), 
  1781 ;; Auto vars:     Size  Location     Type
  1782 ;;		None
  1783 ;; Return value:  Size  Location     Type
  1784 ;;                  1    wreg      void 
  1785 ;; Registers used:
  1786 ;;		wreg, fsr2l, fsr2h, status,2, status,0
  1787 ;; Tracked objects:
  1788 ;;		On entry : 0/0
  1789 ;;		On exit  : 0/0
  1790 ;;		Unchanged: 0/0
  1791 ;; Data sizes:     COMRAM   BANK0   BANK1   BANK2   BANK3   BANK4   BANK5   BANK6   BANK7   BANK8   BANK9  BANK10  BANK1
      +1  BANK12  BANK13  BANK14  BANK15
  1792 ;;      Params:         2       0       0       0       0       0       0       0       0       0       0       0       
      +0       0       0       0       0
  1793 ;;      Locals:         0       0       0       0       0       0       0       0       0       0       0       0       
      +0       0       0       0       0
  1794 ;;      Temps:          1       0       0       0       0       0       0       0       0       0       0       0       
      +0       0       0       0       0
  1795 ;;      Totals:         3       0       0       0       0       0       0       0       0       0       0       0       
      +0       0       0       0       0
  1796 ;;Total ram usage:        3 bytes
  1797 ;; Hardware stack levels used: 1
  1798 ;; Hardware stack levels required when called: 3
  1799 ;; This function calls:
  1800 ;;		Nothing
  1801 ;; This function is called by:
  1802 ;;		_Timer0_Init
  1803 ;; This function uses a non-reentrant model
  1804 ;;
  1805                           
  1806                           	psect	text10
  1807   0018F0                     __ptext10:
  1808                           	callstack 0
  1809   0018F0                     _Timer0_Prescaler_Config:
  1810                           	callstack 26
  1811   0018F0                     
  1812                           ;MCAL_layer/Timer0/hal_timer0.c: 117:     if(1 == _timer->prescaler_enable){
  1813   0018F0  EE20 F006          	lfsr	2,6
  1814   0018F4  506A               	movf	Timer0_Prescaler_Config@_timer^0,w,c
  1815   0018F6  26D9               	addwf	fsr2l,f,c
  1816   0018F8  506B               	movf	(Timer0_Prescaler_Config@_timer+1)^0,w,c
  1817   0018FA  22DA               	addwfc	fsr2h,f,c
  1818   0018FC  A0DF               	btfss	indf2,0,c
  1819   0018FE  EF83  F00C         	goto	u2251
  1820   001902  EF85  F00C         	goto	u2250
  1821   001906                     u2251:
  1822   001906  EF95  F00C         	goto	l3630
  1823   00190A                     u2250:
  1824   00190A                     
  1825                           ;MCAL_layer/Timer0/hal_timer0.c: 118:         (T0CONbits.PSA = 0);
  1826   00190A  96D5               	bcf	213,3,c	;volatile
  1827   00190C                     
  1828                           ;MCAL_layer/Timer0/hal_timer0.c: 119:         T0CONbits.T0PS = _timer->prescaler_value;
  1829   00190C  EE20 F003          	lfsr	2,3
  1830   001910  506A               	movf	Timer0_Prescaler_Config@_timer^0,w,c
  1831   001912  26D9               	addwf	fsr2l,f,c
  1832   001914  506B               	movf	(Timer0_Prescaler_Config@_timer+1)^0,w,c
  1833   001916  22DA               	addwfc	fsr2h,f,c
  1834   001918  50DF               	movf	indf2,w,c
  1835   00191A  6E6C               	movwf	??_Timer0_Prescaler_Config^0,c
  1836   00191C  50D5               	movf	213,w,c	;volatile
  1837   00191E  186C               	xorwf	??_Timer0_Prescaler_Config^0,w,c
  1838   001920  0BF8               	andlw	-8
  1839   001922  186C               	xorwf	??_Timer0_Prescaler_Config^0,w,c
  1840   001924  6ED5               	movwf	213,c	;volatile
  1841                           
  1842                           ;MCAL_layer/Timer0/hal_timer0.c: 120:     }
  1843   001926  EFA3  F00C         	goto	l930
  1844   00192A                     l3630:
  1845   00192A  EE20 F006          	lfsr	2,6
  1846   00192E  506A               	movf	Timer0_Prescaler_Config@_timer^0,w,c
  1847   001930  26D9               	addwf	fsr2l,f,c
  1848   001932  506B               	movf	(Timer0_Prescaler_Config@_timer+1)^0,w,c
  1849   001934  22DA               	addwfc	fsr2h,f,c
  1850   001936  B0DF               	btfsc	indf2,0,c
  1851   001938  EFA0  F00C         	goto	u2261
  1852   00193C  EFA2  F00C         	goto	u2260
  1853   001940                     u2261:
  1854   001940  EFA3  F00C         	goto	l930
  1855   001944                     u2260:
  1856   001944                     
  1857                           ;MCAL_layer/Timer0/hal_timer0.c: 122:         (T0CONbits.PSA = 1);
  1858   001944  86D5               	bsf	213,3,c	;volatile
  1859   001946                     l930:
  1860   001946  0012               	return		;funcret
  1861   001948                     __end_of_Timer0_Prescaler_Config:
  1862                           	callstack 0
  1863                           
  1864 ;; *************** function _Timer0_Mode_Select *****************
  1865 ;; Defined at:
  1866 ;;		line 127 in file "MCAL_layer/Timer0/hal_timer0.c"
  1867 ;; Parameters:    Size  Location     Type
  1868 ;;  _timer          2    3[COMRAM] PTR const struct .
  1869 ;;		 -> timer0(7), 
  1870 ;; Auto vars:     Size  Location     Type
  1871 ;;		None
  1872 ;; Return value:  Size  Location     Type
  1873 ;;                  1    wreg      void 
  1874 ;; Registers used:
  1875 ;;		wreg, fsr2l, fsr2h, status,2, status,0
  1876 ;; Tracked objects:
  1877 ;;		On entry : 0/0
  1878 ;;		On exit  : 0/0
  1879 ;;		Unchanged: 0/0
  1880 ;; Data sizes:     COMRAM   BANK0   BANK1   BANK2   BANK3   BANK4   BANK5   BANK6   BANK7   BANK8   BANK9  BANK10  BANK1
      +1  BANK12  BANK13  BANK14  BANK15
  1881 ;;      Params:         2       0       0       0       0       0       0       0       0       0       0       0       
      +0       0       0       0       0
  1882 ;;      Locals:         0       0       0       0       0       0       0       0       0       0       0       0       
      +0       0       0       0       0
  1883 ;;      Temps:          0       0       0       0       0       0       0       0       0       0       0       0       
      +0       0       0       0       0
  1884 ;;      Totals:         2       0       0       0       0       0       0       0       0       0       0       0       
      +0       0       0       0       0
  1885 ;;Total ram usage:        2 bytes
  1886 ;; Hardware stack levels used: 1
  1887 ;; Hardware stack levels required when called: 3
  1888 ;; This function calls:
  1889 ;;		Nothing
  1890 ;; This function is called by:
  1891 ;;		_Timer0_Init
  1892 ;; This function uses a non-reentrant model
  1893 ;;
  1894                           
  1895                           	psect	text11
  1896   001794                     __ptext11:
  1897                           	callstack 0
  1898   001794                     _Timer0_Mode_Select:
  1899                           	callstack 26
  1900   001794                     
  1901                           ;MCAL_layer/Timer0/hal_timer0.c: 128:     if(1 == _timer->timer0_mode){
  1902   001794  EE20 F006          	lfsr	2,6
  1903   001798  506A               	movf	Timer0_Mode_Select@_timer^0,w,c
  1904   00179A  26D9               	addwf	fsr2l,f,c
  1905   00179C  506B               	movf	(Timer0_Mode_Select@_timer+1)^0,w,c
  1906   00179E  22DA               	addwfc	fsr2h,f,c
  1907   0017A0  A4DF               	btfss	indf2,2,c
  1908   0017A2  EFD5  F00B         	goto	u2271
  1909   0017A6  EFD7  F00B         	goto	u2270
  1910   0017AA                     u2271:
  1911   0017AA  EFDA  F00B         	goto	l3638
  1912   0017AE                     u2270:
  1913   0017AE                     
  1914                           ;MCAL_layer/Timer0/hal_timer0.c: 129:         (T0CONbits.T0CS = 0);
  1915   0017AE  9AD5               	bcf	213,5,c	;volatile
  1916                           
  1917                           ;MCAL_layer/Timer0/hal_timer0.c: 130:     }
  1918   0017B0  EF08  F00C         	goto	l941
  1919   0017B4                     l3638:
  1920   0017B4  EE20 F006          	lfsr	2,6
  1921   0017B8  506A               	movf	Timer0_Mode_Select@_timer^0,w,c
  1922   0017BA  26D9               	addwf	fsr2l,f,c
  1923   0017BC  506B               	movf	(Timer0_Mode_Select@_timer+1)^0,w,c
  1924   0017BE  22DA               	addwfc	fsr2h,f,c
  1925   0017C0  B4DF               	btfsc	indf2,2,c
  1926   0017C2  EFE5  F00B         	goto	u2281
  1927   0017C6  EFE7  F00B         	goto	u2280
  1928   0017CA                     u2281:
  1929   0017CA  EF08  F00C         	goto	l941
  1930   0017CE                     u2280:
  1931   0017CE                     
  1932                           ;MCAL_layer/Timer0/hal_timer0.c: 132:         (T0CONbits.T0CS = 1);
  1933   0017CE  8AD5               	bsf	213,5,c	;volatile
  1934   0017D0                     
  1935                           ;MCAL_layer/Timer0/hal_timer0.c: 133:         if(1 == _timer->timer0_counter_edge){
  1936   0017D0  EE20 F006          	lfsr	2,6
  1937   0017D4  506A               	movf	Timer0_Mode_Select@_timer^0,w,c
  1938   0017D6  26D9               	addwf	fsr2l,f,c
  1939   0017D8  506B               	movf	(Timer0_Mode_Select@_timer+1)^0,w,c
  1940   0017DA  22DA               	addwfc	fsr2h,f,c
  1941   0017DC  A2DF               	btfss	indf2,1,c
  1942   0017DE  EFF3  F00B         	goto	u2291
  1943   0017E2  EFF5  F00B         	goto	u2290
  1944   0017E6                     u2291:
  1945   0017E6  EFF8  F00B         	goto	l3646
  1946   0017EA                     u2290:
  1947   0017EA                     
  1948                           ;MCAL_layer/Timer0/hal_timer0.c: 134:             (T0CONbits.T0SE = 0);
  1949   0017EA  98D5               	bcf	213,4,c	;volatile
  1950                           
  1951                           ;MCAL_layer/Timer0/hal_timer0.c: 135:         }
  1952   0017EC  EF08  F00C         	goto	l941
  1953   0017F0                     l3646:
  1954   0017F0  EE20 F006          	lfsr	2,6
  1955   0017F4  506A               	movf	Timer0_Mode_Select@_timer^0,w,c
  1956   0017F6  26D9               	addwf	fsr2l,f,c
  1957   0017F8  506B               	movf	(Timer0_Mode_Select@_timer+1)^0,w,c
  1958   0017FA  22DA               	addwfc	fsr2h,f,c
  1959   0017FC  B2DF               	btfsc	indf2,1,c
  1960   0017FE  EF03  F00C         	goto	u2301
  1961   001802  EF05  F00C         	goto	u2300
  1962   001806                     u2301:
  1963   001806  EF08  F00C         	goto	l940
  1964   00180A                     u2300:
  1965   00180A                     
  1966                           ;MCAL_layer/Timer0/hal_timer0.c: 137:             (T0CONbits.T0SE = 1);
  1967   00180A  88D5               	bsf	213,4,c	;volatile
  1968                           
  1969                           ;MCAL_layer/Timer0/hal_timer0.c: 138:         }
  1970   00180C  EF08  F00C         	goto	l941
  1971   001810                     l940:
  1972   001810                     l941:
  1973   001810  0012               	return		;funcret
  1974   001812                     __end_of_Timer0_Mode_Select:
  1975                           	callstack 0
  1976                           
  1977 ;; *************** function _InterruptManager *****************
  1978 ;; Defined at:
  1979 ;;		line 33 in file "MCAL_layer/Interrupt/mcal_interrupt_manager.c"
  1980 ;; Parameters:    Size  Location     Type
  1981 ;;		None
  1982 ;; Auto vars:     Size  Location     Type
  1983 ;;		None
  1984 ;; Return value:  Size  Location     Type
  1985 ;;                  1    wreg      void 
  1986 ;; Registers used:
  1987 ;;		wreg, status,2, status,0, pcl, pclath, pclatu, tosl, cstack
  1988 ;; Tracked objects:
  1989 ;;		On entry : 0/0
  1990 ;;		On exit  : 0/0
  1991 ;;		Unchanged: 0/0
  1992 ;; Data sizes:     COMRAM   BANK0   BANK1   BANK2   BANK3   BANK4   BANK5   BANK6   BANK7   BANK8   BANK9  BANK10  BANK1
      +1  BANK12  BANK13  BANK14  BANK15
  1993 ;;      Params:         0       0       0       0       0       0       0       0       0       0       0       0       
      +0       0       0       0       0
  1994 ;;      Locals:         0       0       0       0       0       0       0       0       0       0       0       0       
      +0       0       0       0       0
  1995 ;;      Temps:          2       0       0       0       0       0       0       0       0       0       0       0       
      +0       0       0       0       0
  1996 ;;      Totals:         2       0       0       0       0       0       0       0       0       0       0       0       
      +0       0       0       0       0
  1997 ;;Total ram usage:        2 bytes
  1998 ;; Hardware stack levels used: 1
  1999 ;; Hardware stack levels required when called: 2
  2000 ;; This function calls:
  2001 ;;		_ADC_ISR
  2002 ;;		_INT0_ISR
  2003 ;;		_INT1_ISR
  2004 ;;		_INT2_ISR
  2005 ;;		_RB4_ISR
  2006 ;;		_RB5_ISR
  2007 ;;		_RB6_ISR
  2008 ;;		_RB7_ISR
  2009 ;;		_TMR0_ISR
  2010 ;; This function is called by:
  2011 ;;		Interrupt level 2
  2012 ;; This function uses a non-reentrant model
  2013 ;;
  2014                           
  2015                           	psect	intcode
  2016   000008                     __pintcode:
  2017                           	callstack 0
  2018   000008                     _InterruptManager:
  2019                           	callstack 25
  2020                           
  2021                           ;incstack = 0
  2022   000008  827B               	bsf	int$flags,1,c	;set compiler interrupt flag (level 2)
  2023   00000A  ED0B  F008         	call	int_func,f	;refresh shadow registers
  2024                           
  2025                           	psect	intcode_body
  2026   001016                     __pintcode_body:
  2027                           	callstack 25
  2028   001016                     int_func:
  2029                           	callstack 25
  2030   001016  0006               	pop		; remove dummy address from shadow register refresh
  2031   001018  CFFA F068          	movff	pclath,??_InterruptManager
  2032   00101C  CFFB F069          	movff	pclatu,??_InterruptManager+1
  2033   001020                     
  2034                           ;MCAL_layer/Interrupt/mcal_interrupt_manager.c: 35:     if((1 == INTCONbits.INT0IE) && (
      +                          1 == INTCONbits.INT0IF)){
  2035   001020  A8F2               	btfss	242,4,c	;volatile
  2036   001022  EF15  F008         	goto	i2u151_41
  2037   001026  EF17  F008         	goto	i2u151_40
  2038   00102A                     i2u151_41:
  2039   00102A  EF20  F008         	goto	i2l856
  2040   00102E                     i2u151_40:
  2041   00102E  A2F2               	btfss	242,1,c	;volatile
  2042   001030  EF1C  F008         	goto	i2u152_41
  2043   001034  EF1E  F008         	goto	i2u152_40
  2044   001038                     i2u152_41:
  2045   001038  EF20  F008         	goto	i2l856
  2046   00103C                     i2u152_40:
  2047   00103C                     
  2048                           ;MCAL_layer/Interrupt/mcal_interrupt_manager.c: 36:         INT0_ISR();
  2049   00103C  EC76  F00D         	call	_INT0_ISR	;wreg free
  2050   001040                     i2l856:
  2051                           
  2052                           ;MCAL_layer/Interrupt/mcal_interrupt_manager.c: 39:     if((1 == INTCON3bits.INT1E) && (
      +                          1 == INTCON3bits.INT1F)){
  2053   001040  A6F0               	btfss	240,3,c	;volatile
  2054   001042  EF25  F008         	goto	i2u153_41
  2055   001046  EF27  F008         	goto	i2u153_40
  2056   00104A                     i2u153_41:
  2057   00104A  EF30  F008         	goto	i2l858
  2058   00104E                     i2u153_40:
  2059   00104E  A0F0               	btfss	240,0,c	;volatile
  2060   001050  EF2C  F008         	goto	i2u154_41
  2061   001054  EF2E  F008         	goto	i2u154_40
  2062   001058                     i2u154_41:
  2063   001058  EF30  F008         	goto	i2l858
  2064   00105C                     i2u154_40:
  2065   00105C                     
  2066                           ;MCAL_layer/Interrupt/mcal_interrupt_manager.c: 40:         INT1_ISR();
  2067   00105C  EC74  F00D         	call	_INT1_ISR	;wreg free
  2068   001060                     i2l858:
  2069                           
  2070                           ;MCAL_layer/Interrupt/mcal_interrupt_manager.c: 43:     if((1 == INTCON3bits.INT2IE) && 
      +                          (1 == INTCON3bits.INT2IF)){
  2071   001060  A8F0               	btfss	240,4,c	;volatile
  2072   001062  EF35  F008         	goto	i2u155_41
  2073   001066  EF37  F008         	goto	i2u155_40
  2074   00106A                     i2u155_41:
  2075   00106A  EF40  F008         	goto	i2l860
  2076   00106E                     i2u155_40:
  2077   00106E  A2F0               	btfss	240,1,c	;volatile
  2078   001070  EF3C  F008         	goto	i2u156_41
  2079   001074  EF3E  F008         	goto	i2u156_40
  2080   001078                     i2u156_41:
  2081   001078  EF40  F008         	goto	i2l860
  2082   00107C                     i2u156_40:
  2083   00107C                     
  2084                           ;MCAL_layer/Interrupt/mcal_interrupt_manager.c: 44:         INT2_ISR();
  2085   00107C  EC72  F00D         	call	_INT2_ISR	;wreg free
  2086   001080                     i2l860:
  2087                           
  2088                           ;MCAL_layer/Interrupt/mcal_interrupt_manager.c: 50:     if((1 == INTCONbits.RBIE) && (1 
      +                          == INTCONbits.RBIF) &&
  2089   001080  A6F2               	btfss	242,3,c	;volatile
  2090   001082  EF45  F008         	goto	i2u157_41
  2091   001086  EF47  F008         	goto	i2u157_40
  2092   00108A                     i2u157_41:
  2093   00108A  EF62  F008         	goto	i2l862
  2094   00108E                     i2u157_40:
  2095   00108E  A0F2               	btfss	242,0,c	;volatile
  2096   001090  EF4C  F008         	goto	i2u158_41
  2097   001094  EF4E  F008         	goto	i2u158_40
  2098   001098                     i2u158_41:
  2099   001098  EF62  F008         	goto	i2l862
  2100   00109C                     i2u158_40:
  2101   00109C  A881               	btfss	129,4,c	;volatile
  2102   00109E  EF53  F008         	goto	i2u159_41
  2103   0010A2  EF55  F008         	goto	i2u159_40
  2104   0010A6                     i2u159_41:
  2105   0010A6  EF62  F008         	goto	i2l862
  2106   0010AA                     i2u159_40:
  2107   0010AA  0430               	decf	_RB4_Flag^0,w,c	;volatile
  2108   0010AC  A4D8               	btfss	status,2,c
  2109   0010AE  EF5B  F008         	goto	i2u160_41
  2110   0010B2  EF5D  F008         	goto	i2u160_40
  2111   0010B6                     i2u160_41:
  2112   0010B6  EF62  F008         	goto	i2l862
  2113   0010BA                     i2u160_40:
  2114   0010BA                     
  2115                           ;MCAL_layer/Interrupt/mcal_interrupt_manager.c: 51:        (PORTBbits.RB4 == GPIO_HIGH) 
      +                          && (RB4_Flag == 1)){;MCAL_layer/Interrupt/mcal_interrupt_manager.c: 52:         RB4_Flag
      +                           = 0;
  2116   0010BA  0E00               	movlw	0
  2117   0010BC  6E30               	movwf	_RB4_Flag^0,c	;volatile
  2118   0010BE                     
  2119                           ;MCAL_layer/Interrupt/mcal_interrupt_manager.c: 53:         RB4_ISR(0);
  2120   0010BE  0E00               	movlw	0
  2121   0010C0  EC62  F00D         	call	_RB4_ISR
  2122   0010C4                     i2l862:
  2123                           
  2124                           ;MCAL_layer/Interrupt/mcal_interrupt_manager.c: 56:     if((1 == INTCONbits.RBIE) && (1 
      +                          == INTCONbits.RBIF) &&
  2125   0010C4  A6F2               	btfss	242,3,c	;volatile
  2126   0010C6  EF67  F008         	goto	i2u161_41
  2127   0010CA  EF69  F008         	goto	i2u161_40
  2128   0010CE                     i2u161_41:
  2129   0010CE  EF84  F008         	goto	i2l864
  2130   0010D2                     i2u161_40:
  2131   0010D2  A0F2               	btfss	242,0,c	;volatile
  2132   0010D4  EF6E  F008         	goto	i2u162_41
  2133   0010D8  EF70  F008         	goto	i2u162_40
  2134   0010DC                     i2u162_41:
  2135   0010DC  EF84  F008         	goto	i2l864
  2136   0010E0                     i2u162_40:
  2137   0010E0  B881               	btfsc	129,4,c	;volatile
  2138   0010E2  EF75  F008         	goto	i2u163_41
  2139   0010E6  EF77  F008         	goto	i2u163_40
  2140   0010EA                     i2u163_41:
  2141   0010EA  EF84  F008         	goto	i2l864
  2142   0010EE                     i2u163_40:
  2143   0010EE  5030               	movf	_RB4_Flag^0,w,c	;volatile
  2144   0010F0  A4D8               	btfss	status,2,c
  2145   0010F2  EF7D  F008         	goto	i2u164_41
  2146   0010F6  EF7F  F008         	goto	i2u164_40
  2147   0010FA                     i2u164_41:
  2148   0010FA  EF84  F008         	goto	i2l864
  2149   0010FE                     i2u164_40:
  2150   0010FE                     
  2151                           ;MCAL_layer/Interrupt/mcal_interrupt_manager.c: 57:        (PORTBbits.RB4 == GPIO_LOW) &
      +                          & (RB4_Flag == 0)){;MCAL_layer/Interrupt/mcal_interrupt_manager.c: 58:         RB4_Flag 
      +                          = 1;
  2152   0010FE  0E01               	movlw	1
  2153   001100  6E30               	movwf	_RB4_Flag^0,c	;volatile
  2154   001102                     
  2155                           ;MCAL_layer/Interrupt/mcal_interrupt_manager.c: 59:         RB4_ISR(1);
  2156   001102  0E01               	movlw	1
  2157   001104  EC62  F00D         	call	_RB4_ISR
  2158   001108                     i2l864:
  2159                           
  2160                           ;MCAL_layer/Interrupt/mcal_interrupt_manager.c: 62:     if((1 == INTCONbits.RBIE) && (1 
      +                          == INTCONbits.RBIF) &&
  2161   001108  A6F2               	btfss	242,3,c	;volatile
  2162   00110A  EF89  F008         	goto	i2u165_41
  2163   00110E  EF8B  F008         	goto	i2u165_40
  2164   001112                     i2u165_41:
  2165   001112  EFA6  F008         	goto	i2l866
  2166   001116                     i2u165_40:
  2167   001116  A0F2               	btfss	242,0,c	;volatile
  2168   001118  EF90  F008         	goto	i2u166_41
  2169   00111C  EF92  F008         	goto	i2u166_40
  2170   001120                     i2u166_41:
  2171   001120  EFA6  F008         	goto	i2l866
  2172   001124                     i2u166_40:
  2173   001124  AA81               	btfss	129,5,c	;volatile
  2174   001126  EF97  F008         	goto	i2u167_41
  2175   00112A  EF99  F008         	goto	i2u167_40
  2176   00112E                     i2u167_41:
  2177   00112E  EFA6  F008         	goto	i2l866
  2178   001132                     i2u167_40:
  2179   001132  042F               	decf	_RB5_Flag^0,w,c	;volatile
  2180   001134  A4D8               	btfss	status,2,c
  2181   001136  EF9F  F008         	goto	i2u168_41
  2182   00113A  EFA1  F008         	goto	i2u168_40
  2183   00113E                     i2u168_41:
  2184   00113E  EFA6  F008         	goto	i2l866
  2185   001142                     i2u168_40:
  2186   001142                     
  2187                           ;MCAL_layer/Interrupt/mcal_interrupt_manager.c: 63:        (PORTBbits.RB5 == GPIO_HIGH) 
      +                          && (RB5_Flag == 1)){;MCAL_layer/Interrupt/mcal_interrupt_manager.c: 64:         RB5_Flag
      +                           = 0;
  2188   001142  0E00               	movlw	0
  2189   001144  6E2F               	movwf	_RB5_Flag^0,c	;volatile
  2190   001146                     
  2191                           ;MCAL_layer/Interrupt/mcal_interrupt_manager.c: 65:         RB5_ISR(0);
  2192   001146  0E00               	movlw	0
  2193   001148  EC55  F00D         	call	_RB5_ISR
  2194   00114C                     i2l866:
  2195                           
  2196                           ;MCAL_layer/Interrupt/mcal_interrupt_manager.c: 68:     if((1 == INTCONbits.RBIE) && (1 
      +                          == INTCONbits.RBIF) &&
  2197   00114C  A6F2               	btfss	242,3,c	;volatile
  2198   00114E  EFAB  F008         	goto	i2u169_41
  2199   001152  EFAD  F008         	goto	i2u169_40
  2200   001156                     i2u169_41:
  2201   001156  EFC8  F008         	goto	i2l868
  2202   00115A                     i2u169_40:
  2203   00115A  A0F2               	btfss	242,0,c	;volatile
  2204   00115C  EFB2  F008         	goto	i2u170_41
  2205   001160  EFB4  F008         	goto	i2u170_40
  2206   001164                     i2u170_41:
  2207   001164  EFC8  F008         	goto	i2l868
  2208   001168                     i2u170_40:
  2209   001168  BA81               	btfsc	129,5,c	;volatile
  2210   00116A  EFB9  F008         	goto	i2u171_41
  2211   00116E  EFBB  F008         	goto	i2u171_40
  2212   001172                     i2u171_41:
  2213   001172  EFC8  F008         	goto	i2l868
  2214   001176                     i2u171_40:
  2215   001176  502F               	movf	_RB5_Flag^0,w,c	;volatile
  2216   001178  A4D8               	btfss	status,2,c
  2217   00117A  EFC1  F008         	goto	i2u172_41
  2218   00117E  EFC3  F008         	goto	i2u172_40
  2219   001182                     i2u172_41:
  2220   001182  EFC8  F008         	goto	i2l868
  2221   001186                     i2u172_40:
  2222   001186                     
  2223                           ;MCAL_layer/Interrupt/mcal_interrupt_manager.c: 69:        (PORTBbits.RB5 == GPIO_LOW) &
      +                          & (RB5_Flag == 0)){;MCAL_layer/Interrupt/mcal_interrupt_manager.c: 70:         RB5_Flag 
      +                          = 1;
  2224   001186  0E01               	movlw	1
  2225   001188  6E2F               	movwf	_RB5_Flag^0,c	;volatile
  2226   00118A                     
  2227                           ;MCAL_layer/Interrupt/mcal_interrupt_manager.c: 71:         RB5_ISR(1);
  2228   00118A  0E01               	movlw	1
  2229   00118C  EC55  F00D         	call	_RB5_ISR
  2230   001190                     i2l868:
  2231                           
  2232                           ;MCAL_layer/Interrupt/mcal_interrupt_manager.c: 74:     if((1 == INTCONbits.RBIE) && (1 
      +                          == INTCONbits.RBIF) &&
  2233   001190  A6F2               	btfss	242,3,c	;volatile
  2234   001192  EFCD  F008         	goto	i2u173_41
  2235   001196  EFCF  F008         	goto	i2u173_40
  2236   00119A                     i2u173_41:
  2237   00119A  EFEA  F008         	goto	i2l870
  2238   00119E                     i2u173_40:
  2239   00119E  A0F2               	btfss	242,0,c	;volatile
  2240   0011A0  EFD4  F008         	goto	i2u174_41
  2241   0011A4  EFD6  F008         	goto	i2u174_40
  2242   0011A8                     i2u174_41:
  2243   0011A8  EFEA  F008         	goto	i2l870
  2244   0011AC                     i2u174_40:
  2245   0011AC  AC81               	btfss	129,6,c	;volatile
  2246   0011AE  EFDB  F008         	goto	i2u175_41
  2247   0011B2  EFDD  F008         	goto	i2u175_40
  2248   0011B6                     i2u175_41:
  2249   0011B6  EFEA  F008         	goto	i2l870
  2250   0011BA                     i2u175_40:
  2251   0011BA  042E               	decf	_RB6_Flag^0,w,c	;volatile
  2252   0011BC  A4D8               	btfss	status,2,c
  2253   0011BE  EFE3  F008         	goto	i2u176_41
  2254   0011C2  EFE5  F008         	goto	i2u176_40
  2255   0011C6                     i2u176_41:
  2256   0011C6  EFEA  F008         	goto	i2l870
  2257   0011CA                     i2u176_40:
  2258   0011CA                     
  2259                           ;MCAL_layer/Interrupt/mcal_interrupt_manager.c: 75:        (PORTBbits.RB6 == GPIO_HIGH) 
      +                          && (RB6_Flag == 1)){;MCAL_layer/Interrupt/mcal_interrupt_manager.c: 76:         RB6_Flag
      +                           = 0;
  2260   0011CA  0E00               	movlw	0
  2261   0011CC  6E2E               	movwf	_RB6_Flag^0,c	;volatile
  2262   0011CE                     
  2263                           ;MCAL_layer/Interrupt/mcal_interrupt_manager.c: 77:         RB6_ISR(0);
  2264   0011CE  0E00               	movlw	0
  2265   0011D0  EC48  F00D         	call	_RB6_ISR
  2266   0011D4                     i2l870:
  2267                           
  2268                           ;MCAL_layer/Interrupt/mcal_interrupt_manager.c: 80:     if((1 == INTCONbits.RBIE) && (1 
      +                          == INTCONbits.RBIF) &&
  2269   0011D4  A6F2               	btfss	242,3,c	;volatile
  2270   0011D6  EFEF  F008         	goto	i2u177_41
  2271   0011DA  EFF1  F008         	goto	i2u177_40
  2272   0011DE                     i2u177_41:
  2273   0011DE  EF0C  F009         	goto	i2l872
  2274   0011E2                     i2u177_40:
  2275   0011E2  A0F2               	btfss	242,0,c	;volatile
  2276   0011E4  EFF6  F008         	goto	i2u178_41
  2277   0011E8  EFF8  F008         	goto	i2u178_40
  2278   0011EC                     i2u178_41:
  2279   0011EC  EF0C  F009         	goto	i2l872
  2280   0011F0                     i2u178_40:
  2281   0011F0  BC81               	btfsc	129,6,c	;volatile
  2282   0011F2  EFFD  F008         	goto	i2u179_41
  2283   0011F6  EFFF  F008         	goto	i2u179_40
  2284   0011FA                     i2u179_41:
  2285   0011FA  EF0C  F009         	goto	i2l872
  2286   0011FE                     i2u179_40:
  2287   0011FE  502E               	movf	_RB6_Flag^0,w,c	;volatile
  2288   001200  A4D8               	btfss	status,2,c
  2289   001202  EF05  F009         	goto	i2u180_41
  2290   001206  EF07  F009         	goto	i2u180_40
  2291   00120A                     i2u180_41:
  2292   00120A  EF0C  F009         	goto	i2l872
  2293   00120E                     i2u180_40:
  2294   00120E                     
  2295                           ;MCAL_layer/Interrupt/mcal_interrupt_manager.c: 81:        (PORTBbits.RB6 == GPIO_LOW) &
      +                          & (RB6_Flag == 0)){;MCAL_layer/Interrupt/mcal_interrupt_manager.c: 82:         RB6_Flag 
      +                          = 1;
  2296   00120E  0E01               	movlw	1
  2297   001210  6E2E               	movwf	_RB6_Flag^0,c	;volatile
  2298   001212                     
  2299                           ;MCAL_layer/Interrupt/mcal_interrupt_manager.c: 83:         RB6_ISR(1);
  2300   001212  0E01               	movlw	1
  2301   001214  EC48  F00D         	call	_RB6_ISR
  2302   001218                     i2l872:
  2303                           
  2304                           ;MCAL_layer/Interrupt/mcal_interrupt_manager.c: 86:     if((1 == INTCONbits.RBIE) && (1 
      +                          == INTCONbits.RBIF) &&
  2305   001218  A6F2               	btfss	242,3,c	;volatile
  2306   00121A  EF11  F009         	goto	i2u181_41
  2307   00121E  EF13  F009         	goto	i2u181_40
  2308   001222                     i2u181_41:
  2309   001222  EF2E  F009         	goto	i2l874
  2310   001226                     i2u181_40:
  2311   001226  A0F2               	btfss	242,0,c	;volatile
  2312   001228  EF18  F009         	goto	i2u182_41
  2313   00122C  EF1A  F009         	goto	i2u182_40
  2314   001230                     i2u182_41:
  2315   001230  EF2E  F009         	goto	i2l874
  2316   001234                     i2u182_40:
  2317   001234  AE81               	btfss	129,7,c	;volatile
  2318   001236  EF1F  F009         	goto	i2u183_41
  2319   00123A  EF21  F009         	goto	i2u183_40
  2320   00123E                     i2u183_41:
  2321   00123E  EF2E  F009         	goto	i2l874
  2322   001242                     i2u183_40:
  2323   001242  042D               	decf	_RB7_Flag^0,w,c	;volatile
  2324   001244  A4D8               	btfss	status,2,c
  2325   001246  EF27  F009         	goto	i2u184_41
  2326   00124A  EF29  F009         	goto	i2u184_40
  2327   00124E                     i2u184_41:
  2328   00124E  EF2E  F009         	goto	i2l874
  2329   001252                     i2u184_40:
  2330   001252                     
  2331                           ;MCAL_layer/Interrupt/mcal_interrupt_manager.c: 87:        (PORTBbits.RB7 == GPIO_HIGH) 
      +                          && (RB7_Flag == 1)){;MCAL_layer/Interrupt/mcal_interrupt_manager.c: 88:         RB7_Flag
      +                           = 0;
  2332   001252  0E00               	movlw	0
  2333   001254  6E2D               	movwf	_RB7_Flag^0,c	;volatile
  2334   001256                     
  2335                           ;MCAL_layer/Interrupt/mcal_interrupt_manager.c: 89:         RB7_ISR(0);
  2336   001256  0E00               	movlw	0
  2337   001258  EC3B  F00D         	call	_RB7_ISR
  2338   00125C                     i2l874:
  2339                           
  2340                           ;MCAL_layer/Interrupt/mcal_interrupt_manager.c: 92:     if((1 == INTCONbits.RBIE) && (1 
      +                          == INTCONbits.RBIF) &&
  2341   00125C  A6F2               	btfss	242,3,c	;volatile
  2342   00125E  EF33  F009         	goto	i2u185_41
  2343   001262  EF35  F009         	goto	i2u185_40
  2344   001266                     i2u185_41:
  2345   001266  EF50  F009         	goto	i2l876
  2346   00126A                     i2u185_40:
  2347   00126A  A0F2               	btfss	242,0,c	;volatile
  2348   00126C  EF3A  F009         	goto	i2u186_41
  2349   001270  EF3C  F009         	goto	i2u186_40
  2350   001274                     i2u186_41:
  2351   001274  EF50  F009         	goto	i2l876
  2352   001278                     i2u186_40:
  2353   001278  BE81               	btfsc	129,7,c	;volatile
  2354   00127A  EF41  F009         	goto	i2u187_41
  2355   00127E  EF43  F009         	goto	i2u187_40
  2356   001282                     i2u187_41:
  2357   001282  EF50  F009         	goto	i2l876
  2358   001286                     i2u187_40:
  2359   001286  502D               	movf	_RB7_Flag^0,w,c	;volatile
  2360   001288  A4D8               	btfss	status,2,c
  2361   00128A  EF49  F009         	goto	i2u188_41
  2362   00128E  EF4B  F009         	goto	i2u188_40
  2363   001292                     i2u188_41:
  2364   001292  EF50  F009         	goto	i2l876
  2365   001296                     i2u188_40:
  2366   001296                     
  2367                           ;MCAL_layer/Interrupt/mcal_interrupt_manager.c: 93:        (PORTBbits.RB7 == GPIO_LOW) &
      +                          & (RB7_Flag == 0)){;MCAL_layer/Interrupt/mcal_interrupt_manager.c: 94:         RB7_Flag 
      +                          = 1;
  2368   001296  0E01               	movlw	1
  2369   001298  6E2D               	movwf	_RB7_Flag^0,c	;volatile
  2370   00129A                     
  2371                           ;MCAL_layer/Interrupt/mcal_interrupt_manager.c: 95:         RB7_ISR(1);
  2372   00129A  0E01               	movlw	1
  2373   00129C  EC3B  F00D         	call	_RB7_ISR
  2374   0012A0                     i2l876:
  2375                           
  2376                           ;MCAL_layer/Interrupt/mcal_interrupt_manager.c: 100:     if((1 == PIE1bits.ADIE) && (1 =
      +                          = PIR1bits.ADIF)){
  2377   0012A0  AC9D               	btfss	157,6,c	;volatile
  2378   0012A2  EF55  F009         	goto	i2u189_41
  2379   0012A6  EF57  F009         	goto	i2u189_40
  2380   0012AA                     i2u189_41:
  2381   0012AA  EF60  F009         	goto	i2l878
  2382   0012AE                     i2u189_40:
  2383   0012AE  AC9E               	btfss	158,6,c	;volatile
  2384   0012B0  EF5C  F009         	goto	i2u190_41
  2385   0012B4  EF5E  F009         	goto	i2u190_40
  2386   0012B8                     i2u190_41:
  2387   0012B8  EF60  F009         	goto	i2l878
  2388   0012BC                     i2u190_40:
  2389   0012BC                     
  2390                           ;MCAL_layer/Interrupt/mcal_interrupt_manager.c: 101:         ADC_ISR();
  2391   0012BC  EC78  F00D         	call	_ADC_ISR	;wreg free
  2392   0012C0                     i2l878:
  2393                           
  2394                           ;MCAL_layer/Interrupt/mcal_interrupt_manager.c: 105:     if((1 == INTCONbits.TMR0IE) && 
      +                          (1 == INTCONbits.TMR0IF)){
  2395   0012C0  AAF2               	btfss	242,5,c	;volatile
  2396   0012C2  EF65  F009         	goto	i2u191_41
  2397   0012C6  EF67  F009         	goto	i2u191_40
  2398   0012CA                     i2u191_41:
  2399   0012CA  EF70  F009         	goto	i2l881
  2400   0012CE                     i2u191_40:
  2401   0012CE  A4F2               	btfss	242,2,c	;volatile
  2402   0012D0  EF6C  F009         	goto	i2u192_41
  2403   0012D4  EF6E  F009         	goto	i2u192_40
  2404   0012D8                     i2u192_41:
  2405   0012D8  EF70  F009         	goto	i2l881
  2406   0012DC                     i2u192_40:
  2407   0012DC                     
  2408                           ;MCAL_layer/Interrupt/mcal_interrupt_manager.c: 106:         TMR0_ISR();
  2409   0012DC  EC20  F00D         	call	_TMR0_ISR	;wreg free
  2410   0012E0                     i2l881:
  2411   0012E0  C069  FFFB         	movff	??_InterruptManager+1,pclatu
  2412   0012E4  C068  FFFA         	movff	??_InterruptManager,pclath
  2413   0012E8  927B               	bcf	int$flags,1,c	;clear compiler interrupt flag (level 2)
  2414   0012EA  0011               	retfie		f
  2415   0012EC                     __end_of_InterruptManager:
  2416                           	callstack 0
  2417                           
  2418 ;; *************** function _TMR0_ISR *****************
  2419 ;; Defined at:
  2420 ;;		line 107 in file "MCAL_layer/Timer0/hal_timer0.c"
  2421 ;; Parameters:    Size  Location     Type
  2422 ;;		None
  2423 ;; Auto vars:     Size  Location     Type
  2424 ;;		None
  2425 ;; Return value:  Size  Location     Type
  2426 ;;                  1    wreg      void 
  2427 ;; Registers used:
  2428 ;;		wreg, status,2, status,0, pcl, pclath, pclatu, tosl, cstack
  2429 ;; Tracked objects:
  2430 ;;		On entry : 0/0
  2431 ;;		On exit  : 0/0
  2432 ;;		Unchanged: 0/0
  2433 ;; Data sizes:     COMRAM   BANK0   BANK1   BANK2   BANK3   BANK4   BANK5   BANK6   BANK7   BANK8   BANK9  BANK10  BANK1
      +1  BANK12  BANK13  BANK14  BANK15
  2434 ;;      Params:         0       0       0       0       0       0       0       0       0       0       0       0       
      +0       0       0       0       0
  2435 ;;      Locals:         0       0       0       0       0       0       0       0       0       0       0       0       
      +0       0       0       0       0
  2436 ;;      Temps:          0       0       0       0       0       0       0       0       0       0       0       0       
      +0       0       0       0       0
  2437 ;;      Totals:         0       0       0       0       0       0       0       0       0       0       0       0       
      +0       0       0       0       0
  2438 ;;Total ram usage:        0 bytes
  2439 ;; Hardware stack levels used: 1
  2440 ;; Hardware stack levels required when called: 1
  2441 ;; This function calls:
  2442 ;;		Absolute function
  2443 ;;		_Timer0_DefaultInterruptHandler
  2444 ;; This function is called by:
  2445 ;;		_InterruptManager
  2446 ;; This function uses a non-reentrant model
  2447 ;;
  2448                           
  2449                           	psect	text13
  2450   001A40                     __ptext13:
  2451                           	callstack 0
  2452   001A40                     _TMR0_ISR:
  2453                           	callstack 25
  2454   001A40                     
  2455                           ;MCAL_layer/Timer0/hal_timer0.c: 108:     (INTCONbits.TMR0IF = 0);
  2456   001A40  94F2               	bcf	242,2,c	;volatile
  2457   001A42                     
  2458                           ;MCAL_layer/Timer0/hal_timer0.c: 109:     TMR0H = (timer0_preload) >> 8;
  2459   001A42  5044               	movf	(_timer0_preload+1)^0,w,c
  2460   001A44  6ED7               	movwf	215,c	;volatile
  2461   001A46                     
  2462                           ;MCAL_layer/Timer0/hal_timer0.c: 110:     TMR0L = (uint8)(timer0_preload);
  2463   001A46  C043  FFD6         	movff	_timer0_preload,4054	;volatile
  2464   001A4A                     
  2465                           ;MCAL_layer/Timer0/hal_timer0.c: 111:     if(TMR0_InterruptHandler){
  2466   001A4A  5045               	movf	_TMR0_InterruptHandler^0,w,c
  2467   001A4C  1046               	iorwf	(_TMR0_InterruptHandler+1)^0,w,c
  2468   001A4E  B4D8               	btfsc	status,2,c
  2469   001A50  EF2C  F00D         	goto	i2u56_41
  2470   001A54  EF2E  F00D         	goto	i2u56_40
  2471   001A58                     i2u56_41:
  2472   001A58  EF3A  F00D         	goto	i2l923
  2473   001A5C                     i2u56_40:
  2474   001A5C                     
  2475                           ;MCAL_layer/Timer0/hal_timer0.c: 112:         TMR0_InterruptHandler();
  2476   001A5C  D802               	call	i2u57_48
  2477   001A5E  EF3A  F00D         	goto	i2u57_49
  2478   001A62                     i2u57_48:
  2479   001A62  0005               	push	
  2480   001A64  6EFA               	movwf	pclath,c
  2481   001A66  5045               	movf	_TMR0_InterruptHandler^0,w,c
  2482   001A68  6EFD               	movwf	tosl,c
  2483   001A6A  5046               	movf	(_TMR0_InterruptHandler+1)^0,w,c
  2484   001A6C  6EFE               	movwf	tosh,c
  2485   001A6E  6AFF               	clrf	tosu,c
  2486   001A70  50FA               	movf	pclath,w,c
  2487   001A72  0012               	return		;indir
  2488   001A74                     i2u57_49:
  2489   001A74                     i2l923:
  2490   001A74  0012               	return		;funcret
  2491   001A76                     __end_of_TMR0_ISR:
  2492                           	callstack 0
  2493                           
  2494 ;; *************** function _Timer0_DefaultInterruptHandler *****************
  2495 ;; Defined at:
  2496 ;;		line 13 in file "application.c"
  2497 ;; Parameters:    Size  Location     Type
  2498 ;;		None
  2499 ;; Auto vars:     Size  Location     Type
  2500 ;;		None
  2501 ;; Return value:  Size  Location     Type
  2502 ;;                  1    wreg      void 
  2503 ;; Registers used:
  2504 ;;		wreg, status,2
  2505 ;; Tracked objects:
  2506 ;;		On entry : 0/0
  2507 ;;		On exit  : 0/0
  2508 ;;		Unchanged: 0/0
  2509 ;; Data sizes:     COMRAM   BANK0   BANK1   BANK2   BANK3   BANK4   BANK5   BANK6   BANK7   BANK8   BANK9  BANK10  BANK1
      +1  BANK12  BANK13  BANK14  BANK15
  2510 ;;      Params:         0       0       0       0       0       0       0       0       0       0       0       0       
      +0       0       0       0       0
  2511 ;;      Locals:         0       0       0       0       0       0       0       0       0       0       0       0       
      +0       0       0       0       0
  2512 ;;      Temps:          0       0       0       0       0       0       0       0       0       0       0       0       
      +0       0       0       0       0
  2513 ;;      Totals:         0       0       0       0       0       0       0       0       0       0       0       0       
      +0       0       0       0       0
  2514 ;;Total ram usage:        0 bytes
  2515 ;; Hardware stack levels used: 1
  2516 ;; This function calls:
  2517 ;;		Nothing
  2518 ;; This function is called by:
  2519 ;;		_TMR0_ISR
  2520 ;; This function uses a non-reentrant model
  2521 ;;
  2522                           
  2523                           	psect	text14
  2524   001ADE                     __ptext14:
  2525                           	callstack 0
  2526   001ADE                     _Timer0_DefaultInterruptHandler:
  2527                           	callstack 25
  2528   001ADE                     
  2529                           ;application.c: 14:     timer0_1000ms = 1;
  2530   001ADE  0E01               	movlw	1
  2531   001AE0  6E5F               	movwf	_timer0_1000ms^0,c	;volatile
  2532   001AE2  0012               	return		;funcret
  2533   001AE4                     __end_of_Timer0_DefaultInterruptHandler:
  2534                           	callstack 0
  2535                           
  2536 ;; *************** function _RB7_ISR *****************
  2537 ;; Defined at:
  2538 ;;		line 165 in file "MCAL_layer/Interrupt/mcal_external_interrupt.c"
  2539 ;; Parameters:    Size  Location     Type
  2540 ;;  RB7_Source      1    wreg     unsigned char 
  2541 ;; Auto vars:     Size  Location     Type
  2542 ;;  RB7_Source      1    0[COMRAM] unsigned char 
  2543 ;; Return value:  Size  Location     Type
  2544 ;;                  1    wreg      void 
  2545 ;; Registers used:
  2546 ;;		wreg, status,2, status,0
  2547 ;; Tracked objects:
  2548 ;;		On entry : 0/0
  2549 ;;		On exit  : 0/0
  2550 ;;		Unchanged: 0/0
  2551 ;; Data sizes:     COMRAM   BANK0   BANK1   BANK2   BANK3   BANK4   BANK5   BANK6   BANK7   BANK8   BANK9  BANK10  BANK1
      +1  BANK12  BANK13  BANK14  BANK15
  2552 ;;      Params:         0       0       0       0       0       0       0       0       0       0       0       0       
      +0       0       0       0       0
  2553 ;;      Locals:         1       0       0       0       0       0       0       0       0       0       0       0       
      +0       0       0       0       0
  2554 ;;      Temps:          0       0       0       0       0       0       0       0       0       0       0       0       
      +0       0       0       0       0
  2555 ;;      Totals:         1       0       0       0       0       0       0       0       0       0       0       0       
      +0       0       0       0       0
  2556 ;;Total ram usage:        1 bytes
  2557 ;; Hardware stack levels used: 1
  2558 ;; This function calls:
  2559 ;;		Nothing
  2560 ;; This function is called by:
  2561 ;;		_InterruptManager
  2562 ;; This function uses a non-reentrant model
  2563 ;;
  2564                           
  2565                           	psect	text15
  2566   001A76                     __ptext15:
  2567                           	callstack 0
  2568   001A76                     _RB7_ISR:
  2569                           	callstack 26
  2570                           
  2571                           ;incstack = 0
  2572                           ;RB7_ISR@RB7_Source stored from wreg
  2573   001A76  6E67               	movwf	RB7_ISR@RB7_Source^0,c
  2574   001A78                     
  2575                           ;MCAL_layer/Interrupt/mcal_external_interrupt.c: 167:     (INTCONbits.RBIF = 0);
  2576   001A78  90F2               	bcf	242,0,c	;volatile
  2577   001A7A                     
  2578                           ;MCAL_layer/Interrupt/mcal_external_interrupt.c: 170:     if(0 == RB7_Source){
  2579   001A7A  5067               	movf	RB7_ISR@RB7_Source^0,w,c
  2580   001A7C  A4D8               	btfss	status,2,c
  2581   001A7E  EF43  F00D         	goto	i2u52_41
  2582   001A82  EF45  F00D         	goto	i2u52_40
  2583   001A86                     i2u52_41:
  2584   001A86  EF47  F00D         	goto	i2l2170
  2585   001A8A                     i2u52_40:
  2586   001A8A  EF47  F00D         	goto	i2l705
  2587   001A8E                     i2l2170:
  2588   001A8E                     i2l705:
  2589   001A8E  0012               	return		;funcret
  2590   001A90                     __end_of_RB7_ISR:
  2591                           	callstack 0
  2592                           
  2593 ;; *************** function _RB6_ISR *****************
  2594 ;; Defined at:
  2595 ;;		line 146 in file "MCAL_layer/Interrupt/mcal_external_interrupt.c"
  2596 ;; Parameters:    Size  Location     Type
  2597 ;;  RB6_Source      1    wreg     unsigned char 
  2598 ;; Auto vars:     Size  Location     Type
  2599 ;;  RB6_Source      1    0[COMRAM] unsigned char 
  2600 ;; Return value:  Size  Location     Type
  2601 ;;                  1    wreg      void 
  2602 ;; Registers used:
  2603 ;;		wreg, status,2, status,0
  2604 ;; Tracked objects:
  2605 ;;		On entry : 0/0
  2606 ;;		On exit  : 0/0
  2607 ;;		Unchanged: 0/0
  2608 ;; Data sizes:     COMRAM   BANK0   BANK1   BANK2   BANK3   BANK4   BANK5   BANK6   BANK7   BANK8   BANK9  BANK10  BANK1
      +1  BANK12  BANK13  BANK14  BANK15
  2609 ;;      Params:         0       0       0       0       0       0       0       0       0       0       0       0       
      +0       0       0       0       0
  2610 ;;      Locals:         1       0       0       0       0       0       0       0       0       0       0       0       
      +0       0       0       0       0
  2611 ;;      Temps:          0       0       0       0       0       0       0       0       0       0       0       0       
      +0       0       0       0       0
  2612 ;;      Totals:         1       0       0       0       0       0       0       0       0       0       0       0       
      +0       0       0       0       0
  2613 ;;Total ram usage:        1 bytes
  2614 ;; Hardware stack levels used: 1
  2615 ;; This function calls:
  2616 ;;		Nothing
  2617 ;; This function is called by:
  2618 ;;		_InterruptManager
  2619 ;; This function uses a non-reentrant model
  2620 ;;
  2621                           
  2622                           	psect	text16
  2623   001A90                     __ptext16:
  2624                           	callstack 0
  2625   001A90                     _RB6_ISR:
  2626                           	callstack 26
  2627                           
  2628                           ;incstack = 0
  2629                           ;RB6_ISR@RB6_Source stored from wreg
  2630   001A90  6E67               	movwf	RB6_ISR@RB6_Source^0,c
  2631   001A92                     
  2632                           ;MCAL_layer/Interrupt/mcal_external_interrupt.c: 148:     (INTCONbits.RBIF = 0);
  2633   001A92  90F2               	bcf	242,0,c	;volatile
  2634   001A94                     
  2635                           ;MCAL_layer/Interrupt/mcal_external_interrupt.c: 151:     if(0 == RB6_Source){
  2636   001A94  5067               	movf	RB6_ISR@RB6_Source^0,w,c
  2637   001A96  A4D8               	btfss	status,2,c
  2638   001A98  EF50  F00D         	goto	i2u51_41
  2639   001A9C  EF52  F00D         	goto	i2u51_40
  2640   001AA0                     i2u51_41:
  2641   001AA0  EF54  F00D         	goto	i2l2156
  2642   001AA4                     i2u51_40:
  2643   001AA4  EF54  F00D         	goto	i2l694
  2644   001AA8                     i2l2156:
  2645   001AA8                     i2l694:
  2646   001AA8  0012               	return		;funcret
  2647   001AAA                     __end_of_RB6_ISR:
  2648                           	callstack 0
  2649                           
  2650 ;; *************** function _RB5_ISR *****************
  2651 ;; Defined at:
  2652 ;;		line 127 in file "MCAL_layer/Interrupt/mcal_external_interrupt.c"
  2653 ;; Parameters:    Size  Location     Type
  2654 ;;  RB5_Source      1    wreg     unsigned char 
  2655 ;; Auto vars:     Size  Location     Type
  2656 ;;  RB5_Source      1    0[COMRAM] unsigned char 
  2657 ;; Return value:  Size  Location     Type
  2658 ;;                  1    wreg      void 
  2659 ;; Registers used:
  2660 ;;		wreg, status,2, status,0
  2661 ;; Tracked objects:
  2662 ;;		On entry : 0/0
  2663 ;;		On exit  : 0/0
  2664 ;;		Unchanged: 0/0
  2665 ;; Data sizes:     COMRAM   BANK0   BANK1   BANK2   BANK3   BANK4   BANK5   BANK6   BANK7   BANK8   BANK9  BANK10  BANK1
      +1  BANK12  BANK13  BANK14  BANK15
  2666 ;;      Params:         0       0       0       0       0       0       0       0       0       0       0       0       
      +0       0       0       0       0
  2667 ;;      Locals:         1       0       0       0       0       0       0       0       0       0       0       0       
      +0       0       0       0       0
  2668 ;;      Temps:          0       0       0       0       0       0       0       0       0       0       0       0       
      +0       0       0       0       0
  2669 ;;      Totals:         1       0       0       0       0       0       0       0       0       0       0       0       
      +0       0       0       0       0
  2670 ;;Total ram usage:        1 bytes
  2671 ;; Hardware stack levels used: 1
  2672 ;; This function calls:
  2673 ;;		Nothing
  2674 ;; This function is called by:
  2675 ;;		_InterruptManager
  2676 ;; This function uses a non-reentrant model
  2677 ;;
  2678                           
  2679                           	psect	text17
  2680   001AAA                     __ptext17:
  2681                           	callstack 0
  2682   001AAA                     _RB5_ISR:
  2683                           	callstack 26
  2684                           
  2685                           ;incstack = 0
  2686                           ;RB5_ISR@RB5_Source stored from wreg
  2687   001AAA  6E67               	movwf	RB5_ISR@RB5_Source^0,c
  2688   001AAC                     
  2689                           ;MCAL_layer/Interrupt/mcal_external_interrupt.c: 129:     (INTCONbits.RBIF = 0);
  2690   001AAC  90F2               	bcf	242,0,c	;volatile
  2691   001AAE                     
  2692                           ;MCAL_layer/Interrupt/mcal_external_interrupt.c: 132:     if(0 == RB5_Source){
  2693   001AAE  5067               	movf	RB5_ISR@RB5_Source^0,w,c
  2694   001AB0  A4D8               	btfss	status,2,c
  2695   001AB2  EF5D  F00D         	goto	i2u50_41
  2696   001AB6  EF5F  F00D         	goto	i2u50_40
  2697   001ABA                     i2u50_41:
  2698   001ABA  EF61  F00D         	goto	i2l2142
  2699   001ABE                     i2u50_40:
  2700   001ABE  EF61  F00D         	goto	i2l683
  2701   001AC2                     i2l2142:
  2702   001AC2                     i2l683:
  2703   001AC2  0012               	return		;funcret
  2704   001AC4                     __end_of_RB5_ISR:
  2705                           	callstack 0
  2706                           
  2707 ;; *************** function _RB4_ISR *****************
  2708 ;; Defined at:
  2709 ;;		line 108 in file "MCAL_layer/Interrupt/mcal_external_interrupt.c"
  2710 ;; Parameters:    Size  Location     Type
  2711 ;;  RB4_Source      1    wreg     unsigned char 
  2712 ;; Auto vars:     Size  Location     Type
  2713 ;;  RB4_Source      1    0[COMRAM] unsigned char 
  2714 ;; Return value:  Size  Location     Type
  2715 ;;                  1    wreg      void 
  2716 ;; Registers used:
  2717 ;;		wreg, status,2, status,0
  2718 ;; Tracked objects:
  2719 ;;		On entry : 0/0
  2720 ;;		On exit  : 0/0
  2721 ;;		Unchanged: 0/0
  2722 ;; Data sizes:     COMRAM   BANK0   BANK1   BANK2   BANK3   BANK4   BANK5   BANK6   BANK7   BANK8   BANK9  BANK10  BANK1
      +1  BANK12  BANK13  BANK14  BANK15
  2723 ;;      Params:         0       0       0       0       0       0       0       0       0       0       0       0       
      +0       0       0       0       0
  2724 ;;      Locals:         1       0       0       0       0       0       0       0       0       0       0       0       
      +0       0       0       0       0
  2725 ;;      Temps:          0       0       0       0       0       0       0       0       0       0       0       0       
      +0       0       0       0       0
  2726 ;;      Totals:         1       0       0       0       0       0       0       0       0       0       0       0       
      +0       0       0       0       0
  2727 ;;Total ram usage:        1 bytes
  2728 ;; Hardware stack levels used: 1
  2729 ;; This function calls:
  2730 ;;		Nothing
  2731 ;; This function is called by:
  2732 ;;		_InterruptManager
  2733 ;; This function uses a non-reentrant model
  2734 ;;
  2735                           
  2736                           	psect	text18
  2737   001AC4                     __ptext18:
  2738                           	callstack 0
  2739   001AC4                     _RB4_ISR:
  2740                           	callstack 26
  2741                           
  2742                           ;incstack = 0
  2743                           ;RB4_ISR@RB4_Source stored from wreg
  2744   001AC4  6E67               	movwf	RB4_ISR@RB4_Source^0,c
  2745   001AC6                     
  2746                           ;MCAL_layer/Interrupt/mcal_external_interrupt.c: 110:     (INTCONbits.RBIF = 0);
  2747   001AC6  90F2               	bcf	242,0,c	;volatile
  2748   001AC8                     
  2749                           ;MCAL_layer/Interrupt/mcal_external_interrupt.c: 113:     if(0 == RB4_Source){
  2750   001AC8  5067               	movf	RB4_ISR@RB4_Source^0,w,c
  2751   001ACA  A4D8               	btfss	status,2,c
  2752   001ACC  EF6A  F00D         	goto	i2u49_41
  2753   001AD0  EF6C  F00D         	goto	i2u49_40
  2754   001AD4                     i2u49_41:
  2755   001AD4  EF6E  F00D         	goto	i2l2128
  2756   001AD8                     i2u49_40:
  2757   001AD8  EF6E  F00D         	goto	i2l672
  2758   001ADC                     i2l2128:
  2759   001ADC                     i2l672:
  2760   001ADC  0012               	return		;funcret
  2761   001ADE                     __end_of_RB4_ISR:
  2762                           	callstack 0
  2763                           
  2764 ;; *************** function _INT2_ISR *****************
  2765 ;; Defined at:
  2766 ;;		line 96 in file "MCAL_layer/Interrupt/mcal_external_interrupt.c"
  2767 ;; Parameters:    Size  Location     Type
  2768 ;;		None
  2769 ;; Auto vars:     Size  Location     Type
  2770 ;;		None
  2771 ;; Return value:  Size  Location     Type
  2772 ;;                  1    wreg      void 
  2773 ;; Registers used:
  2774 ;;		None
  2775 ;; Tracked objects:
  2776 ;;		On entry : 0/0
  2777 ;;		On exit  : 0/0
  2778 ;;		Unchanged: 0/0
  2779 ;; Data sizes:     COMRAM   BANK0   BANK1   BANK2   BANK3   BANK4   BANK5   BANK6   BANK7   BANK8   BANK9  BANK10  BANK1
      +1  BANK12  BANK13  BANK14  BANK15
  2780 ;;      Params:         0       0       0       0       0       0       0       0       0       0       0       0       
      +0       0       0       0       0
  2781 ;;      Locals:         0       0       0       0       0       0       0       0       0       0       0       0       
      +0       0       0       0       0
  2782 ;;      Temps:          0       0       0       0       0       0       0       0       0       0       0       0       
      +0       0       0       0       0
  2783 ;;      Totals:         0       0       0       0       0       0       0       0       0       0       0       0       
      +0       0       0       0       0
  2784 ;;Total ram usage:        0 bytes
  2785 ;; Hardware stack levels used: 1
  2786 ;; This function calls:
  2787 ;;		Nothing
  2788 ;; This function is called by:
  2789 ;;		_InterruptManager
  2790 ;; This function uses a non-reentrant model
  2791 ;;
  2792                           
  2793                           	psect	text19
  2794   001AE4                     __ptext19:
  2795                           	callstack 0
  2796   001AE4                     _INT2_ISR:
  2797                           	callstack 26
  2798   001AE4                     
  2799                           ;MCAL_layer/Interrupt/mcal_external_interrupt.c: 98:     (INTCON3bits.INT2IF = 0);
  2800   001AE4  92F0               	bcf	240,1,c	;volatile
  2801   001AE6  0012               	return		;funcret
  2802   001AE8                     __end_of_INT2_ISR:
  2803                           	callstack 0
  2804                           
  2805 ;; *************** function _INT1_ISR *****************
  2806 ;; Defined at:
  2807 ;;		line 87 in file "MCAL_layer/Interrupt/mcal_external_interrupt.c"
  2808 ;; Parameters:    Size  Location     Type
  2809 ;;		None
  2810 ;; Auto vars:     Size  Location     Type
  2811 ;;		None
  2812 ;; Return value:  Size  Location     Type
  2813 ;;                  1    wreg      void 
  2814 ;; Registers used:
  2815 ;;		None
  2816 ;; Tracked objects:
  2817 ;;		On entry : 0/0
  2818 ;;		On exit  : 0/0
  2819 ;;		Unchanged: 0/0
  2820 ;; Data sizes:     COMRAM   BANK0   BANK1   BANK2   BANK3   BANK4   BANK5   BANK6   BANK7   BANK8   BANK9  BANK10  BANK1
      +1  BANK12  BANK13  BANK14  BANK15
  2821 ;;      Params:         0       0       0       0       0       0       0       0       0       0       0       0       
      +0       0       0       0       0
  2822 ;;      Locals:         0       0       0       0       0       0       0       0       0       0       0       0       
      +0       0       0       0       0
  2823 ;;      Temps:          0       0       0       0       0       0       0       0       0       0       0       0       
      +0       0       0       0       0
  2824 ;;      Totals:         0       0       0       0       0       0       0       0       0       0       0       0       
      +0       0       0       0       0
  2825 ;;Total ram usage:        0 bytes
  2826 ;; Hardware stack levels used: 1
  2827 ;; This function calls:
  2828 ;;		Nothing
  2829 ;; This function is called by:
  2830 ;;		_InterruptManager
  2831 ;; This function uses a non-reentrant model
  2832 ;;
  2833                           
  2834                           	psect	text20
  2835   001AE8                     __ptext20:
  2836                           	callstack 0
  2837   001AE8                     _INT1_ISR:
  2838                           	callstack 26
  2839   001AE8                     
  2840                           ;MCAL_layer/Interrupt/mcal_external_interrupt.c: 89:     (INTCON3bits.INT1IF = 0);
  2841   001AE8  90F0               	bcf	240,0,c	;volatile
  2842   001AEA  0012               	return		;funcret
  2843   001AEC                     __end_of_INT1_ISR:
  2844                           	callstack 0
  2845                           
  2846 ;; *************** function _INT0_ISR *****************
  2847 ;; Defined at:
  2848 ;;		line 75 in file "MCAL_layer/Interrupt/mcal_external_interrupt.c"
  2849 ;; Parameters:    Size  Location     Type
  2850 ;;		None
  2851 ;; Auto vars:     Size  Location     Type
  2852 ;;		None
  2853 ;; Return value:  Size  Location     Type
  2854 ;;                  1    wreg      void 
  2855 ;; Registers used:
  2856 ;;		None
  2857 ;; Tracked objects:
  2858 ;;		On entry : 0/0
  2859 ;;		On exit  : 0/0
  2860 ;;		Unchanged: 0/0
  2861 ;; Data sizes:     COMRAM   BANK0   BANK1   BANK2   BANK3   BANK4   BANK5   BANK6   BANK7   BANK8   BANK9  BANK10  BANK1
      +1  BANK12  BANK13  BANK14  BANK15
  2862 ;;      Params:         0       0       0       0       0       0       0       0       0       0       0       0       
      +0       0       0       0       0
  2863 ;;      Locals:         0       0       0       0       0       0       0       0       0       0       0       0       
      +0       0       0       0       0
  2864 ;;      Temps:          0       0       0       0       0       0       0       0       0       0       0       0       
      +0       0       0       0       0
  2865 ;;      Totals:         0       0       0       0       0       0       0       0       0       0       0       0       
      +0       0       0       0       0
  2866 ;;Total ram usage:        0 bytes
  2867 ;; Hardware stack levels used: 1
  2868 ;; This function calls:
  2869 ;;		Nothing
  2870 ;; This function is called by:
  2871 ;;		_InterruptManager
  2872 ;; This function uses a non-reentrant model
  2873 ;;
  2874                           
  2875                           	psect	text21
  2876   001AEC                     __ptext21:
  2877                           	callstack 0
  2878   001AEC                     _INT0_ISR:
  2879                           	callstack 26
  2880   001AEC                     
  2881                           ;MCAL_layer/Interrupt/mcal_external_interrupt.c: 77:     (INTCONbits.INT0IF = 0);
  2882   001AEC  92F2               	bcf	242,1,c	;volatile
  2883   001AEE  0012               	return		;funcret
  2884   001AF0                     __end_of_INT0_ISR:
  2885                           	callstack 0
  2886                           
  2887 ;; *************** function _ADC_ISR *****************
  2888 ;; Defined at:
  2889 ;;		line 297 in file "MCAL_layer/ADC/hal_adc.c"
  2890 ;; Parameters:    Size  Location     Type
  2891 ;;		None
  2892 ;; Auto vars:     Size  Location     Type
  2893 ;;		None
  2894 ;; Return value:  Size  Location     Type
  2895 ;;                  1    wreg      void 
  2896 ;; Registers used:
  2897 ;;		None
  2898 ;; Tracked objects:
  2899 ;;		On entry : 0/0
  2900 ;;		On exit  : 0/0
  2901 ;;		Unchanged: 0/0
  2902 ;; Data sizes:     COMRAM   BANK0   BANK1   BANK2   BANK3   BANK4   BANK5   BANK6   BANK7   BANK8   BANK9  BANK10  BANK1
      +1  BANK12  BANK13  BANK14  BANK15
  2903 ;;      Params:         0       0       0       0       0       0       0       0       0       0       0       0       
      +0       0       0       0       0
  2904 ;;      Locals:         0       0       0       0       0       0       0       0       0       0       0       0       
      +0       0       0       0       0
  2905 ;;      Temps:          0       0       0       0       0       0       0       0       0       0       0       0       
      +0       0       0       0       0
  2906 ;;      Totals:         0       0       0       0       0       0       0       0       0       0       0       0       
      +0       0       0       0       0
  2907 ;;Total ram usage:        0 bytes
  2908 ;; Hardware stack levels used: 1
  2909 ;; This function calls:
  2910 ;;		Nothing
  2911 ;; This function is called by:
  2912 ;;		_InterruptManager
  2913 ;; This function uses a non-reentrant model
  2914 ;;
  2915                           
  2916                           	psect	text22
  2917   001AF0                     __ptext22:
  2918                           	callstack 0
  2919   001AF0                     _ADC_ISR:
  2920                           	callstack 26
  2921   001AF0                     
  2922                           ;MCAL_layer/ADC/hal_adc.c: 298:     (PIR1bits.ADIF = 0);
  2923   001AF0  9C9E               	bcf	158,6,c	;volatile
  2924   001AF2  0012               	return		;funcret
  2925   001AF4                     __end_of_ADC_ISR:
  2926                           	callstack 0
  2927                           
  2928                           	psect	text23
  2929   000000                     __ptext23:
  2930                           	callstack 0
  2931   000000                     
  2932                           	psect	rparam
  2933   000000                     
  2934                           	psect	temp
  2935   00007B                     btemp:
  2936                           	callstack 0
  2937   00007B                     	ds	1
  2938   000000                     int$flags	set	btemp
  2939   000000                     wtemp8	set	btemp+1
  2940   000000                     ttemp5	set	btemp+1
  2941   000000                     ttemp6	set	btemp+4
  2942   000000                     ttemp7	set	btemp+8
  2943                           
  2944                           	psect	idloc
  2945                           
  2946                           ;Config register IDLOC0 @ 0x200000
  2947                           ;	unspecified, using default values
  2948   200000                     	org	2097152
  2949   200000  FF                 	db	255
  2950                           
  2951                           ;Config register IDLOC1 @ 0x200001
  2952                           ;	unspecified, using default values
  2953   200001                     	org	2097153
  2954   200001  FF                 	db	255
  2955                           
  2956                           ;Config register IDLOC2 @ 0x200002
  2957                           ;	unspecified, using default values
  2958   200002                     	org	2097154
  2959   200002  FF                 	db	255
  2960                           
  2961                           ;Config register IDLOC3 @ 0x200003
  2962                           ;	unspecified, using default values
  2963   200003                     	org	2097155
  2964   200003  FF                 	db	255
  2965                           
  2966                           ;Config register IDLOC4 @ 0x200004
  2967                           ;	unspecified, using default values
  2968   200004                     	org	2097156
  2969   200004  FF                 	db	255
  2970                           
  2971                           ;Config register IDLOC5 @ 0x200005
  2972                           ;	unspecified, using default values
  2973   200005                     	org	2097157
  2974   200005  FF                 	db	255
  2975                           
  2976                           ;Config register IDLOC6 @ 0x200006
  2977                           ;	unspecified, using default values
  2978   200006                     	org	2097158
  2979   200006  FF                 	db	255
  2980                           
  2981                           ;Config register IDLOC7 @ 0x200007
  2982                           ;	unspecified, using default values
  2983   200007                     	org	2097159
  2984   200007  FF                 	db	255
  2985                           
  2986                           	psect	config
  2987                           
  2988                           ; Padding undefined space
  2989   300000                     	org	3145728
  2990   300000  FF                 	db	255
  2991                           
  2992                           ;Config register CONFIG1H @ 0x300001
  2993                           ;	Oscillator Selection bits
  2994                           ;	OSC = HS, HS oscillator
  2995                           ;	Fail-Safe Clock Monitor Enable bit
  2996                           ;	FCMEN = OFF, Fail-Safe Clock Monitor disabled
  2997                           ;	Internal/External Oscillator Switchover bit
  2998                           ;	IESO = OFF, Oscillator Switchover mode disabled
  2999   300001                     	org	3145729
  3000   300001  02                 	db	2
  3001                           
  3002                           ;Config register CONFIG2L @ 0x300002
  3003                           ;	Power-up Timer Enable bit
  3004                           ;	PWRT = OFF, PWRT disabled
  3005                           ;	Brown-out Reset Enable bits
  3006                           ;	BOREN = SBORDIS, Brown-out Reset enabled in hardware only (SBOREN is disabled)
  3007                           ;	Brown Out Reset Voltage bits
  3008                           ;	BORV = 1, 
  3009   300002                     	org	3145730
  3010   300002  0F                 	db	15
  3011                           
  3012                           ;Config register CONFIG2H @ 0x300003
  3013                           ;	Watchdog Timer Enable bit
  3014                           ;	WDT = OFF, WDT disabled (control is placed on the SWDTEN bit)
  3015                           ;	Watchdog Timer Postscale Select bits
  3016                           ;	WDTPS = 32768, 1:32768
  3017   300003                     	org	3145731
  3018   300003  1E                 	db	30
  3019                           
  3020                           ; Padding undefined space
  3021   300004                     	org	3145732
  3022   300004  FF                 	db	255
  3023                           
  3024                           ;Config register CONFIG3H @ 0x300005
  3025                           ;	CCP2 MUX bit
  3026                           ;	CCP2MX = PORTC, CCP2 input/output is multiplexed with RC1
  3027                           ;	PORTB A/D Enable bit
  3028                           ;	PBADEN = OFF, PORTB<4:0> pins are configured as digital I/O on Reset
  3029                           ;	Low-Power Timer1 Oscillator Enable bit
  3030                           ;	LPT1OSC = OFF, Timer1 configured for higher power operation
  3031                           ;	MCLR Pin Enable bit
  3032                           ;	MCLRE = ON, MCLR pin enabled; RE3 input pin disabled
  3033   300005                     	org	3145733
  3034   300005  81                 	db	129
  3035                           
  3036                           ;Config register CONFIG4L @ 0x300006
  3037                           ;	Stack Full/Underflow Reset Enable bit
  3038                           ;	STVREN = ON, Stack full/underflow will cause Reset
  3039                           ;	Single-Supply ICSP Enable bit
  3040                           ;	LVP = OFF, Single-Supply ICSP disabled
  3041                           ;	Extended Instruction Set Enable bit
  3042                           ;	XINST = OFF, Instruction set extension and Indexed Addressing mode disabled (Legacy mo
      +                          de)
  3043                           ;	Background Debugger Enable bit
  3044                           ;	DEBUG = 0x1, unprogrammed default
  3045   300006                     	org	3145734
  3046   300006  81                 	db	129
  3047                           
  3048                           ; Padding undefined space
  3049   300007                     	org	3145735
  3050   300007  FF                 	db	255
  3051                           
  3052                           ;Config register CONFIG5L @ 0x300008
  3053                           ;	Code Protection bit
  3054                           ;	CP0 = OFF, Block 0 (000800-003FFFh) not code-protected
  3055                           ;	Code Protection bit
  3056                           ;	CP1 = OFF, Block 1 (004000-007FFFh) not code-protected
  3057                           ;	Code Protection bit
  3058                           ;	CP2 = OFF, Block 2 (008000-00BFFFh) not code-protected
  3059                           ;	Code Protection bit
  3060                           ;	CP3 = OFF, Block 3 (00C000-00FFFFh) not code-protected
  3061   300008                     	org	3145736
  3062   300008  0F                 	db	15
  3063                           
  3064                           ;Config register CONFIG5H @ 0x300009
  3065                           ;	Boot Block Code Protection bit
  3066                           ;	CPB = OFF, Boot block (000000-0007FFh) not code-protected
  3067                           ;	Data EEPROM Code Protection bit
  3068                           ;	CPD = OFF, Data EEPROM not code-protected
  3069   300009                     	org	3145737
  3070   300009  C0                 	db	192
  3071                           
  3072                           ;Config register CONFIG6L @ 0x30000A
  3073                           ;	Write Protection bit
  3074                           ;	WRT0 = OFF, Block 0 (000800-003FFFh) not write-protected
  3075                           ;	Write Protection bit
  3076                           ;	WRT1 = OFF, Block 1 (004000-007FFFh) not write-protected
  3077                           ;	Write Protection bit
  3078                           ;	WRT2 = OFF, Block 2 (008000-00BFFFh) not write-protected
  3079                           ;	Write Protection bit
  3080                           ;	WRT3 = OFF, Block 3 (00C000-00FFFFh) not write-protected
  3081   30000A                     	org	3145738
  3082   30000A  0F                 	db	15
  3083                           
  3084                           ;Config register CONFIG6H @ 0x30000B
  3085                           ;	Configuration Register Write Protection bit
  3086                           ;	WRTC = OFF, Configuration registers (300000-3000FFh) not write-protected
  3087                           ;	Boot Block Write Protection bit
  3088                           ;	WRTB = OFF, Boot Block (000000-0007FFh) not write-protected
  3089                           ;	Data EEPROM Write Protection bit
  3090                           ;	WRTD = OFF, Data EEPROM not write-protected
  3091   30000B                     	org	3145739
  3092   30000B  E0                 	db	224
  3093                           
  3094                           ;Config register CONFIG7L @ 0x30000C
  3095                           ;	Table Read Protection bit
  3096                           ;	EBTR0 = OFF, Block 0 (000800-003FFFh) not protected from table reads executed in other
      +                           blocks
  3097                           ;	Table Read Protection bit
  3098                           ;	EBTR1 = OFF, Block 1 (004000-007FFFh) not protected from table reads executed in other
      +                           blocks
  3099                           ;	Table Read Protection bit
  3100                           ;	EBTR2 = OFF, Block 2 (008000-00BFFFh) not protected from table reads executed in other
      +                           blocks
  3101                           ;	Table Read Protection bit
  3102                           ;	EBTR3 = OFF, Block 3 (00C000-00FFFFh) not protected from table reads executed in other
      +                           blocks
  3103   30000C                     	org	3145740
  3104   30000C  0F                 	db	15
  3105                           
  3106                           ;Config register CONFIG7H @ 0x30000D
  3107                           ;	Boot Block Table Read Protection bit
  3108                           ;	EBTRB = OFF, Boot Block (000000-0007FFh) not protected from table reads executed in ot
      +                          her blocks
  3109   30000D                     	org	3145741
  3110   30000D  40                 	db	64
  3111                           tosu	equ	0xFFF
  3112                           tosh	equ	0xFFE
  3113                           tosl	equ	0xFFD
  3114                           stkptr	equ	0xFFC
  3115                           pclatu	equ	0xFFB
  3116                           pclath	equ	0xFFA
  3117                           pcl	equ	0xFF9
  3118                           tblptru	equ	0xFF8
  3119                           tblptrh	equ	0xFF7
  3120                           tblptrl	equ	0xFF6
  3121                           tablat	equ	0xFF5
  3122                           prodh	equ	0xFF4
  3123                           prodl	equ	0xFF3
  3124                           indf0	equ	0xFEF
  3125                           postinc0	equ	0xFEE
  3126                           postdec0	equ	0xFED
  3127                           preinc0	equ	0xFEC
  3128                           plusw0	equ	0xFEB
  3129                           fsr0h	equ	0xFEA
  3130                           fsr0l	equ	0xFE9
  3131                           wreg	equ	0xFE8
  3132                           indf1	equ	0xFE7
  3133                           postinc1	equ	0xFE6
  3134                           postdec1	equ	0xFE5
  3135                           preinc1	equ	0xFE4
  3136                           plusw1	equ	0xFE3
  3137                           fsr1h	equ	0xFE2
  3138                           fsr1l	equ	0xFE1
  3139                           bsr	equ	0xFE0
  3140                           indf2	equ	0xFDF
  3141                           postinc2	equ	0xFDE
  3142                           postdec2	equ	0xFDD
  3143                           preinc2	equ	0xFDC
  3144                           plusw2	equ	0xFDB
  3145                           fsr2h	equ	0xFDA
  3146                           fsr2l	equ	0xFD9
  3147                           status	equ	0xFD8

Data Sizes:
    Strings     3
    Constant    16
    Data        56
    BSS         46
    Persistent  0
    Stack       0

Auto Spaces:
    Space          Size  Autos    Used
    COMRAM          126     20     122
    BANK0           128      2       2
    BANK1           256      0       0
    BANK2           256      0       0
    BANK3           256      0       0
    BANK4           256      0       0
    BANK5           256      0       0
    BANK6           256      0       0
    BANK7           256      0       0
    BANK8           256      0       0
    BANK9           256      0       0
    BANK10          256      0       0
    BANK11          256      0       0
    BANK12          256      0       0
    BANK13          256      0       0
    BANK14          256      0       0
    BANK15          128      0       0

Pointer List with Targets:

    vfprintf$2	PTR PTR void  size(2) Largest target is 2
		 -> sprintf@ap(COMRAM[2]), 

    vfprintf$1	PTR const unsigned char  size(2) Largest target is 3
		 -> STR_3(CODE[3]), STR_2(CODE[3]), STR_1(CODE[3]), 

    vfprintf$0	PTR struct _IO_FILE size(2) Largest target is 11
		 -> sprintf@f(COMRAM[11]), 

    S2741$source	PTR const unsigned char  size(2) Largest target is 0

    f...source	PTR const unsigned char  size(2) Largest target is 0

    S2741$buffer	PTR unsigned char  size(2) Largest target is 0

    f...buffer	PTR unsigned char  size(2) Largest target is 0

    Timer1_Mode_Select@_timer.TMR1_InterruptHandler	PTR FTN()void  size(2) Largest target is 0

    TMR1_InterruptHandler	PTR FTN()volatile void  size(2) Largest target is 1
		 -> Absolute function(), 

    S2113$TMR1_InterruptHandler	PTR FTN()void  size(2) Largest target is 0

    Timer1_Init@_timer.TMR1_InterruptHandler	PTR FTN()void  size(2) Largest target is 0

    timer0.TMR0_InterruptHandler	PTR FTN()void  size(2) Largest target is 1
		 -> Timer0_DefaultInterruptHandler(), 

    Timer0_Register_Size_Config@_timer.TMR0_InterruptHandler	PTR FTN()void  size(2) Largest target is 1
		 -> Timer0_DefaultInterruptHandler(), 

    Timer0_Register_Size_Config@_timer	PTR const struct . size(2) Largest target is 7
		 -> timer0(COMRAM[7]), 

    Timer0_Mode_Select@_timer.TMR0_InterruptHandler	PTR FTN()void  size(2) Largest target is 1
		 -> Timer0_DefaultInterruptHandler(), 

    Timer0_Mode_Select@_timer	PTR const struct . size(2) Largest target is 7
		 -> timer0(COMRAM[7]), 

    Timer0_Prescaler_Config@_timer.TMR0_InterruptHandler	PTR FTN()void  size(2) Largest target is 1
		 -> Timer0_DefaultInterruptHandler(), 

    Timer0_Prescaler_Config@_timer	PTR const struct . size(2) Largest target is 7
		 -> timer0(COMRAM[7]), 

    TMR0_InterruptHandler	PTR FTN()void  size(2) Largest target is 1
		 -> Timer0_DefaultInterruptHandler(), Absolute function(), 

    S1869$TMR0_InterruptHandler	PTR FTN()void  size(2) Largest target is 1
		 -> Timer0_DefaultInterruptHandler(), 

    Timer0_Init@_timer.TMR0_InterruptHandler	PTR FTN()void  size(2) Largest target is 1
		 -> Timer0_DefaultInterruptHandler(), 

    Timer0_Init@_timer	PTR const struct . size(2) Largest target is 7
		 -> timer0(COMRAM[7]), 

    Interrupt_INTx_SetInterruptHandler@int_obj.EXT_InterruptHandler	PTR FTN()void  size(2) Largest target is 0

    Interrupt_INTx_Clear_Flag@int_obj.EXT_InterruptHandler	PTR FTN()void  size(2) Largest target is 0

    Interrupt_INTx_Pin_Init@int_obj.EXT_InterruptHandler	PTR FTN()void  size(2) Largest target is 0

    Interrupt_INTx_Edge_Init@int_obj.EXT_InterruptHandler	PTR FTN()void  size(2) Largest target is 0

    Interrupt_INTx_Disable@int_obj.EXT_InterruptHandler	PTR FTN()void  size(2) Largest target is 0

    S1321$EXT_InterruptHandler	PTR FTN()void  size(2) Largest target is 0

    Interrupt_INTx_Enable@int_obj.EXT_InterruptHandler	PTR FTN()void  size(2) Largest target is 0

    S1437$EXT_InterruptHandler_LOW	PTR FTN()void  size(2) Largest target is 0

    Interrupt_RBx_Init@int_obj.EXT_InterruptHandler_LOW	PTR FTN()void  size(2) Largest target is 0

    S1437$EXT_InterruptHandler_HIGH	PTR FTN()void  size(2) Largest target is 0

    Interrupt_RBx_Init@int_obj.EXT_InterruptHandler_HIGH	PTR FTN()void  size(2) Largest target is 0

    RB7_InterruptHandler_LOW	PTR FTN()void  size(2) Largest target is 1
		 -> Absolute function(), 

    RB7_InterruptHandler_HIGH	PTR FTN()void  size(2) Largest target is 1
		 -> Absolute function(), 

    RB6_InterruptHandler_LOW	PTR FTN()void  size(2) Largest target is 1
		 -> Absolute function(), 

    RB6_InterruptHandler_HIGH	PTR FTN()void  size(2) Largest target is 1
		 -> Absolute function(), 

    RB5_InterruptHandler_LOW	PTR FTN()void  size(2) Largest target is 1
		 -> Absolute function(), 

    RB5_InterruptHandler_HIGH	PTR FTN()void  size(2) Largest target is 1
		 -> Absolute function(), 

    RB4_InterruptHandler_LOW	PTR FTN()void  size(2) Largest target is 1
		 -> Absolute function(), 

    RB4_InterruptHandler_HIGH	PTR FTN()void  size(2) Largest target is 1
		 -> Absolute function(), 

    INT2_InterruptHandler	PTR FTN()void  size(2) Largest target is 1
		 -> Absolute function(), 

    INT1_InterruptHandler	PTR FTN()void  size(2) Largest target is 1
		 -> Absolute function(), 

    INT0_InterruptHandler	PTR FTN()void  size(2) Largest target is 1
		 -> Absolute function(), 

    gpio_pin_toggle_logic@_pin_config	PTR const struct . size(2) Largest target is 1
		 -> led_turn_toggle@pin_0bj(COMRAM[1]), 

    gpio_pin_write_logic@_pin_config	PTR const struct . size(2) Largest target is 1
		 -> relay_off@pin_0bj(COMRAM[1]), relay_on@pin_0bj(COMRAM[1]), relay_initialize@pin_0bj(COMRAM[1]), led_turn_off@pin_0bj(COMRAM[1]), 
		 -> led_turn_on@pin_0bj(COMRAM[1]), led_initialize@pin_0bj(BANK0[1]), 

    gpio_pin_direction_initialize@_pin_config	PTR const struct . size(2) Largest target is 1
		 -> relay_initialize@pin_0bj(COMRAM[1]), led_initialize@pin_0bj(BANK0[1]), 

    gpio_pin_initialize@_pin_config	PTR const struct . size(2) Largest target is 1
		 -> relay_initialize@pin_0bj(COMRAM[1]), led_initialize@pin_0bj(BANK0[1]), 

    port_registers	PTR volatile unsigned char [5] size(2) Largest target is 1
		 -> PORTE(BITBIGSFRlllll[1]), PORTD(BITBIGSFRlllll[1]), PORTC(BITBIGSFRlllll[1]), PORTB(BITBIGSFRlllll[1]), 
		 -> PORTA(BITBIGSFRlllll[1]), 

    lat_registers	PTR volatile unsigned char [5] size(2) Largest target is 1
		 -> LATE(BITBIGSFRllllh[1]), LATD(BITBIGSFRllllh[1]), LATC(BITBIGSFRllllh[1]), LATB(BITBIGSFRllllh[1]), 
		 -> LATA(BITBIGSFRlllll[1]), 

    tris_registers	PTR volatile unsigned char [5] size(2) Largest target is 1
		 -> TRISD(ABS[1]), TRISC(ABS[1]), TRISB(ABS[1]), TRISE(ABS[1]), 
		 -> TRISA(BITBIGSFRlllll[1]), 

    configure_voltage_reference@_adc.ADC_InterruptHandler	PTR FTN()void  size(2) Largest target is 0

    select_result_format@_adc.ADC_InterruptHandler	PTR FTN()void  size(2) Largest target is 0

    ADC_GetConversionResult@_adc.ADC_InterruptHandler	PTR FTN()void  size(2) Largest target is 0

    ADC_InterruptHandler	PTR FTN()void  size(2) Largest target is 1
		 -> Absolute function(), 

    S709$ADC_InterruptHandler	PTR FTN()void  size(2) Largest target is 0

    ADC_Init@_adc.ADC_InterruptHandler	PTR FTN()void  size(2) Largest target is 0

    led_turn_toggle@led	PTR const struct . size(2) Largest target is 1
		 -> led1(COMRAM[1]), 

    led_turn_on@led	PTR const struct . size(2) Largest target is 1
		 -> led1(COMRAM[1]), 

    led_initialize@led	PTR const struct . size(2) Largest target is 1
		 -> led1(COMRAM[1]), 

    sp__memset	PTR void  size(2) Largest target is 0


Critical Paths under _main in COMRAM

    _main->_led_initialize
    _led_turn_toggle->_gpio_pin_toggle_logic
    _led_turn_on->_gpio_pin_write_logic
    _led_initialize->_gpio_pin_initialize
    _gpio_pin_initialize->_gpio_pin_write_logic
    _Timer0_Init->_Timer0_Prescaler_Config

Critical Paths under _InterruptManager in COMRAM

    _InterruptManager->_RB4_ISR
    _InterruptManager->_RB5_ISR
    _InterruptManager->_RB6_ISR
    _InterruptManager->_RB7_ISR

Critical Paths under _main in BANK0

    _main->_led_initialize

Critical Paths under _InterruptManager in BANK0

    None.

Critical Paths under _main in BANK1

    None.

Critical Paths under _InterruptManager in BANK1

    None.

Critical Paths under _main in BANK2

    None.

Critical Paths under _InterruptManager in BANK2

    None.

Critical Paths under _main in BANK3

    None.

Critical Paths under _InterruptManager in BANK3

    None.

Critical Paths under _main in BANK4

    None.

Critical Paths under _InterruptManager in BANK4

    None.

Critical Paths under _main in BANK5

    None.

Critical Paths under _InterruptManager in BANK5

    None.

Critical Paths under _main in BANK6

    None.

Critical Paths under _InterruptManager in BANK6

    None.

Critical Paths under _main in BANK7

    None.

Critical Paths under _InterruptManager in BANK7

    None.

Critical Paths under _main in BANK8

    None.

Critical Paths under _InterruptManager in BANK8

    None.

Critical Paths under _main in BANK9

    None.

Critical Paths under _InterruptManager in BANK9

    None.

Critical Paths under _main in BANK10

    None.

Critical Paths under _InterruptManager in BANK10

    None.

Critical Paths under _main in BANK11

    None.

Critical Paths under _InterruptManager in BANK11

    None.

Critical Paths under _main in BANK12

    None.

Critical Paths under _InterruptManager in BANK12

    None.

Critical Paths under _main in BANK13

    None.

Critical Paths under _InterruptManager in BANK13

    None.

Critical Paths under _main in BANK14

    None.

Critical Paths under _InterruptManager in BANK14

    None.

Critical Paths under _main in BANK15

    None.

Critical Paths under _InterruptManager in BANK15

    None.

Call Graph Tables:

 ---------------------------------------------------------------------------------
 (Depth) Function   	        Calls       Base Space   Used Autos Params    Refs
 ---------------------------------------------------------------------------------
 (0) _main                                                 1     1      0   15666
                        _Timer0_Init
                     _led_initialize
                        _led_turn_on
                    _led_turn_toggle
 ---------------------------------------------------------------------------------
 (1) _led_turn_toggle                                      5     3      2     374
                                             10 COMRAM     4     2      2
              _gpio_pin_toggle_logic
 ---------------------------------------------------------------------------------
 (2) _gpio_pin_toggle_logic                                8     6      2     172
                                              3 COMRAM     7     5      2
 ---------------------------------------------------------------------------------
 (1) _led_turn_on                                          5     3      2    6149
                                             13 COMRAM     5     3      2
               _gpio_pin_write_logic
 ---------------------------------------------------------------------------------
 (1) _led_initialize                                       5     3      2    8428
                                             17 COMRAM     3     1      2
                                              0 BANK0      2     2      0
                _gpio_pin_initialize
 ---------------------------------------------------------------------------------
 (2) _gpio_pin_initialize                                  4     2      2    8092
                                             13 COMRAM     4     2      2
      _gpio_pin_direction_initialize
               _gpio_pin_write_logic
 ---------------------------------------------------------------------------------
 (2) _gpio_pin_write_logic                                10     7      3    5837
                                              3 COMRAM    10     7      3
 ---------------------------------------------------------------------------------
 (3) _gpio_pin_direction_initialize                        9     7      2     887
                                              3 COMRAM     9     7      2
 ---------------------------------------------------------------------------------
 (1) _Timer0_Init                                          5     3      2     703
                                              6 COMRAM     5     3      2
                 _Timer0_Mode_Select
            _Timer0_Prescaler_Config
        _Timer0_Register_Size_Config
 ---------------------------------------------------------------------------------
 (2) _Timer0_Register_Size_Config                          2     0      2     120
                                              3 COMRAM     2     0      2
 ---------------------------------------------------------------------------------
 (2) _Timer0_Prescaler_Config                              3     1      2     142
                                              3 COMRAM     3     1      2
 ---------------------------------------------------------------------------------
 (2) _Timer0_Mode_Select                                   2     0      2     164
                                              3 COMRAM     2     0      2
 ---------------------------------------------------------------------------------
 Estimated maximum stack depth 3
 ---------------------------------------------------------------------------------
 (Depth) Function   	        Calls       Base Space   Used Autos Params    Refs
 ---------------------------------------------------------------------------------
 (4) _InterruptManager                                     2     2      0     120
                                              1 COMRAM     2     2      0
                            _ADC_ISR
                           _INT0_ISR
                           _INT1_ISR
                           _INT2_ISR
                            _RB4_ISR
                            _RB5_ISR
                            _RB6_ISR
                            _RB7_ISR
                           _TMR0_ISR
 ---------------------------------------------------------------------------------
 (5) _TMR0_ISR                                             0     0      0       0
                   Absolute function *
     _Timer0_DefaultInterruptHandler *
 ---------------------------------------------------------------------------------
 (6) _Timer0_DefaultInterruptHandler                       0     0      0       0
 ---------------------------------------------------------------------------------
 (6) Absolute function(Fake)                               0     0      0       0
 ---------------------------------------------------------------------------------
 (5) _RB7_ISR                                              1     1      0      30
                                              0 COMRAM     1     1      0
 ---------------------------------------------------------------------------------
 (5) _RB6_ISR                                              1     1      0      30
                                              0 COMRAM     1     1      0
 ---------------------------------------------------------------------------------
 (5) _RB5_ISR                                              1     1      0      30
                                              0 COMRAM     1     1      0
 ---------------------------------------------------------------------------------
 (5) _RB4_ISR                                              1     1      0      30
                                              0 COMRAM     1     1      0
 ---------------------------------------------------------------------------------
 (5) _INT2_ISR                                             0     0      0       0
 ---------------------------------------------------------------------------------
 (5) _INT1_ISR                                             0     0      0       0
 ---------------------------------------------------------------------------------
 (5) _INT0_ISR                                             0     0      0       0
 ---------------------------------------------------------------------------------
 (5) _ADC_ISR                                              0     0      0       0
 ---------------------------------------------------------------------------------
 Estimated maximum stack depth 6
 ---------------------------------------------------------------------------------

 Call Graph Graphs:

 _main (ROOT)
   _Timer0_Init
     _Timer0_Mode_Select
     _Timer0_Prescaler_Config
     _Timer0_Register_Size_Config
   _led_initialize
     _gpio_pin_initialize
       _gpio_pin_direction_initialize
       _gpio_pin_write_logic
   _led_turn_on
     _gpio_pin_write_logic
   _led_turn_toggle
     _gpio_pin_toggle_logic

 _InterruptManager (ROOT)
   _ADC_ISR
   _INT0_ISR
   _INT1_ISR
   _INT2_ISR
   _RB4_ISR
   _RB5_ISR
   _RB6_ISR
   _RB7_ISR
   _TMR0_ISR
     Absolute function(Fake) *
     _Timer0_DefaultInterruptHandler *

 Address spaces:
Name               Size   Autos  Total    Cost      Usage
BIGRAM             F7F      0       0      46        0.0%
EEDATA             400      0       0       0        0.0%
BITBANK14          100      0       0      33        0.0%
BANK14             100      0       0      34        0.0%
BITBANK13          100      0       0      31        0.0%
BANK13             100      0       0      32        0.0%
BITBANK12          100      0       0      29        0.0%
BANK12             100      0       0      30        0.0%
BITBANK11          100      0       0      27        0.0%
BANK11             100      0       0      28        0.0%
BITBANK10          100      0       0      25        0.0%
BANK10             100      0       0      26        0.0%
BITBANK9           100      0       0      23        0.0%
BANK9              100      0       0      24        0.0%
BITBANK8           100      0       0      21        0.0%
BANK8              100      0       0      22        0.0%
BITBANK7           100      0       0      18        0.0%
BANK7              100      0       0      19        0.0%
BITBANK6           100      0       0      16        0.0%
BANK6              100      0       0      17        0.0%
BITBANK5           100      0       0      14        0.0%
BANK5              100      0       0      15        0.0%
BITBANK4           100      0       0      12        0.0%
BANK4              100      0       0      13        0.0%
BITBANK3           100      0       0      10        0.0%
BANK3              100      0       0      11        0.0%
BITBANK2           100      0       0       8        0.0%
BANK2              100      0       0       9        0.0%
BITBANK1           100      0       0       6        0.0%
BANK1              100      0       0       7        0.0%
BITBANK15           80      0       0      35        0.0%
BANK15              80      0       0      36        0.0%
BITBANK0            80      0       0       4        0.0%
BANK0               80      2       2       5        1.6%
BITCOMRAM           7E      0       0       0        0.0%
COMRAM              7E     14      7A       1       96.8%
BITBIGSFRhlhlhh     18      0       0      38        0.0%
BITBIGSFRllhh       15      0       0      41        0.0%
BITBIGSFRhh          D      0       0      37        0.0%
BITBIGSFRhlhlll      8      0       0      40        0.0%
BITBIGSFRllhll       7      0       0      42        0.0%
BITBIGSFRlllhh       6      0       0      43        0.0%
BITBIGSFRhlhllh      5      0       0      39        0.0%
BITBIGSFRllllh       4      0       0      44        0.0%
BITBIGSFRlllll       4      0       0      45        0.0%
BIGSFR               0      0       0     200        0.0%
BITSFR               0      0       0     200        0.0%
SFR                  0      0       0     200        0.0%
STACK                0      0       0       2        0.0%
NULL                 0      0       0       0        0.0%
ABS                  0      0      7C      20        0.0%
DATA                 0      0      7C       3        0.0%
CODE                 0      0       0       0        0.0%


Microchip Technology PIC18 Macro Assembler V2.40 build 20220703182018 
Symbol Table                                                                                   Sun Jul 28 14:56:55 2024

                      ??_InterruptManager 0068                         ??_led_turn_toggle 0073  
                                     l281 1792                                       l274 1712  
                                     l291 1828                                       l525 18EE  
                                     l277 1732                                       l295 1882  
                                     l537 142E                                       l570 1690  
                                     l556 155A                                       l902 1576  
                                     l904 15FE                                       l930 1946  
                                     l940 1810                                       l941 1810  
                                     l948 19D0                 _RB5_InterruptHandler_HIGH 0051  
                         __end_of_ADC_ISR 1AF4                       led_initialize@F3045 0066  
                                     prod 000FF3                                       tosl 000FFD  
                                     wreg 000FE8                     relay_initialize@F3039 0062  
                            ?_led_turn_on 0074    __end_of_Timer0_DefaultInterruptHandler 1AE4  
          _Timer0_DefaultInterruptHandler 1ADE                           __end_of_RB4_ISR 1ADE  
                         __end_of_RB5_ISR 1AC4                           __end_of_RB6_ISR 1AAA  
                         __end_of_RB7_ISR 1A90                                      l5140 1416  
                                    l4340 1430                                      l3620 1638  
                                    l3612 1600                                      l3630 192A  
                                    l4350 14D2                                      l4342 1434  
                                    l3614 1600                                      l3640 17CE  
                                    l3632 1944                                      l3624 18F0  
                                    l3800 159C                                      l4344 1446  
                                    l3616 1612                                      l3642 17D0  
                                    l3634 1794                                      l3626 190A  
                                    l3650 1994                                      l3810 15E2  
                                    l3802 15BA                                      l4370 1324  
                                    l5138 1542                                      l4354 152E  
                                    l4346 1468                                      l3618 1634  
                                    l5090 1960                                      l3644 17EA  
                                    l3636 17AE                                      l3628 190C  
                                    l3652 19AE                                      l3812 15F2  
                                    l3804 15CA                                      l3820 15FC  
                                    l4372 132C                                      l4380 142C  
                                    l4364 12EC                                      l4348 1470  
                                    l4356 1558                                      l5092 196C  
                                    l5084 1948                                      l3646 17F0  
                                    l3638 17B4                                      l3654 19B4  
                                    l3814 15F4                                      l3806 15DE  
                                    l4374 138E                                      l4366 12F0  
                                    l4390 1884                                      l4550 1692  
                                    l5094 197C                                      l5086 1948  
                                    l3648 180A                                      l3656 19CE  
                                    l3816 15F6                                      l3808 15E0  
                                    l4368 1302                                      l4392 1896  
                                    l4560 16D4                                      l4552 1698  
                                    l5096 1980                                      l5088 1954  
                                    l3818 15F8                                      l4378 13EA  
                                    l4394 18B8                                      l4562 16E8  
                                    l4554 169C                                      l4396 18C0  
                                    l4388 1884                                      l4564 16FA  
                                    l4556 16B4                                      l4580 176C  
                                    l4572 1714                                      l3780 1824  
                                    l4398 18EC                                      l4566 1702  
                                    l4558 16D2                                      l4582 176E  
                                    l4574 1718                                      l3782 182C  
                                    l3792 155C                                      l4568 170E  
                                    l4584 1780                                      l4576 172A  
                                    l3784 1862                                      l3776 1812  
                                    l3794 155C                                      l4578 1736  
                                    l4586 1790                                      l3786 1864  
                                    l3778 1812                                      l3796 156E  
                                    l3788 1876                                      l3798 1578  
                                    STR_1 1011                                      u3000 18B8  
                                    u3001 18B4                                      u2300 180A  
                                    u2220 1612                                      u2301 1806  
                                    u2221 160E                                      _LATA 000F89  
                                    u2310 19AE                                      u2230 1634  
                                    _LATB 000F8A                                      u2311 19AA  
                                    u2231 1630                                      _LATC 000F8B  
                                    u2320 19CE                                      _LATD 000F8C  
                                    u2321 19CA                                      _LATE 000F8D  
                                    u2250 190A                                      u2251 1906  
                                    u2260 1944                                      u3140 16FA  
                                    u2244 1658                                      u2261 1940  
                                    u3141 16F6                                      u2245 1654  
                                    u2270 17AE                                      u3150 172A  
                                    u2271 17AA                                      u3135 16E4  
                                    u3151 1726                                      u2280 17CE  
                                    u2281 17CA                                      u3137 16E8  
                                    u2290 17EA                                      u2450 1824  
                                    u2291 17E6                                      u2451 1820  
                                    u3165 177E                                      u2470 156E  
                                    u2471 156A                                      u3167 1780  
                                    u2465 1874                                      u2467 1876  
                                    u2900 1468                                      u2901 1464  
                                    u2930 1302                                      u2914 1490  
                                    u3570 197C                                      u2931 12FE  
                                    u2915 148C                                      u3571 1978  
                                    u2940 1324                                      u2924 14F2  
                                    u2941 1320                                      u2925 14EE  
                                    u2970 1402                                      u2954 134C  
                                    u2890 1446                                      u2971 13FC  
                                    u2955 1348                                      u2891 1442  
                                    u2980 1404                                      u2964 13AE  
                                    u2965 13AA                                      u2990 1896  
                                    u2991 1892                  _RB4_InterruptHandler_LOW 0053  
                                    _led1 0038                                      _main 1948  
                _RB7_InterruptHandler_LOW 0047                                      fsr2h 000FDA  
                                    indf2 000FDF                                      fsr1l 000FE1  
                                    fsr2l 000FD9                                      btemp 007B  
                  __end_of_led_initialize 1714                                      prodl 000FF3  
                                    start 000E                              ___param_bank 000000  
                  ?_gpio_pin_toggle_logic 006A                      _gpio_pin_write_logic 1430  
                        __end_of_INT0_ISR 1AF0                          __end_of_INT1_ISR 1AEC  
                        __end_of_INT2_ISR 1AE8                                     ?_main 0067  
                                   _EEADR 000FA9                                     i2l453 1AF2  
                                   i2l705 1A8E                                     i2l651 1AEE  
                                   i2l661 1AE6                                     i2l656 1AEA  
                                   i2l672 1ADC                                     i2l683 1AC2  
                                   i2l923 1A74                                     i2l860 1080  
                                   i2l694 1AA8                                     i2l870 11D4  
                                   i2l862 10C4                                     i2l872 1218  
                                   i2l864 1108                                     i2l856 1040  
                                   i2l881 12E0                                     i2l874 125C  
                                   i2l866 114C                                     i2l858 1060  
                                   i2l963 1AE2                                     i2l876 12A0  
                                   i2l868 1190                                     i2l878 12C0  
                                   _TMR0H 000FD7                                     _TMR1H 000FCF  
                                   _TMR0L 000FD6                                     _TMR1L 000FCE  
                                   _PORTA 000F80                                     _PORTB 000F81  
                                   _PORTC 000F82                                     _PORTD 000F83  
                                   _PORTE 000F84                                     _TRISA 000F92  
                                   _TRISB 000F93                                     _TRISC 000F94  
                                   _TRISD 000F95                                     _TRISE 000F96  
                       Timer0_Init@_timer 006D                          __end_of_TMR0_ISR 1A76  
                                   _lcd_1 0027                                     pclath 000FFA  
                                   pclatu 000FFB                                     tablat 000FF5  
                                   ttemp5 007C                                     ttemp6 007F  
                                   ttemp7 0083                                     status 000FD8  
                                   wtemp8 007C                           ?_led_initialize 0078  
                 _Timer0_Prescaler_Config 18F0            ?_gpio_pin_direction_initialize 006A  
                         __initialization 1A0A                              __end_of_main 1994  
                   ?_gpio_pin_write_logic 006A                                 ??_ADC_ISR 0067  
                           _lat_registers 000B                                    ??_main 007B  
                           __activetblptr 000003                          led_turn_on@F3050 0065  
                               ??_RB4_ISR 0067                                 ??_RB5_ISR 0067  
                               ??_RB6_ISR 0067                                 ??_RB7_ISR 0067  
                                  _ADRESH 000FC4                                    _EEADRH 000FAA  
                                  _ADRESL 000FC3                                    _EEDATA 000FA8  
                                  _EECON2 000FA7                                    i2l2102 1AEC  
                                  i2l2120 1AC6                                    i2l2114 1AE4  
                                  i2l2122 1AC8                                    i2l2108 1AE8  
                                  i2l2220 1A42                                    i2l2142 1AC2  
                                  i2l2134 1AAC                                    i2l2150 1A94  
                                  i2l2222 1A46                                    i2l2128 1ADC  
                                  i2l2136 1AAE                                    i2l2224 1A4A  
                                  i2l2170 1A8E                                    i2l2162 1A78  
                                  i2l2226 1A5C                                    i2l2218 1A40  
                                  i2l2156 1AA8                                    i2l2148 1A92  
                                  i2l2164 1A7A                                    i2l3300 11FE  
                                  i2l3310 1242                                    i2l3302 120E  
                                  i2l3320 1286                                    i2l3312 1252  
                                  i2l3304 1212                                    i2l3240 105C  
                                  i2l3232 1020                                    i2l2098 1AF0  
                                  i2l3330 12CE                                    i2l3322 1296  
                                  i2l3314 1256                                    i2l3306 1226  
                                  i2l3250 10AA                                    i2l3242 106E  
                                  i2l3234 102E                                    i2l3332 12DC  
                                  i2l3324 129A                                    i2l3316 126A  
                                  i2l3308 1234                                    i2l3260 10EE  
                                  i2l3252 10BA                                    i2l3244 107C  
                                  i2l3236 103C                                    i2l3326 12AE  
                                  i2l3318 1278                                    i2l3270 1132  
                                  i2l3262 10FE                                    i2l3254 10BE  
                                  i2l3246 108E                                    i2l3238 104E  
                                  i2l3328 12BC                                    i2l3280 1176  
                                  i2l3272 1142                                    i2l3264 1102  
                                  i2l3256 10D2                                    i2l3248 109C  
                                  i2l1906 1ADE                                    i2l3290 11BA  
                                  i2l3282 1186                                    i2l3274 1146  
                                  i2l3266 1116                                    i2l3258 10E0  
                                  i2l3292 11CA                                    i2l3284 118A  
                                  i2l3276 115A                                    i2l3268 1124  
                                  i2l3294 11CE                                    i2l3286 119E  
                                  i2l3278 1168                                    i2l3296 11E2  
                                  i2l3288 11AC                                    i2l3298 11F0  
        gpio_pin_toggle_logic@_pin_config 006A                             ??_Timer0_Init 006F  
            ?_Timer0_Register_Size_Config 006A         Timer0_Register_Size_Config@_timer 006A  
                   led_initialize@pin_0bj 0081                                    clear_0 1A30  
                                  _timer0 0031                                    isa$std 000001  
                            __pdataCOMRAM 0001                              __mediumconst 0000  
                                  tblptrh 000FF7                                    tblptrl 000FF6  
                                  tblptru 000FF8                 ??_Timer0_Prescaler_Config 006C  
                              __accesstop 0080                   __end_of__initialization 1A36  
                               ?_INT0_ISR 0067                                 ?_INT1_ISR 0067  
                               ?_INT2_ISR 0067                             ___rparam_used 000001  
                       led_initialize@led 0078                           _led_turn_toggle 1812  
                       led_initialize@ret 0080                         RB5_ISR@RB5_Source 0067  
                  ??_gpio_pin_write_logic 006D                            __pcstackCOMRAM 0067  
                               ?_TMR0_ISR 0067             ??_Timer0_Register_Size_Config 006C  
                     __end_of_Timer0_Init 1600  gpio_pin_direction_initialize@_pin_config 006A  
                   _INT0_InterruptHandler 005B                                ??_INT0_ISR 0067  
                              ??_INT1_ISR 0067                                ??_INT2_ISR 0067  
                 ??_gpio_pin_toggle_logic 006C                                ??_TMR0_ISR 0067  
                       led_turn_off@F3055 0064                                   _ADC_ISR 1AF0  
                       RB7_ISR@RB7_Source 0067                                   _RB4_ISR 1AC4  
                                 _RB5_ISR 1AAA                                   _RB6_ISR 1A90  
                                 _RB7_ISR 1A76                 _RB6_InterruptHandler_HIGH 004D  
                    led_turn_toggle@F3060 0063                                   i2u50_40 1ABE  
                                 i2u50_41 1ABA                                   i2u51_40 1AA4  
                                 i2u51_41 1AA0                                   i2u52_40 1A8A  
                                 i2u52_41 1A86                                   i2u56_40 1A5C  
                                 i2u56_41 1A58                                   i2u49_40 1AD8  
                                 i2u49_41 1AD4                                   i2u57_48 1A62  
                                 i2u57_49 1A74                          ??_led_initialize 007A  
                              _btn_values 1001                   __end_of_led_turn_toggle 1884  
                          _tris_registers 0015                  _RB6_InterruptHandler_LOW 004B  
                    _ADC_InterruptHandler 005D                                   __Hparam 0000  
                             _Timer0_Init 155C                                   __Lparam 0000  
                     _gpio_pin_initialize 1884                              __psmallconst 1000  
                                 __pcinit 1A0A                                   __ramtop 1000  
                           relay_on@F3044 0061                                   __ptext0 1948  
                                 __ptext1 1812                                   __ptext2 1600  
                                 __ptext3 1714                                   __ptext4 1692  
                                 __ptext5 1884                                   __ptext6 1430  
                                 __ptext7 12EC                                   __ptext8 155C  
                                 __ptext9 1994                                 _T0CONbits 000FD5  
                               _T1CONbits 000FCD           ??_gpio_pin_direction_initialize 006C  
                                 _keypad1 001F                      ?_gpio_pin_initialize 0074  
                          __pintcode_body 1016                      end_of_initialization 1A36  
                                 int_func 1016                                   postdec1 000FE5  
                                 postdec2 000FDD                                   postinc0 000FEE  
                                 postinc2 000FDE                     _INT1_InterruptHandler 0059  
                               _PORTBbits 000F81                          _InterruptManager 0008  
                   ??_gpio_pin_initialize 0076             Timer0_Prescaler_Config@_timer 006A  
                        ?_led_turn_toggle 0071                __end_of_Timer0_Mode_Select 1812  
           convert_uint16_to_string@F3276 0039                             __pidataCOMRAM 19D2  
                          _timer0_preload 0043                            _timer1_preload 003F  
                  led_turn_toggle@pin_0bj 0074                       start_initialization 1A0A  
                           ??_led_turn_on 0076     __end_of_gpio_pin_direction_initialize 1430  
           _gpio_pin_direction_initialize 12EC             __end_of_gpio_pin_toggle_logic 1692  
                                ?_ADC_ISR 0067                                  ?_RB4_ISR 0067  
                                ?_RB5_ISR 0067                                  ?_RB6_ISR 0067  
                                ?_RB7_ISR 0067                               __pbssCOMRAM 0039  
                           __pcstackBANK0 0080                  ?_Timer0_Prescaler_Config 006A  
                     __end_of_led_turn_on 1794                     _INT2_InterruptHandler 0057  
                   _TMR0_InterruptHandler 0045                              ?_Timer0_Init 006D  
     __end_of_Timer0_Register_Size_Config 19D2               _Timer0_Register_Size_Config 1994  
                               __pintcode 0008           gpio_pin_write_logic@_pin_config 006A  
               gpio_pin_write_logic@logic 006C                               __smallconst 1000  
               _RB4_InterruptHandler_HIGH 0055                 _RB7_InterruptHandler_HIGH 0049  
                           _timer0_1000ms 005F                  _RB5_InterruptHandler_LOW 004F  
                                _INT0_ISR 1AEC                                  _INT1_ISR 1AE8  
                                _INT2_ISR 1AE4                                  _RB4_Flag 0030  
                                _RB5_Flag 002F                                  _RB6_Flag 002E  
                                _RB7_Flag 002D                         RB4_ISR@RB4_Source 0067  
                __end_of_InterruptManager 12EC                                  _PIE1bits 000F9D  
                      led_turn_on@pin_0bj 0078                                  i2u151_40 102E  
                                i2u151_41 102A                                  i2u160_40 10BA  
                                i2u152_40 103C                                  i2u160_41 10B6  
                                i2u152_41 1038                                  i2u161_40 10D2  
                                i2u153_40 104E                                  i2u161_41 10CE  
                                i2u153_41 104A                                  i2u170_40 1168  
                                i2u162_40 10E0                                  i2u154_40 105C  
                                i2u170_41 1164                                  i2u162_41 10DC  
                                i2u154_41 1058                                  i2u171_40 1176  
                                i2u163_40 10EE                                  i2u155_40 106E  
                                i2u171_41 1172                                  i2u163_41 10EA  
                                i2u155_41 106A                                  i2u180_40 120E  
                                i2u172_40 1186                                  i2u164_40 10FE  
                                i2u156_40 107C                                  i2u180_41 120A  
                                i2u172_41 1182                                  i2u164_41 10FA  
                                i2u156_41 1078                                  i2u181_40 1226  
                                i2u173_40 119E                                  i2u165_40 1116  
                                i2u157_40 108E                                  i2u181_41 1222  
                                i2u173_41 119A                                  i2u165_41 1112  
                                i2u157_41 108A                                  i2u190_40 12BC  
                                i2u182_40 1234                                  i2u174_40 11AC  
                                i2u166_40 1124                                  i2u158_40 109C  
                                i2u190_41 12B8                                  i2u182_41 1230  
                                i2u174_41 11A8                                  i2u166_41 1120  
                                i2u158_41 1098                                  i2u191_40 12CE  
                                i2u183_40 1242                                  i2u175_40 11BA  
                                i2u167_40 1132                                  i2u159_40 10AA  
                                i2u191_41 12CA                                  i2u183_41 123E  
                                i2u175_41 11B6                                  i2u167_41 112E  
                                i2u159_41 10A6                                  i2u192_40 12DC  
                                i2u184_40 1252                                  i2u176_40 11CA  
                                i2u168_40 1142                                  i2u192_41 12D8  
                                i2u184_41 124E                                  i2u176_41 11C6  
                                i2u168_41 113E                                  i2u185_40 126A  
                                i2u177_40 11E2                                  i2u169_40 115A  
                                i2u185_41 1266                                  i2u177_41 11DE  
                                i2u169_41 1156                                  _PIR1bits 000F9E  
                                i2u186_40 1278                                  i2u178_40 11F0  
                                i2u186_41 1274                                  i2u178_41 11EC  
                                i2u187_40 1286                                  i2u179_40 11FE  
                                i2u187_41 1282                                  i2u179_41 11FA  
                                i2u188_40 1296                                  i2u188_41 1292  
                                i2u189_40 12AE                                  i2u189_41 12AA  
       fp__Timer0_DefaultInterruptHandler 0000          ??_Timer0_DefaultInterruptHandler 0067  
         ?_Timer0_DefaultInterruptHandler 0067          gpio_pin_direction_initialize@ret 0072  
                                _TMR0_ISR 1A40                                _ADCON0bits 000FC2  
                              _ADCON1bits 000FC1                                _ADCON2bits 000FC0  
         __end_of_Timer0_Prescaler_Config 1948                    gpio_pin_initialize@ret 0077  
                             _led_turn_on 1714                   gpio_pin_write_logic@ret 0073  
                             _INTCON2bits 000FF1                               _INTCON3bits 000FF0  
                               copy_data0 1A1E                                _EECON1bits 000FA6  
                          led_turn_on@led 0074                            led_turn_on@ret 0077  
                                __Hrparam 0000                                  __Lrparam 0000  
                       RB6_ISR@RB6_Source 0067                        _Timer0_Mode_Select 1794  
             __end_of_gpio_pin_initialize 18F0                        __end_of_btn_values 1011  
          gpio_pin_initialize@_pin_config 0074                     _TMR1_InterruptHandler 0041  
                     ?_Timer0_Mode_Select 006A                                  __ptext10 18F0  
                                __ptext11 1794                                  __ptext20 1AE8  
                                __ptext21 1AEC                                  __ptext13 1A40  
                                __ptext22 1AF0                                  __ptext14 1ADE  
                                __ptext23 0000                                  __ptext15 1A76  
                                __ptext16 1A90                                  __ptext17 1AAA  
                                __ptext18 1AC4                                  __ptext19 1AE4  
                      led_turn_toggle@led 0071                            relay_off@F3049 0060  
                    ??_Timer0_Mode_Select 006C                                  isa$xinst 000000  
                                int$flags 007B                            Timer0_Init@ret 0071  
                Timer0_Mode_Select@_timer 006A                                _INTCONbits 000FF2  
            __end_of_gpio_pin_write_logic 155C                                  intlevel2 0000  
                   _gpio_pin_toggle_logic 1600                            _port_registers 0001  
                       ?_InterruptManager 0067                            _led_initialize 1692  
