

Microchip MPLAB XC8 Assembler V2.40 build 20220703182018 
                                                                                               Mon Aug 12 22:20:01 2024

Microchip MPLAB XC8 C Compiler v2.40 (Free license) build 20220703182018 Og1 
     1                           	processor	18F46K20
     2                           	fnconf	rparam,??,?,0
     3                           	pagewidth 120
     4                           	opt	flic
     5                           	psect	smallconst,global,reloc=2,class=SMALLCONST,delta=1,noexec
     6                           	psect	nvCOMRAM,global,class=COMRAM,space=1,delta=1,lowdata,noexec
     7                           	psect	nvBANK0,global,class=BANK0,space=1,delta=1,lowdata,noexec
     8                           	psect	cinit,global,reloc=2,class=CODE,delta=1
     9                           	psect	bssCOMRAM,global,class=COMRAM,space=1,delta=1,lowdata,noexec
    10                           	psect	bssBANK0,global,class=BANK0,space=1,delta=1,lowdata,noexec
    11                           	psect	cstackBANK0,global,class=BANK0,space=1,delta=1,lowdata,noexec
    12                           	psect	cstackCOMRAM,global,class=COMRAM,space=1,delta=1,lowdata,noexec
    13                           	psect	text0,global,reloc=2,class=CODE,delta=1
    14                           	psect	text1,global,reloc=2,class=CODE,delta=1
    15                           	psect	text2,global,reloc=2,class=CODE,delta=1
    16                           	psect	text3,global,reloc=2,class=CODE,delta=1
    17                           	psect	text4,global,reloc=2,class=CODE,delta=1
    18                           	psect	text5,global,reloc=2,class=CODE,delta=1
    19                           	psect	text6,global,reloc=2,class=CODE,delta=1
    20                           	psect	text7,global,reloc=2,class=CODE,delta=1
    21                           	psect	text8,global,reloc=2,class=CODE,delta=1
    22                           	psect	text9,global,reloc=2,class=CODE,delta=1
    23                           	psect	text10,global,reloc=2,class=CODE,delta=1
    24                           	psect	text11,global,reloc=2,class=CODE,delta=1
    25                           	psect	text12,global,reloc=2,class=CODE,delta=1
    26                           	psect	text13,global,reloc=2,class=CODE,delta=1
    27                           	psect	text14,global,reloc=2,class=CODE,delta=1
    28                           	psect	text15,global,reloc=2,class=CODE,delta=1
    29                           	psect	text16,global,reloc=2,class=CODE,delta=1
    30                           	psect	text17,global,reloc=2,class=CODE,delta=1
    31                           	psect	text18,global,reloc=2,class=CODE,delta=1
    32                           	psect	text19,global,reloc=2,class=CODE,delta=1
    33                           	psect	text20,global,reloc=2,class=CODE,delta=1
    34                           	psect	text21,global,reloc=2,class=CODE,delta=1
    35                           	psect	text22,global,reloc=2,class=CODE,delta=1
    36                           	psect	text23,global,reloc=2,class=CODE,delta=1
    37                           	psect	text24,global,reloc=2,class=CODE,delta=1,inline
    38                           	psect	text25,global,reloc=2,class=CODE,delta=1,inline
    39                           	psect	text26,global,reloc=2,class=CODE,delta=1
    40                           	psect	text27,global,reloc=2,class=CODE,delta=1
    41                           	psect	text28,global,reloc=2,class=CODE,delta=1,inline
    42                           	psect	text29,global,reloc=2,class=CODE,delta=1
    43                           	psect	text30,global,reloc=2,class=CODE,delta=1,inline
    44                           	psect	text31,global,reloc=2,class=CODE,delta=1,inline
    45                           	psect	text32,global,reloc=2,class=CODE,delta=1,inline
    46                           	psect	intcode,global,reloc=2,class=CODE,delta=1
    47                           	psect	text34,global,reloc=2,class=CODE,delta=1
    48                           	psect	text35,global,reloc=2,class=CODE,delta=1,inline
    49                           	psect	text36,global,reloc=2,class=CODE,delta=1,inline
    50                           	psect	text37,global,reloc=2,class=CODE,delta=1
    51                           	psect	text38,global,reloc=2,class=CODE,delta=1
    52                           	psect	text39,global,reloc=2,class=CODE,delta=1
    53                           	psect	text40,global,reloc=2,class=CODE,delta=1
    54                           	psect	text41,global,reloc=2,class=CODE,delta=1
    55                           	psect	text42,global,reloc=2,class=CODE,delta=1
    56                           	psect	text43,global,reloc=2,class=CODE,delta=1
    57                           	psect	text44,global,reloc=2,class=CODE,delta=1
    58                           	psect	text45,global,reloc=2,class=CODE,delta=1
    59                           	psect	text46,global,reloc=2,class=CODE,delta=1
    60                           	psect	text47,global,reloc=2,class=CODE,delta=1
    61                           	psect	text48,global,reloc=2,class=CODE,delta=1
    62                           	psect	text49,global,reloc=2,class=CODE,delta=1
    63                           	psect	text50,global,reloc=2,class=CODE,delta=1
    64                           	psect	text51,global,reloc=2,class=CODE,delta=1
    65                           	psect	text52,global,reloc=2,class=CODE,delta=1
    66                           	psect	text53,global,reloc=2,class=CODE,delta=1,inline
    67                           	psect	text54,global,reloc=2,class=CODE,delta=1,inline
    68                           	psect	text55,global,reloc=2,class=CODE,delta=1,inline
    69                           	psect	text56,global,reloc=2,class=CODE,delta=1,inline
    70                           	psect	text57,global,reloc=2,class=CODE,delta=1,inline
    71                           	psect	text58,global,reloc=2,class=CODE,delta=1,inline
    72                           	psect	text59,global,reloc=2,class=CODE,delta=1,inline
    73                           	psect	text60,global,reloc=2,class=CODE,delta=1
    74                           	psect	text61,global,reloc=2,class=CODE,delta=1
    75                           	psect	text62,global,reloc=2,class=CODE,delta=1
    76                           	psect	text63,global,reloc=2,class=CODE,delta=1
    77                           	psect	text64,global,reloc=2,class=CODE,delta=1
    78                           	psect	text65,global,reloc=2,class=CODE,delta=1
    79                           	psect	text66,global,reloc=2,class=CODE,delta=1
    80                           	psect	text67,global,reloc=2,class=CODE,delta=1
    81                           	psect	text68,global,reloc=2,class=CODE,delta=1
    82                           	psect	text69,global,reloc=2,class=CODE,delta=1
    83                           	psect	text70,global,reloc=2,class=CODE,delta=1,inline
    84                           	psect	text71,global,reloc=2,class=CODE,delta=1,inline
    85                           	psect	intsave_regs,global,class=BIGRAM,space=1,delta=1,noexec
    86                           	psect	text72,global,reloc=2,class=CODE,delta=1,inline
    87                           	psect	rparam,global,class=COMRAM,space=1,delta=1,noexec
    88                           	psect	temp,global,ovrld,common,class=COMRAM,space=1,delta=1
    89                           	psect	idloc,global,abs,ovrld,class=IDLOC,space=5,delta=1,noexec
    90                           	psect	config,global,abs,ovrld,class=CONFIG,space=4,delta=1,noexec
    91   000000                     
    92                           ; Generated 06/04/2022 GMT
    93                           ; 
    94                           ; Copyright © 2022, Microchip Technology Inc. and its subsidiaries ("Microchip")
    95                           ; All rights reserved.
    96                           ; 
    97                           ; This software is developed by Microchip Technology Inc. and its subsidiaries ("Microch
      +                          ip").
    98                           ; 
    99                           ; Redistribution and use in source and binary forms, with or without modification, are
   100                           ; permitted provided that the following conditions are met:
   101                           ; 
   102                           ;     1. Redistributions of source code must retain the above copyright notice, this lis
      +                          t of
   103                           ;        conditions and the following disclaimer.
   104                           ; 
   105                           ;     2. Redistributions in binary form must reproduce the above copyright notice, this 
      +                          list
   106                           ;        of conditions and the following disclaimer in the documentation and/or other
   107                           ;        materials provided with the distribution. Publication is not required when
   108                           ;        this file is used in an embedded application.
   109                           ; 
   110                           ;     3. Microchip's name may not be used to endorse or promote products derived from th
      +                          is
   111                           ;        software without specific prior written permission.
   112                           ; 
   113                           ; THIS SOFTWARE IS PROVIDED BY MICROCHIP "AS IS" AND ANY EXPRESS OR IMPLIED WARRANTIES,
   114                           ; INCLUDING, BUT NOT LIMITED TO, THE IMPLIED WARRANTIES OF MERCHANTABILITY AND FITNESS F
      +                          OR
   115                           ; PURPOSE ARE DISCLAIMED.  IN NO EVENT SHALL MICROCHIP BE LIABLE FOR ANY DIRECT, INDIREC
      +                          T,
   116                           ; INCIDENTAL, SPECIAL, EXEMPLARY, OR CONSEQUENTIAL DAMAGES (INCLUDING BUT NOT LIMITED TO
   117                           ; PROCUREMENT OF SUBSTITUTE GOODS OR SERVICES; LOSS OF USE, DATA OR PROFITS; OR BUSINESS
   118                           ; INTERRUPTION) HOWSOEVER CAUSED AND ON ANY THEORY OF LIABILITY, WHETHER IN CONTRACT, ST
      +                          RICT
   119                           ; LIABILITY, OR TORT (INCLUDING NEGLIGENCE OR OTHERWISE) ARISING IN ANY WAY OUT OF THE U
      +                          SE OF
   120                           ; THIS SOFTWARE, EVEN IF ADVISED OF THE POSSIBILITY OF SUCH DAMAGE.
   121                           ; 
   122                           ; 
   123                           ; Code-generator required, PIC18F46K20 Definitions
   124                           ; 
   125                           ; SFR Addresses
   126   000000                     
   127 ;; Function _EUSART_DefaultFramingErrorHandler is unused but had its address taken
   128   000000                     
   129 ;; Function _EUSART_DefaultOverrunErrorHandler is unused but had its address taken
   130   000000                     
   131 ;; Function _EUSART_DefaultErrorHandler is unused but had its address taken
   132   000000                     
   133                           	psect	smallconst
   134   001000                     __psmallconst:
   135                           	callstack 0
   136   001000  00                 	db	0
   137   001001                     _i2c_fsmStateTable:
   138                           	callstack 0
   139   001001  E4                 	db	low _I2C_DO_IDLE
   140   001002  1A                 	db	high _I2C_DO_IDLE
   141   001003  84                 	db	low _I2C_DO_SEND_ADR_READ
   142   001004  1A                 	db	high _I2C_DO_SEND_ADR_READ
   143   001005  92                 	db	low _I2C_DO_SEND_ADR_WRITE
   144   001006  1A                 	db	high _I2C_DO_SEND_ADR_WRITE
   145   001007  3A                 	db	low _I2C_DO_TX
   146   001008  10                 	db	high _I2C_DO_TX
   147   001009  9E                 	db	low _I2C_DO_RX
   148   00100A  11                 	db	high _I2C_DO_RX
   149   00100B  DA                 	db	low _I2C_DO_RCEN
   150   00100C  1A                 	db	high _I2C_DO_RCEN
   151   00100D  E4                 	db	low _I2C_DO_TX_EMPTY
   152   00100E  13                 	db	high _I2C_DO_TX_EMPTY
   153   00100F  26                 	db	low _I2C_DO_SEND_RESTART_READ
   154   001010  1B                 	db	high _I2C_DO_SEND_RESTART_READ
   155   001011  1E                 	db	low _I2C_DO_SEND_RESTART_WRITE
   156   001012  1B                 	db	high _I2C_DO_SEND_RESTART_WRITE
   157   001013  16                 	db	low _I2C_DO_SEND_RESTART
   158   001014  1B                 	db	high _I2C_DO_SEND_RESTART
   159   001015  0E                 	db	low _I2C_DO_SEND_STOP
   160   001016  1B                 	db	high _I2C_DO_SEND_STOP
   161   001017  06                 	db	low _I2C_DO_RX_ACK
   162   001018  1B                 	db	high _I2C_DO_RX_ACK
   163   001019  FE                 	db	low _I2C_DO_RX_NACK_STOP
   164   00101A  1A                 	db	high _I2C_DO_RX_NACK_STOP
   165   00101B  F6                 	db	low _I2C_DO_RX_NACK_RESTART
   166   00101C  1A                 	db	high _I2C_DO_RX_NACK_RESTART
   167   00101D  D0                 	db	low _I2C_DO_RESET
   168   00101E  1A                 	db	high _I2C_DO_RESET
   169   00101F  98                 	db	low _I2C_DO_ADDRESS_NACK
   170   001020  16                 	db	high _I2C_DO_ADDRESS_NACK
   171   001021                     __end_of_i2c_fsmStateTable:
   172                           	callstack 0
   173   000000                     _TXREG	set	4013
   174   000000                     _RCREG	set	4014
   175   000000                     _SPBRG	set	4015
   176   000000                     _TXSTA	set	4012
   177   000000                     _RCSTA	set	4011
   178   000000                     _BAUDCON	set	4024
   179   000000                     _EEDATA	set	4008
   180   000000                     _EEADR	set	4009
   181   000000                     _EEADRH	set	4010
   182   000000                     _EECON2	set	4007
   183   000000                     _TRISD	set	3989
   184   000000                     _TRISC	set	3988
   185   000000                     _TRISB	set	3987
   186   000000                     _LATC	set	3979
   187   000000                     _LATB	set	3978
   188   001021                     STR_2:
   189   001021  53                 	db	83	;'S'
   190   001022  79                 	db	121	;'y'
   191   001023  73                 	db	115	;'s'
   192   001024  74                 	db	116	;'t'
   193   001025  65                 	db	101	;'e'
   194   001026  6D                 	db	109	;'m'
   195   001027  20                 	db	32
   196   001028  53                 	db	83	;'S'
   197   001029  74                 	db	116	;'t'
   198   00102A  61                 	db	97	;'a'
   199   00102B  72                 	db	114	;'r'
   200   00102C  74                 	db	116	;'t'
   201   00102D  65                 	db	101	;'e'
   202   00102E  64                 	db	100	;'d'
   203   00102F  00                 	db	0
   204   001030                     STR_1:
   205   001030  44                 	db	68	;'D'
   206   001031  61                 	db	97	;'a'
   207   001032  74                 	db	116	;'t'
   208   001033  65                 	db	101	;'e'
   209   001034  20                 	db	32
   210   001035  3A                 	db	58	;':'
   211   001036  20                 	db	32
   212   001037  00                 	db	0
   213   001038  00                 	db	0	; dummy byte at the end
   214   000000                     
   215                           	psect	nvCOMRAM
   216   000049                     __pnvCOMRAM:
   217                           	callstack 0
   218   000049                     _EUSART_OverrunErrorHandler:
   219                           	callstack 0
   220   000049                     	ds	2
   221   00004B                     _EUSART_FramingErrorHandler:
   222                           	callstack 0
   223   00004B                     	ds	2
   224                           
   225                           	psect	nvBANK0
   226   00008A                     __pnvBANK0:
   227                           	callstack 0
   228   00008A                     _EUSART_ErrorHandler:
   229                           	callstack 0
   230   00008A                     	ds	2
   231   000000                     _SSPSTATbits	set	4039
   232   000000                     _SSPCON2bits	set	4037
   233   000000                     _SSPCON1bits	set	4038
   234   000000                     _RCSTAbits	set	4011
   235   000000                     _TXSTAbits	set	4012
   236   000000                     _WPUB	set	3964
   237   000000                     _ANSEL	set	3966
   238   000000                     _LATA	set	3977
   239   000000                     _LATD	set	3980
   240   000000                     _LATE	set	3981
   241   000000                     _OSCTUNE	set	3995
   242   000000                     _OSCCON	set	4051
   243   000000                     _INTCON2bits	set	4081
   244   000000                     _PIE1bits	set	3997
   245   000000                     _PIR1bits	set	3998
   246   000000                     _PIR2bits	set	4001
   247   000000                     _EECON1bits	set	4006
   248   000000                     _TRISA	set	3986
   249   000000                     _TRISE	set	3990
   250   000000                     _ANSELH	set	3967
   251   000000                     _TABLAT	set	4085
   252   000000                     _TBLPTRL	set	4086
   253   000000                     _TBLPTRH	set	4087
   254   000000                     _TBLPTRU	set	4088
   255   000000                     _INTCONbits	set	4082
   256   000000                     _SSPCON2	set	4037
   257   000000                     _SSPCON1	set	4038
   258   000000                     _SSPSTAT	set	4039
   259   000000                     _SPBRGH	set	4016
   260   000000                     _PIE2bits	set	4000
   261   000000                     _RCONbits	set	4048
   262   000000                     _SSPBUF	set	4041
   263   000000                     _SSPADD	set	4040
   264                           
   265                           ; #config settings
   266                           
   267                           	psect	cinit
   268   001930                     __pcinit:
   269                           	callstack 0
   270   001930                     start_initialization:
   271                           	callstack 0
   272   001930                     __initialization:
   273                           	callstack 0
   274                           
   275                           ; Clear objects allocated to BANK0 (24 bytes)
   276   001930  EE00  F060         	lfsr	0,__pbssBANK0
   277   001934  0E18               	movlw	24
   278   001936                     clear_0:
   279   001936  6AEE               	clrf	postinc0,c
   280   001938  06E8               	decf	wreg,f,c
   281   00193A  E1FD               	bnz	clear_0
   282                           
   283                           ; Clear objects allocated to COMRAM (47 bytes)
   284   00193C  EE00  F001         	lfsr	0,__pbssCOMRAM
   285   001940  0E2F               	movlw	47
   286   001942                     clear_1:
   287   001942  6AEE               	clrf	postinc0,c
   288   001944  06E8               	decf	wreg,f,c
   289   001946  E1FD               	bnz	clear_1
   290   001948                     end_of_initialization:
   291                           	callstack 0
   292   001948                     __end_of__initialization:
   293                           	callstack 0
   294   001948  904D               	bcf	int$flags,0,c	;clear compiler interrupt flag (level 1)
   295   00194A  924D               	bcf	int$flags,1,c	;clear compiler interrupt flag (level 2)
   296   00194C  0100               	movlb	0
   297   00194E  EF6C  F00A         	goto	_main	;jump to C main() function
   298                           
   299                           	psect	bssCOMRAM
   300   000001                     __pbssCOMRAM:
   301                           	callstack 0
   302   000001                     _I2C_Status:
   303                           	callstack 0
   304   000001                     	ds	36
   305   000025                     _RealTimeClockDS1307@RealTimeClockDS1307$F1653:
   306                           	callstack 0
   307   000025                     	ds	6
   308   00002B                     _MSSP_InterruptHandler:
   309                           	callstack 0
   310   00002B                     	ds	2
   311   00002D                     _U5RecValue:
   312                           	callstack 0
   313   00002D                     	ds	1
   314   00002E                     _U4RecValue:
   315                           	callstack 0
   316   00002E                     	ds	1
   317   00002F                     _eusartRxLastError:
   318                           	callstack 0
   319   00002F                     	ds	1
   320                           
   321                           	psect	bssBANK0
   322   000060                     __pbssBANK0:
   323                           	callstack 0
   324   000060                     _RealTimeClockDS1307:
   325                           	callstack 0
   326   000060                     	ds	6
   327   000066                     _RealTimeClockDS1307_Pack:
   328                           	callstack 0
   329   000066                     	ds	18
   330                           
   331                           	psect	cstackBANK0
   332   000078                     __pcstackBANK0:
   333                           	callstack 0
   334   000078                     EUSART_Write@txData:
   335                           	callstack 0
   336   000078                     I2C_Close@returnValue:
   337                           	callstack 0
   338   000078                     I2C_MasterOperation@read:
   339                           	callstack 0
   340   000078                     EUSART_SetFramingErrorHandler@interruptHandler:
   341                           	callstack 0
   342   000078                     EUSART_SetOverrunErrorHandler@interruptHandler:
   343                           	callstack 0
   344   000078                     EUSART_SetErrorHandler@interruptHandler:
   345                           	callstack 0
   346   000078                     I2C_SetBuffer@buffer:
   347                           	callstack 0
   348   000078                     I2C_SetInterruptHandler@InterruptHandler:
   349                           	callstack 0
   350   000078                     I2C_SetCallback@cb:
   351                           	callstack 0
   352                           
   353                           ; 2 bytes @ 0x0
   354   000078                     	ds	1
   355   000079                     I2C_MasterOperation@returnValue:
   356                           	callstack 0
   357   000079                     UART_LoggingDebugData_Send_String@String:
   358                           	callstack 0
   359                           
   360                           ; 2 bytes @ 0x1
   361   000079                     	ds	1
   362   00007A                     I2C_Open@address:
   363                           	callstack 0
   364   00007A                     I2C_SetBuffer@bufferSize:
   365                           	callstack 0
   366   00007A                     I2C_SetCallback@ptr:
   367                           	callstack 0
   368                           
   369                           ; 2 bytes @ 0x2
   370   00007A                     	ds	1
   371   00007B                     I2C_Open@returnValue:
   372                           	callstack 0
   373   00007B                     UART_LoggingDebugData_Send_String@String_Length:
   374                           	callstack 0
   375                           
   376                           ; 2 bytes @ 0x3
   377   00007B                     	ds	1
   378   00007C                     I2C_SetCallback@idx:
   379                           	callstack 0
   380                           
   381                           ; 1 bytes @ 0x4
   382   00007C                     	ds	1
   383   00007D                     I2C_SetDataCompleteCallback@cb:
   384                           	callstack 0
   385   00007D                     I2C_SetAddressNackCallback@cb:
   386                           	callstack 0
   387   00007D                     UART_LoggingDebugData_Send_String@l_String_Length:
   388                           	callstack 0
   389                           
   390                           ; 2 bytes @ 0x5
   391   00007D                     	ds	2
   392   00007F                     I2C_SetDataCompleteCallback@ptr:
   393                           	callstack 0
   394   00007F                     I2C_SetAddressNackCallback@ptr:
   395                           	callstack 0
   396                           
   397                           ; 2 bytes @ 0x7
   398   00007F                     	ds	2
   399   000081                     I2C_Read1ByteRegister@reg:
   400                           	callstack 0
   401   000081                     I2C_Write1ByteRegister@reg:
   402                           	callstack 0
   403                           
   404                           ; 1 bytes @ 0x9
   405   000081                     	ds	1
   406   000082                     I2C_Read1ByteRegister@address:
   407                           	callstack 0
   408   000082                     I2C_Write1ByteRegister@data:
   409                           	callstack 0
   410                           
   411                           ; 1 bytes @ 0xA
   412   000082                     	ds	1
   413   000083                     I2C_Read1ByteRegister@returnValue:
   414                           	callstack 0
   415   000083                     I2C_Write1ByteRegister@address:
   416                           	callstack 0
   417                           
   418                           ; 1 bytes @ 0xB
   419   000083                     	ds	1
   420   000084                     ?_RealTimeClockDS1307_Get_Date_Time:
   421                           	callstack 0
   422   000084                     EEPROM_24C02C_Write_Byte@Byte_Address:
   423                           	callstack 0
   424   000084                     EEPROM_24C02C_Read_Byte@Byte_Address:
   425                           	callstack 0
   426                           
   427                           ; 1 bytes @ 0xC
   428   000084                     	ds	1
   429   000085                     EEPROM_24C02C_Write_Byte@Data:
   430                           	callstack 0
   431   000085                     EEPROM_24C02C_Read_Byte@EEPROM_Address:
   432                           	callstack 0
   433                           
   434                           ; 1 bytes @ 0xD
   435   000085                     	ds	1
   436   000086                     EEPROM_24C02C_Write_Byte@EEPROM_Address:
   437                           	callstack 0
   438   000086                     EEPROM_24C02C_Read_Byte@RecValue:
   439                           	callstack 0
   440                           
   441                           ; 1 bytes @ 0xE
   442   000086                     	ds	4
   443   00008A                     
   444                           ; 1 bytes @ 0x12
   445                           
   446                           	psect	cstackCOMRAM
   447   000030                     __pcstackCOMRAM:
   448                           	callstack 0
   449   000030                     I2C_MasterSendTxData@data:
   450                           	callstack 0
   451   000030                     i2I2C_SetBuffer@buffer:
   452                           	callstack 0
   453   000030                     i2I2C_SetCallback@cb:
   454                           	callstack 0
   455                           
   456                           ; 2 bytes @ 0x0
   457   000030                     	ds	1
   458   000031                     
   459                           ; 1 bytes @ 0x1
   460   000031                     	ds	1
   461   000032                     i2I2C_SetBuffer@bufferSize:
   462                           	callstack 0
   463   000032                     i2I2C_SetCallback@ptr:
   464                           	callstack 0
   465                           
   466                           ; 2 bytes @ 0x2
   467   000032                     	ds	2
   468   000034                     i2I2C_SetCallback@idx:
   469                           	callstack 0
   470                           
   471                           ; 1 bytes @ 0x4
   472   000034                     	ds	1
   473   000035                     i2I2C_SetDataCompleteCallback@cb:
   474                           	callstack 0
   475                           
   476                           ; 2 bytes @ 0x5
   477   000035                     	ds	2
   478   000037                     i2I2C_SetDataCompleteCallback@ptr:
   479                           	callstack 0
   480                           
   481                           ; 2 bytes @ 0x7
   482   000037                     	ds	2
   483   000039                     rd1RegCompleteHandler@ptr:
   484                           	callstack 0
   485   000039                     rd2RegCompleteHandler@ptr:
   486                           	callstack 0
   487   000039                     wr1RegCompleteHandler@ptr:
   488                           	callstack 0
   489   000039                     wr2RegCompleteHandler@ptr:
   490                           	callstack 0
   491   000039                     rdBlkRegCompleteHandler@ptr:
   492                           	callstack 0
   493   000039                     I2C_CallbackReturnReset@funPtr:
   494                           	callstack 0
   495                           
   496                           ; 2 bytes @ 0x9
   497   000039                     	ds	2
   498   00003B                     ??_I2C_DO_TX:
   499   00003B                     ??_I2C_DO_RX:
   500   00003B                     ??_I2C_DO_TX_EMPTY:
   501   00003B                     ??_I2C_DO_ADDRESS_NACK:
   502   00003B                     
   503                           ; 1 bytes @ 0xB
   504   00003B                     	ds	2
   505   00003D                     ??_I2C_MasterFsm:
   506                           
   507                           ; 1 bytes @ 0xD
   508   00003D                     	ds	2
   509   00003F                     ??_INTERRUPT_InterruptManager:
   510                           
   511                           ; 1 bytes @ 0xF
   512   00003F                     	ds	10
   513                           
   514 ;;
   515 ;;Main: autosize = 0, tempsize = 0, incstack = 0, save=0
   516 ;;
   517 ;; *************** function _main *****************
   518 ;; Defined at:
   519 ;;		line 54 in file "main.c"
   520 ;; Parameters:    Size  Location     Type
   521 ;;		None
   522 ;; Auto vars:     Size  Location     Type
   523 ;;		None
   524 ;; Return value:  Size  Location     Type
   525 ;;                  1    wreg      void 
   526 ;; Registers used:
   527 ;;		wreg, fsr0l, fsr0h, fsr2l, fsr2h, status,2, status,0, tblptrl, tblptrh, tblptru, prodl, prodh, cstack
   528 ;; Tracked objects:
   529 ;;		On entry : 0/0
   530 ;;		On exit  : 0/0
   531 ;;		Unchanged: 0/0
   532 ;; Data sizes:     COMRAM   BANK0   BANK1   BANK2   BANK3   BANK4   BANK5   BANK6   BANK7   BANK8   BANK9  BANK10  BANK1
      +1  BANK12  BANK13  BANK14  BANK15
   533 ;;      Params:         0       0       0       0       0       0       0       0       0       0       0       0       
      +0       0       0       0       0
   534 ;;      Locals:         0       0       0       0       0       0       0       0       0       0       0       0       
      +0       0       0       0       0
   535 ;;      Temps:          0       0       0       0       0       0       0       0       0       0       0       0       
      +0       0       0       0       0
   536 ;;      Totals:         0       0       0       0       0       0       0       0       0       0       0       0       
      +0       0       0       0       0
   537 ;;Total ram usage:        0 bytes
   538 ;; Hardware stack levels required when called: 12
   539 ;; This function calls:
   540 ;;		_EEPROM_24C02C_Read_Byte
   541 ;;		_EEPROM_24C02C_Write_Byte
   542 ;;		_Print_RealTimeClockDS1307
   543 ;;		_RealTimeClockDS1307_Get_Date_Time
   544 ;;		_SYSTEM_Initialize
   545 ;;		_UART_LoggingDebugData_Send_String
   546 ;; This function is called by:
   547 ;;		Startup code after reset
   548 ;; This function uses a non-reentrant model
   549 ;;
   550                           
   551                           	psect	text0
   552   0014D8                     __ptext0:
   553                           	callstack 0
   554   0014D8                     _main:
   555                           	callstack 19
   556   0014D8                     
   557                           ;main.c: 57:     SYSTEM_Initialize();
   558   0014D8  EC18  F00D         	call	_SYSTEM_Initialize	;wreg free
   559   0014DC                     
   560                           ;main.c: 64:     (INTCONbits.GIE = 1);
   561   0014DC  8EF2               	bsf	242,7,c	;volatile
   562   0014DE                     
   563                           ;main.c: 70:     (INTCONbits.PEIE = 1);
   564   0014DE  8CF2               	bsf	242,6,c	;volatile
   565   0014E0                     
   566                           ;main.c: 75:     EEPROM_24C02C_Write_Byte(0xA2,0x08,5);
   567   0014E0  0E08               	movlw	8
   568   0014E2  0100               	movlb	0	; () banked
   569   0014E4  6F84               	movwf	EEPROM_24C02C_Write_Byte@Byte_Address& (0+255),b
   570   0014E6  0E05               	movlw	5
   571   0014E8  6F85               	movwf	EEPROM_24C02C_Write_Byte@Data& (0+255),b
   572   0014EA  0EA2               	movlw	162
   573   0014EC  EC23  F00D         	call	_EEPROM_24C02C_Write_Byte
   574   0014F0                     
   575                           ;main.c: 76:     EEPROM_24C02C_Write_Byte(0xA6,0x08,6);
   576   0014F0  0E08               	movlw	8
   577   0014F2  0100               	movlb	0	; () banked
   578   0014F4  6F84               	movwf	EEPROM_24C02C_Write_Byte@Byte_Address& (0+255),b
   579   0014F6  0E06               	movlw	6
   580   0014F8  6F85               	movwf	EEPROM_24C02C_Write_Byte@Data& (0+255),b
   581   0014FA  0EA6               	movlw	166
   582   0014FC  EC23  F00D         	call	_EEPROM_24C02C_Write_Byte
   583   001500                     
   584                           ;main.c: 77:     UART_LoggingDebugData_Send_String("System Started",14);
   585   001500  0E21               	movlw	low STR_2
   586   001502  0100               	movlb	0	; () banked
   587   001504  6F79               	movwf	UART_LoggingDebugData_Send_String@String& (0+255),b
   588   001506  0E10               	movlw	high STR_2
   589   001508  6F7A               	movwf	(UART_LoggingDebugData_Send_String@String+1)& (0+255),b
   590   00150A  0E00               	movlw	0
   591   00150C  6F7C               	movwf	(UART_LoggingDebugData_Send_String@String_Length+1)& (0+255),b
   592   00150E  0E0E               	movlw	14
   593   001510  6F7B               	movwf	UART_LoggingDebugData_Send_String@String_Length& (0+255),b
   594   001512  EC7E  F00B         	call	_UART_LoggingDebugData_Send_String	;wreg free
   595   001516                     
   596                           ;main.c: 78:     U4RecValue=EEPROM_24C02C_Read_Byte(0xA2,0x08);
   597   001516  0E08               	movlw	8
   598   001518  0100               	movlb	0	; () banked
   599   00151A  6F84               	movwf	EEPROM_24C02C_Read_Byte@Byte_Address& (0+255),b
   600   00151C  0EA2               	movlw	162
   601   00151E  ECE8  F00C         	call	_EEPROM_24C02C_Read_Byte
   602   001522  6E2E               	movwf	_U4RecValue^0,c
   603   001524                     
   604                           ;main.c: 79:     U5RecValue=EEPROM_24C02C_Read_Byte(0xA6,0x08);
   605   001524  0E08               	movlw	8
   606   001526  0100               	movlb	0	; () banked
   607   001528  6F84               	movwf	EEPROM_24C02C_Read_Byte@Byte_Address& (0+255),b
   608   00152A  0EA6               	movlw	166
   609   00152C  ECE8  F00C         	call	_EEPROM_24C02C_Read_Byte
   610   001530  6E2D               	movwf	_U5RecValue^0,c
   611   001532                     l3644:
   612                           
   613                           ;main.c: 81:     {;main.c: 82:          RealTimeClockDS1307=RealTimeClockDS1307_Get_Date
      +                          _Time();
   614   001532  ECE4  F00A         	call	_RealTimeClockDS1307_Get_Date_Time	;wreg free
   615   001536  EE20  F060         	lfsr	2,_RealTimeClockDS1307
   616   00153A  0E05               	movlw	5
   617   00153C                     u1561:
   618   00153C  CFEB FFDB          	movff	plusw0,plusw2
   619   001540  06E8               	decf	wreg,f,c
   620   001542  E2FC               	bc	u1561
   621   001544                     
   622                           ;main.c: 83:          Print_RealTimeClockDS1307();
   623   001544  EC7C  F008         	call	_Print_RealTimeClockDS1307	;wreg free
   624   001548  EF99  F00A         	goto	l3644
   625   00154C  EF62  F000         	goto	start
   626   001550                     __end_of_main:
   627                           	callstack 0
   628                           
   629 ;; *************** function _SYSTEM_Initialize *****************
   630 ;; Defined at:
   631 ;;		line 50 in file "mcc_generated_files/mcc.c"
   632 ;; Parameters:    Size  Location     Type
   633 ;;		None
   634 ;; Auto vars:     Size  Location     Type
   635 ;;		None
   636 ;; Return value:  Size  Location     Type
   637 ;;                  1    wreg      void 
   638 ;; Registers used:
   639 ;;		wreg, status,2, status,0, cstack
   640 ;; Tracked objects:
   641 ;;		On entry : 0/0
   642 ;;		On exit  : 0/0
   643 ;;		Unchanged: 0/0
   644 ;; Data sizes:     COMRAM   BANK0   BANK1   BANK2   BANK3   BANK4   BANK5   BANK6   BANK7   BANK8   BANK9  BANK10  BANK1
      +1  BANK12  BANK13  BANK14  BANK15
   645 ;;      Params:         0       0       0       0       0       0       0       0       0       0       0       0       
      +0       0       0       0       0
   646 ;;      Locals:         0       0       0       0       0       0       0       0       0       0       0       0       
      +0       0       0       0       0
   647 ;;      Temps:          0       0       0       0       0       0       0       0       0       0       0       0       
      +0       0       0       0       0
   648 ;;      Totals:         0       0       0       0       0       0       0       0       0       0       0       0       
      +0       0       0       0       0
   649 ;;Total ram usage:        0 bytes
   650 ;; Hardware stack levels used: 1
   651 ;; Hardware stack levels required when called: 9
   652 ;; This function calls:
   653 ;;		_EUSART_Initialize
   654 ;;		_I2C_Initialize
   655 ;;		_INTERRUPT_Initialize
   656 ;;		_OSCILLATOR_Initialize
   657 ;;		_PIN_MANAGER_Initialize
   658 ;; This function is called by:
   659 ;;		_main
   660 ;; This function uses a non-reentrant model
   661 ;;
   662                           
   663                           	psect	text1
   664   001A30                     __ptext1:
   665                           	callstack 0
   666   001A30                     _SYSTEM_Initialize:
   667                           	callstack 21
   668   001A30                     
   669                           ;mcc_generated_files/mcc.c: 53:     INTERRUPT_Initialize();
   670   001A30  ECA4  F00D         	call	_INTERRUPT_Initialize	;wreg free
   671   001A34                     
   672                           ;mcc_generated_files/mcc.c: 54:     I2C_Initialize();
   673   001A34  EC2E  F00D         	call	_I2C_Initialize	;wreg free
   674   001A38                     
   675                           ;mcc_generated_files/mcc.c: 55:     PIN_MANAGER_Initialize();
   676   001A38  EC11  F00C         	call	_PIN_MANAGER_Initialize	;wreg free
   677   001A3C                     
   678                           ;mcc_generated_files/mcc.c: 56:     OSCILLATOR_Initialize();
   679   001A3C  EC4F  F00D         	call	_OSCILLATOR_Initialize	;wreg free
   680   001A40                     
   681                           ;mcc_generated_files/mcc.c: 57:     EUSART_Initialize();
   682   001A40  ECAD  F00B         	call	_EUSART_Initialize	;wreg free
   683   001A44  0012               	return		;funcret
   684   001A46                     __end_of_SYSTEM_Initialize:
   685                           	callstack 0
   686                           
   687 ;; *************** function _PIN_MANAGER_Initialize *****************
   688 ;; Defined at:
   689 ;;		line 55 in file "mcc_generated_files/pin_manager.c"
   690 ;; Parameters:    Size  Location     Type
   691 ;;		None
   692 ;; Auto vars:     Size  Location     Type
   693 ;;		None
   694 ;; Return value:  Size  Location     Type
   695 ;;                  1    wreg      void 
   696 ;; Registers used:
   697 ;;		wreg, status,2
   698 ;; Tracked objects:
   699 ;;		On entry : 0/0
   700 ;;		On exit  : 0/0
   701 ;;		Unchanged: 0/0
   702 ;; Data sizes:     COMRAM   BANK0   BANK1   BANK2   BANK3   BANK4   BANK5   BANK6   BANK7   BANK8   BANK9  BANK10  BANK1
      +1  BANK12  BANK13  BANK14  BANK15
   703 ;;      Params:         0       0       0       0       0       0       0       0       0       0       0       0       
      +0       0       0       0       0
   704 ;;      Locals:         0       0       0       0       0       0       0       0       0       0       0       0       
      +0       0       0       0       0
   705 ;;      Temps:          0       0       0       0       0       0       0       0       0       0       0       0       
      +0       0       0       0       0
   706 ;;      Totals:         0       0       0       0       0       0       0       0       0       0       0       0       
      +0       0       0       0       0
   707 ;;Total ram usage:        0 bytes
   708 ;; Hardware stack levels used: 1
   709 ;; Hardware stack levels required when called: 7
   710 ;; This function calls:
   711 ;;		Nothing
   712 ;; This function is called by:
   713 ;;		_SYSTEM_Initialize
   714 ;; This function uses a non-reentrant model
   715 ;;
   716                           
   717                           	psect	text2
   718   001822                     __ptext2:
   719                           	callstack 0
   720   001822                     _PIN_MANAGER_Initialize:
   721                           	callstack 22
   722   001822                     
   723                           ;mcc_generated_files/pin_manager.c: 60:     LATE = 0x00;
   724   001822  0E00               	movlw	0
   725   001824  6E8D               	movwf	141,c	;volatile
   726                           
   727                           ;mcc_generated_files/pin_manager.c: 61:     LATD = 0x00;
   728   001826  0E00               	movlw	0
   729   001828  6E8C               	movwf	140,c	;volatile
   730                           
   731                           ;mcc_generated_files/pin_manager.c: 62:     LATA = 0x00;
   732   00182A  0E00               	movlw	0
   733   00182C  6E89               	movwf	137,c	;volatile
   734                           
   735                           ;mcc_generated_files/pin_manager.c: 63:     LATB = 0x00;
   736   00182E  0E00               	movlw	0
   737   001830  6E8A               	movwf	138,c	;volatile
   738                           
   739                           ;mcc_generated_files/pin_manager.c: 64:     LATC = 0x00;
   740   001832  0E00               	movlw	0
   741   001834  6E8B               	movwf	139,c	;volatile
   742                           
   743                           ;mcc_generated_files/pin_manager.c: 69:     TRISE = 0x07;
   744   001836  0E07               	movlw	7
   745   001838  6E96               	movwf	150,c	;volatile
   746   00183A                     
   747                           ;mcc_generated_files/pin_manager.c: 70:     TRISA = 0xFF;
   748   00183A  6892               	setf	146,c	;volatile
   749   00183C                     
   750                           ;mcc_generated_files/pin_manager.c: 71:     TRISB = 0xFF;
   751   00183C  6893               	setf	147,c	;volatile
   752                           
   753                           ;mcc_generated_files/pin_manager.c: 72:     TRISC = 0xBF;
   754   00183E  0EBF               	movlw	191
   755   001840  6E94               	movwf	148,c	;volatile
   756   001842                     
   757                           ;mcc_generated_files/pin_manager.c: 73:     TRISD = 0xFF;
   758   001842  6895               	setf	149,c	;volatile
   759   001844                     
   760                           ;mcc_generated_files/pin_manager.c: 78:     ANSEL = 0xFF;
   761   001844  687E               	setf	126,c	;volatile
   762                           
   763                           ;mcc_generated_files/pin_manager.c: 79:     ANSELH = 0x1F;
   764   001846  0E1F               	movlw	31
   765   001848  6E7F               	movwf	127,c	;volatile
   766                           
   767                           ;mcc_generated_files/pin_manager.c: 84:     WPUB = 0x00;
   768   00184A  0E00               	movlw	0
   769   00184C  6E7C               	movwf	124,c	;volatile
   770   00184E                     
   771                           ;mcc_generated_files/pin_manager.c: 85:     INTCON2bits.nRBPU = 1;
   772   00184E  8EF1               	bsf	241,7,c	;volatile
   773   001850  0012               	return		;funcret
   774   001852                     __end_of_PIN_MANAGER_Initialize:
   775                           	callstack 0
   776                           
   777 ;; *************** function _OSCILLATOR_Initialize *****************
   778 ;; Defined at:
   779 ;;		line 60 in file "mcc_generated_files/mcc.c"
   780 ;; Parameters:    Size  Location     Type
   781 ;;		None
   782 ;; Auto vars:     Size  Location     Type
   783 ;;		None
   784 ;; Return value:  Size  Location     Type
   785 ;;                  1    wreg      void 
   786 ;; Registers used:
   787 ;;		wreg, status,2
   788 ;; Tracked objects:
   789 ;;		On entry : 0/0
   790 ;;		On exit  : 0/0
   791 ;;		Unchanged: 0/0
   792 ;; Data sizes:     COMRAM   BANK0   BANK1   BANK2   BANK3   BANK4   BANK5   BANK6   BANK7   BANK8   BANK9  BANK10  BANK1
      +1  BANK12  BANK13  BANK14  BANK15
   793 ;;      Params:         0       0       0       0       0       0       0       0       0       0       0       0       
      +0       0       0       0       0
   794 ;;      Locals:         0       0       0       0       0       0       0       0       0       0       0       0       
      +0       0       0       0       0
   795 ;;      Temps:          0       0       0       0       0       0       0       0       0       0       0       0       
      +0       0       0       0       0
   796 ;;      Totals:         0       0       0       0       0       0       0       0       0       0       0       0       
      +0       0       0       0       0
   797 ;;Total ram usage:        0 bytes
   798 ;; Hardware stack levels used: 1
   799 ;; Hardware stack levels required when called: 7
   800 ;; This function calls:
   801 ;;		Nothing
   802 ;; This function is called by:
   803 ;;		_SYSTEM_Initialize
   804 ;; This function uses a non-reentrant model
   805 ;;
   806                           
   807                           	psect	text3
   808   001A9E                     __ptext3:
   809                           	callstack 0
   810   001A9E                     _OSCILLATOR_Initialize:
   811                           	callstack 22
   812   001A9E                     
   813                           ;mcc_generated_files/mcc.c: 63:     OSCCON = 0x30;
   814   001A9E  0E30               	movlw	48
   815   001AA0  6ED3               	movwf	211,c	;volatile
   816                           
   817                           ;mcc_generated_files/mcc.c: 65:     OSCTUNE = 0x00;
   818   001AA2  0E00               	movlw	0
   819   001AA4  6E9B               	movwf	155,c	;volatile
   820   001AA6  0012               	return		;funcret
   821   001AA8                     __end_of_OSCILLATOR_Initialize:
   822                           	callstack 0
   823                           
   824 ;; *************** function _INTERRUPT_Initialize *****************
   825 ;; Defined at:
   826 ;;		line 52 in file "mcc_generated_files/interrupt_manager.c"
   827 ;; Parameters:    Size  Location     Type
   828 ;;		None
   829 ;; Auto vars:     Size  Location     Type
   830 ;;		None
   831 ;; Return value:  Size  Location     Type
   832 ;;                  1    wreg      void 
   833 ;; Registers used:
   834 ;;		None
   835 ;; Tracked objects:
   836 ;;		On entry : 0/0
   837 ;;		On exit  : 0/0
   838 ;;		Unchanged: 0/0
   839 ;; Data sizes:     COMRAM   BANK0   BANK1   BANK2   BANK3   BANK4   BANK5   BANK6   BANK7   BANK8   BANK9  BANK10  BANK1
      +1  BANK12  BANK13  BANK14  BANK15
   840 ;;      Params:         0       0       0       0       0       0       0       0       0       0       0       0       
      +0       0       0       0       0
   841 ;;      Locals:         0       0       0       0       0       0       0       0       0       0       0       0       
      +0       0       0       0       0
   842 ;;      Temps:          0       0       0       0       0       0       0       0       0       0       0       0       
      +0       0       0       0       0
   843 ;;      Totals:         0       0       0       0       0       0       0       0       0       0       0       0       
      +0       0       0       0       0
   844 ;;Total ram usage:        0 bytes
   845 ;; Hardware stack levels used: 1
   846 ;; Hardware stack levels required when called: 7
   847 ;; This function calls:
   848 ;;		Nothing
   849 ;; This function is called by:
   850 ;;		_SYSTEM_Initialize
   851 ;; This function uses a non-reentrant model
   852 ;;
   853                           
   854                           	psect	text4
   855   001B48                     __ptext4:
   856                           	callstack 0
   857   001B48                     _INTERRUPT_Initialize:
   858                           	callstack 22
   859   001B48                     
   860                           ;mcc_generated_files/interrupt_manager.c: 55:     RCONbits.IPEN = 0;
   861   001B48  9ED0               	bcf	208,7,c	;volatile
   862   001B4A  0012               	return		;funcret
   863   001B4C                     __end_of_INTERRUPT_Initialize:
   864                           	callstack 0
   865                           
   866 ;; *************** function _I2C_Initialize *****************
   867 ;; Defined at:
   868 ;;		line 167 in file "mcc_generated_files/i2c_master.c"
   869 ;; Parameters:    Size  Location     Type
   870 ;;		None
   871 ;; Auto vars:     Size  Location     Type
   872 ;;		None
   873 ;; Return value:  Size  Location     Type
   874 ;;                  1    wreg      void 
   875 ;; Registers used:
   876 ;;		wreg, status,2
   877 ;; Tracked objects:
   878 ;;		On entry : 0/0
   879 ;;		On exit  : 0/0
   880 ;;		Unchanged: 0/0
   881 ;; Data sizes:     COMRAM   BANK0   BANK1   BANK2   BANK3   BANK4   BANK5   BANK6   BANK7   BANK8   BANK9  BANK10  BANK1
      +1  BANK12  BANK13  BANK14  BANK15
   882 ;;      Params:         0       0       0       0       0       0       0       0       0       0       0       0       
      +0       0       0       0       0
   883 ;;      Locals:         0       0       0       0       0       0       0       0       0       0       0       0       
      +0       0       0       0       0
   884 ;;      Temps:          0       0       0       0       0       0       0       0       0       0       0       0       
      +0       0       0       0       0
   885 ;;      Totals:         0       0       0       0       0       0       0       0       0       0       0       0       
      +0       0       0       0       0
   886 ;;Total ram usage:        0 bytes
   887 ;; Hardware stack levels used: 1
   888 ;; Hardware stack levels required when called: 7
   889 ;; This function calls:
   890 ;;		Nothing
   891 ;; This function is called by:
   892 ;;		_SYSTEM_Initialize
   893 ;; This function uses a non-reentrant model
   894 ;;
   895                           
   896                           	psect	text5
   897   001A5C                     __ptext5:
   898                           	callstack 0
   899   001A5C                     _I2C_Initialize:
   900                           	callstack 22
   901   001A5C                     
   902                           ;mcc_generated_files/i2c_master.c: 169:     SSPSTAT = 0x00;
   903   001A5C  0E00               	movlw	0
   904   001A5E  6EC7               	movwf	199,c	;volatile
   905                           
   906                           ;mcc_generated_files/i2c_master.c: 170:     SSPCON1 = 0x08;
   907   001A60  0E08               	movlw	8
   908   001A62  6EC6               	movwf	198,c	;volatile
   909                           
   910                           ;mcc_generated_files/i2c_master.c: 171:     SSPCON2 = 0x00;
   911   001A64  0E00               	movlw	0
   912   001A66  6EC5               	movwf	197,c	;volatile
   913                           
   914                           ;mcc_generated_files/i2c_master.c: 172:     SSPADD = 0x27;
   915   001A68  0E27               	movlw	39
   916   001A6A  6EC8               	movwf	200,c	;volatile
   917   001A6C                     
   918                           ;mcc_generated_files/i2c_master.c: 173:     SSPCON1bits.SSPEN = 0;
   919   001A6C  9AC6               	bcf	198,5,c	;volatile
   920   001A6E  0012               	return		;funcret
   921   001A70                     __end_of_I2C_Initialize:
   922                           	callstack 0
   923                           
   924 ;; *************** function _EUSART_Initialize *****************
   925 ;; Defined at:
   926 ;;		line 66 in file "mcc_generated_files/eusart.c"
   927 ;; Parameters:    Size  Location     Type
   928 ;;		None
   929 ;; Auto vars:     Size  Location     Type
   930 ;;		None
   931 ;; Return value:  Size  Location     Type
   932 ;;                  1    wreg      void 
   933 ;; Registers used:
   934 ;;		wreg, status,2, status,0, cstack
   935 ;; Tracked objects:
   936 ;;		On entry : 0/0
   937 ;;		On exit  : 0/0
   938 ;;		Unchanged: 0/0
   939 ;; Data sizes:     COMRAM   BANK0   BANK1   BANK2   BANK3   BANK4   BANK5   BANK6   BANK7   BANK8   BANK9  BANK10  BANK1
      +1  BANK12  BANK13  BANK14  BANK15
   940 ;;      Params:         0       0       0       0       0       0       0       0       0       0       0       0       
      +0       0       0       0       0
   941 ;;      Locals:         0       0       0       0       0       0       0       0       0       0       0       0       
      +0       0       0       0       0
   942 ;;      Temps:          0       0       0       0       0       0       0       0       0       0       0       0       
      +0       0       0       0       0
   943 ;;      Totals:         0       0       0       0       0       0       0       0       0       0       0       0       
      +0       0       0       0       0
   944 ;;Total ram usage:        0 bytes
   945 ;; Hardware stack levels used: 1
   946 ;; Hardware stack levels required when called: 8
   947 ;; This function calls:
   948 ;;		_EUSART_SetErrorHandler
   949 ;;		_EUSART_SetFramingErrorHandler
   950 ;;		_EUSART_SetOverrunErrorHandler
   951 ;; This function is called by:
   952 ;;		_SYSTEM_Initialize
   953 ;; This function uses a non-reentrant model
   954 ;;
   955                           
   956                           	psect	text6
   957   00175A                     __ptext6:
   958                           	callstack 0
   959   00175A                     _EUSART_Initialize:
   960                           	callstack 21
   961   00175A                     
   962                           ;mcc_generated_files/eusart.c: 71:     BAUDCON = 0x08;
   963   00175A  0E08               	movlw	8
   964   00175C  6EB8               	movwf	184,c	;volatile
   965                           
   966                           ;mcc_generated_files/eusart.c: 74:     RCSTA = 0x90;
   967   00175E  0E90               	movlw	144
   968   001760  6EAB               	movwf	171,c	;volatile
   969                           
   970                           ;mcc_generated_files/eusart.c: 77:     TXSTA = 0x24;
   971   001762  0E24               	movlw	36
   972   001764  6EAC               	movwf	172,c	;volatile
   973                           
   974                           ;mcc_generated_files/eusart.c: 80:     SPBRG = 0xA0;
   975   001766  0EA0               	movlw	160
   976   001768  6EAF               	movwf	175,c	;volatile
   977                           
   978                           ;mcc_generated_files/eusart.c: 83:     SPBRGH = 0x01;
   979   00176A  0E01               	movlw	1
   980   00176C  6EB0               	movwf	176,c	;volatile
   981   00176E                     
   982                           ;mcc_generated_files/eusart.c: 86:     EUSART_SetFramingErrorHandler(EUSART_DefaultFrami
      +                          ngErrorHandler);
   983   00176E  0E00               	movlw	0
   984   001770  0100               	movlb	0	; () banked
   985   001772  6F78               	movwf	EUSART_SetFramingErrorHandler@interruptHandler& (0+255),b
   986   001774  0E00               	movlw	0
   987   001776  6F79               	movwf	(EUSART_SetFramingErrorHandler@interruptHandler+1)& (0+255),b
   988   001778  EC59  F00D         	call	_EUSART_SetFramingErrorHandler	;wreg free
   989   00177C                     
   990                           ;mcc_generated_files/eusart.c: 87:     EUSART_SetOverrunErrorHandler(EUSART_DefaultOverr
      +                          unErrorHandler);
   991   00177C  0E00               	movlw	0
   992   00177E  0100               	movlb	0	; () banked
   993   001780  6F78               	movwf	EUSART_SetOverrunErrorHandler@interruptHandler& (0+255),b
   994   001782  0E00               	movlw	0
   995   001784  6F79               	movwf	(EUSART_SetOverrunErrorHandler@interruptHandler+1)& (0+255),b
   996   001786  EC54  F00D         	call	_EUSART_SetOverrunErrorHandler	;wreg free
   997   00178A                     
   998                           ;mcc_generated_files/eusart.c: 88:     EUSART_SetErrorHandler(EUSART_DefaultErrorHandler
      +                          );
   999   00178A  0E00               	movlw	0
  1000   00178C  0100               	movlb	0	; () banked
  1001   00178E  6F78               	movwf	EUSART_SetErrorHandler@interruptHandler& (0+255),b
  1002   001790  0E00               	movlw	0
  1003   001792  6F79               	movwf	(EUSART_SetErrorHandler@interruptHandler+1)& (0+255),b
  1004   001794  EC5E  F00D         	call	_EUSART_SetErrorHandler	;wreg free
  1005   001798                     
  1006                           ;mcc_generated_files/eusart.c: 90:     eusartRxLastError.status = 0;
  1007   001798  0E00               	movlw	0
  1008   00179A  6E2F               	movwf	_eusartRxLastError^0,c	;volatile
  1009   00179C  0012               	return		;funcret
  1010   00179E                     __end_of_EUSART_Initialize:
  1011                           	callstack 0
  1012                           
  1013 ;; *************** function _EUSART_SetOverrunErrorHandler *****************
  1014 ;; Defined at:
  1015 ;;		line 161 in file "mcc_generated_files/eusart.c"
  1016 ;; Parameters:    Size  Location     Type
  1017 ;;  interruptHan    2    0[BANK0 ] PTR FTN()void 
  1018 ;;		 -> EUSART_DefaultOverrunErrorHandler(1), 
  1019 ;; Auto vars:     Size  Location     Type
  1020 ;;		None
  1021 ;; Return value:  Size  Location     Type
  1022 ;;                  1    wreg      void 
  1023 ;; Registers used:
  1024 ;;		wreg, status,2, status,0
  1025 ;; Tracked objects:
  1026 ;;		On entry : 0/0
  1027 ;;		On exit  : 0/0
  1028 ;;		Unchanged: 0/0
  1029 ;; Data sizes:     COMRAM   BANK0   BANK1   BANK2   BANK3   BANK4   BANK5   BANK6   BANK7   BANK8   BANK9  BANK10  BANK1
      +1  BANK12  BANK13  BANK14  BANK15
  1030 ;;      Params:         0       2       0       0       0       0       0       0       0       0       0       0       
      +0       0       0       0       0
  1031 ;;      Locals:         0       0       0       0       0       0       0       0       0       0       0       0       
      +0       0       0       0       0
  1032 ;;      Temps:          0       0       0       0       0       0       0       0       0       0       0       0       
      +0       0       0       0       0
  1033 ;;      Totals:         0       2       0       0       0       0       0       0       0       0       0       0       
      +0       0       0       0       0
  1034 ;;Total ram usage:        2 bytes
  1035 ;; Hardware stack levels used: 1
  1036 ;; Hardware stack levels required when called: 7
  1037 ;; This function calls:
  1038 ;;		Nothing
  1039 ;; This function is called by:
  1040 ;;		_EUSART_Initialize
  1041 ;; This function uses a non-reentrant model
  1042 ;;
  1043                           
  1044                           	psect	text7
  1045   001AA8                     __ptext7:
  1046                           	callstack 0
  1047   001AA8                     _EUSART_SetOverrunErrorHandler:
  1048                           	callstack 21
  1049   001AA8                     
  1050                           ;mcc_generated_files/eusart.c: 162:     EUSART_OverrunErrorHandler = interruptHandler;
  1051   001AA8  C078  F049         	movff	EUSART_SetOverrunErrorHandler@interruptHandler,_EUSART_OverrunErrorHandler
  1052   001AAC  C079  F04A         	movff	EUSART_SetOverrunErrorHandler@interruptHandler+1,_EUSART_OverrunErrorHandler+1
  1053   001AB0  0012               	return		;funcret
  1054   001AB2                     __end_of_EUSART_SetOverrunErrorHandler:
  1055                           	callstack 0
  1056                           
  1057 ;; *************** function _EUSART_SetFramingErrorHandler *****************
  1058 ;; Defined at:
  1059 ;;		line 157 in file "mcc_generated_files/eusart.c"
  1060 ;; Parameters:    Size  Location     Type
  1061 ;;  interruptHan    2    0[BANK0 ] PTR FTN()void 
  1062 ;;		 -> EUSART_DefaultFramingErrorHandler(1), 
  1063 ;; Auto vars:     Size  Location     Type
  1064 ;;		None
  1065 ;; Return value:  Size  Location     Type
  1066 ;;                  1    wreg      void 
  1067 ;; Registers used:
  1068 ;;		wreg, status,2, status,0
  1069 ;; Tracked objects:
  1070 ;;		On entry : 0/0
  1071 ;;		On exit  : 0/0
  1072 ;;		Unchanged: 0/0
  1073 ;; Data sizes:     COMRAM   BANK0   BANK1   BANK2   BANK3   BANK4   BANK5   BANK6   BANK7   BANK8   BANK9  BANK10  BANK1
      +1  BANK12  BANK13  BANK14  BANK15
  1074 ;;      Params:         0       2       0       0       0       0       0       0       0       0       0       0       
      +0       0       0       0       0
  1075 ;;      Locals:         0       0       0       0       0       0       0       0       0       0       0       0       
      +0       0       0       0       0
  1076 ;;      Temps:          0       0       0       0       0       0       0       0       0       0       0       0       
      +0       0       0       0       0
  1077 ;;      Totals:         0       2       0       0       0       0       0       0       0       0       0       0       
      +0       0       0       0       0
  1078 ;;Total ram usage:        2 bytes
  1079 ;; Hardware stack levels used: 1
  1080 ;; Hardware stack levels required when called: 7
  1081 ;; This function calls:
  1082 ;;		Nothing
  1083 ;; This function is called by:
  1084 ;;		_EUSART_Initialize
  1085 ;; This function uses a non-reentrant model
  1086 ;;
  1087                           
  1088                           	psect	text8
  1089   001AB2                     __ptext8:
  1090                           	callstack 0
  1091   001AB2                     _EUSART_SetFramingErrorHandler:
  1092                           	callstack 21
  1093   001AB2                     
  1094                           ;mcc_generated_files/eusart.c: 158:     EUSART_FramingErrorHandler = interruptHandler;
  1095   001AB2  C078  F04B         	movff	EUSART_SetFramingErrorHandler@interruptHandler,_EUSART_FramingErrorHandler
  1096   001AB6  C079  F04C         	movff	EUSART_SetFramingErrorHandler@interruptHandler+1,_EUSART_FramingErrorHandler+1
  1097   001ABA  0012               	return		;funcret
  1098   001ABC                     __end_of_EUSART_SetFramingErrorHandler:
  1099                           	callstack 0
  1100                           
  1101 ;; *************** function _EUSART_SetErrorHandler *****************
  1102 ;; Defined at:
  1103 ;;		line 165 in file "mcc_generated_files/eusart.c"
  1104 ;; Parameters:    Size  Location     Type
  1105 ;;  interruptHan    2    0[BANK0 ] PTR FTN()void 
  1106 ;;		 -> EUSART_DefaultErrorHandler(1), 
  1107 ;; Auto vars:     Size  Location     Type
  1108 ;;		None
  1109 ;; Return value:  Size  Location     Type
  1110 ;;                  1    wreg      void 
  1111 ;; Registers used:
  1112 ;;		wreg, status,2, status,0
  1113 ;; Tracked objects:
  1114 ;;		On entry : 0/0
  1115 ;;		On exit  : 0/0
  1116 ;;		Unchanged: 0/0
  1117 ;; Data sizes:     COMRAM   BANK0   BANK1   BANK2   BANK3   BANK4   BANK5   BANK6   BANK7   BANK8   BANK9  BANK10  BANK1
      +1  BANK12  BANK13  BANK14  BANK15
  1118 ;;      Params:         0       2       0       0       0       0       0       0       0       0       0       0       
      +0       0       0       0       0
  1119 ;;      Locals:         0       0       0       0       0       0       0       0       0       0       0       0       
      +0       0       0       0       0
  1120 ;;      Temps:          0       0       0       0       0       0       0       0       0       0       0       0       
      +0       0       0       0       0
  1121 ;;      Totals:         0       2       0       0       0       0       0       0       0       0       0       0       
      +0       0       0       0       0
  1122 ;;Total ram usage:        2 bytes
  1123 ;; Hardware stack levels used: 1
  1124 ;; Hardware stack levels required when called: 7
  1125 ;; This function calls:
  1126 ;;		Nothing
  1127 ;; This function is called by:
  1128 ;;		_EUSART_Initialize
  1129 ;; This function uses a non-reentrant model
  1130 ;;
  1131                           
  1132                           	psect	text9
  1133   001ABC                     __ptext9:
  1134                           	callstack 0
  1135   001ABC                     _EUSART_SetErrorHandler:
  1136                           	callstack 21
  1137   001ABC                     
  1138                           ;mcc_generated_files/eusart.c: 166:     EUSART_ErrorHandler = interruptHandler;
  1139   001ABC  C078  F08A         	movff	EUSART_SetErrorHandler@interruptHandler,_EUSART_ErrorHandler
  1140   001AC0  C079  F08B         	movff	EUSART_SetErrorHandler@interruptHandler+1,_EUSART_ErrorHandler+1
  1141   001AC4  0012               	return		;funcret
  1142   001AC6                     __end_of_EUSART_SetErrorHandler:
  1143                           	callstack 0
  1144                           
  1145 ;; *************** function _RealTimeClockDS1307_Get_Date_Time *****************
  1146 ;; Defined at:
  1147 ;;		line 16 in file "Modules/RealTimeClockDS1307/RealTimeClockDS1307.c"
  1148 ;; Parameters:    Size  Location     Type
  1149 ;;		None
  1150 ;; Auto vars:     Size  Location     Type
  1151 ;;		None
  1152 ;; Return value:  Size  Location     Type
  1153 ;;                  6   12[BANK0 ] struct .
  1154 ;; Registers used:
  1155 ;;		wreg, fsr0l, fsr0h, fsr2l, fsr2h, status,2, status,0, prodl, prodh, cstack
  1156 ;; Tracked objects:
  1157 ;;		On entry : 0/0
  1158 ;;		On exit  : 0/0
  1159 ;;		Unchanged: 0/0
  1160 ;; Data sizes:     COMRAM   BANK0   BANK1   BANK2   BANK3   BANK4   BANK5   BANK6   BANK7   BANK8   BANK9  BANK10  BANK1
      +1  BANK12  BANK13  BANK14  BANK15
  1161 ;;      Params:         0       6       0       0       0       0       0       0       0       0       0       0       
      +0       0       0       0       0
  1162 ;;      Locals:         0       0       0       0       0       0       0       0       0       0       0       0       
      +0       0       0       0       0
  1163 ;;      Temps:          0       0       0       0       0       0       0       0       0       0       0       0       
      +0       0       0       0       0
  1164 ;;      Totals:         0       6       0       0       0       0       0       0       0       0       0       0       
      +0       0       0       0       0
  1165 ;;Total ram usage:        6 bytes
  1166 ;; Hardware stack levels used: 1
  1167 ;; Hardware stack levels required when called: 11
  1168 ;; This function calls:
  1169 ;;		_I2C_Read1ByteRegister
  1170 ;; This function is called by:
  1171 ;;		_main
  1172 ;; This function uses a non-reentrant model
  1173 ;;
  1174                           
  1175                           	psect	text10
  1176   0015C8                     __ptext10:
  1177                           	callstack 0
  1178   0015C8                     _RealTimeClockDS1307_Get_Date_Time:
  1179                           	callstack 19
  1180   0015C8                     
  1181                           ;Modules/RealTimeClockDS1307/RealTimeClockDS1307.c: 17:     RealTimeClockDS1307._Seconds
      +                           = I2C_Read1ByteRegister(0xD0, 0x00);
  1182   0015C8  0E00               	movlw	0
  1183   0015CA  0100               	movlb	0	; () banked
  1184   0015CC  6F81               	movwf	I2C_Read1ByteRegister@reg& (0+255),b
  1185   0015CE  0ED0               	movlw	208
  1186   0015D0  EC72  F009         	call	_I2C_Read1ByteRegister
  1187   0015D4  6E27               	movwf	(_RealTimeClockDS1307@RealTimeClockDS1307$F1653+2)^0,c
  1188                           
  1189                           ;Modules/RealTimeClockDS1307/RealTimeClockDS1307.c: 18:     RealTimeClockDS1307._Minutes
      +                           = I2C_Read1ByteRegister(0xD0, 0x01);
  1190   0015D6  0E01               	movlw	1
  1191   0015D8  0100               	movlb	0	; () banked
  1192   0015DA  6F81               	movwf	I2C_Read1ByteRegister@reg& (0+255),b
  1193   0015DC  0ED0               	movlw	208
  1194   0015DE  EC72  F009         	call	_I2C_Read1ByteRegister
  1195   0015E2  6E26               	movwf	(_RealTimeClockDS1307@RealTimeClockDS1307$F1653+1)^0,c
  1196                           
  1197                           ;Modules/RealTimeClockDS1307/RealTimeClockDS1307.c: 19:     RealTimeClockDS1307._Hours =
      +                           I2C_Read1ByteRegister(0xD0, 0x02);
  1198   0015E4  0E02               	movlw	2
  1199   0015E6  0100               	movlb	0	; () banked
  1200   0015E8  6F81               	movwf	I2C_Read1ByteRegister@reg& (0+255),b
  1201   0015EA  0ED0               	movlw	208
  1202   0015EC  EC72  F009         	call	_I2C_Read1ByteRegister
  1203   0015F0  6E25               	movwf	_RealTimeClockDS1307@RealTimeClockDS1307$F1653^0,c
  1204                           
  1205                           ;Modules/RealTimeClockDS1307/RealTimeClockDS1307.c: 20:     RealTimeClockDS1307._Day = I
      +                          2C_Read1ByteRegister(0xD0, 0x04);
  1206   0015F2  0E04               	movlw	4
  1207   0015F4  0100               	movlb	0	; () banked
  1208   0015F6  6F81               	movwf	I2C_Read1ByteRegister@reg& (0+255),b
  1209   0015F8  0ED0               	movlw	208
  1210   0015FA  EC72  F009         	call	_I2C_Read1ByteRegister
  1211   0015FE  6E2A               	movwf	(_RealTimeClockDS1307@RealTimeClockDS1307$F1653+5)^0,c
  1212                           
  1213                           ;Modules/RealTimeClockDS1307/RealTimeClockDS1307.c: 21:     RealTimeClockDS1307._Month =
      +                           I2C_Read1ByteRegister(0xD0, 0x05);
  1214   001600  0E05               	movlw	5
  1215   001602  0100               	movlb	0	; () banked
  1216   001604  6F81               	movwf	I2C_Read1ByteRegister@reg& (0+255),b
  1217   001606  0ED0               	movlw	208
  1218   001608  EC72  F009         	call	_I2C_Read1ByteRegister
  1219   00160C  6E29               	movwf	(_RealTimeClockDS1307@RealTimeClockDS1307$F1653+4)^0,c
  1220                           
  1221                           ;Modules/RealTimeClockDS1307/RealTimeClockDS1307.c: 22:     RealTimeClockDS1307._Year = 
      +                          I2C_Read1ByteRegister(0xD0, 0x06);
  1222   00160E  0E06               	movlw	6
  1223   001610  0100               	movlb	0	; () banked
  1224   001612  6F81               	movwf	I2C_Read1ByteRegister@reg& (0+255),b
  1225   001614  0ED0               	movlw	208
  1226   001616  EC72  F009         	call	_I2C_Read1ByteRegister
  1227   00161A  6E28               	movwf	(_RealTimeClockDS1307@RealTimeClockDS1307$F1653+3)^0,c
  1228   00161C                     
  1229                           ;Modules/RealTimeClockDS1307/RealTimeClockDS1307.c: 24:     return RealTimeClockDS1307;
  1230   00161C  EE20  F025         	lfsr	2,_RealTimeClockDS1307@RealTimeClockDS1307$F1653
  1231   001620  EE00  F084         	lfsr	0,?_RealTimeClockDS1307_Get_Date_Time
  1232   001624  0E05               	movlw	5
  1233   001626                     u1371:
  1234   001626  CFDB FFEB          	movff	plusw2,plusw0
  1235   00162A  06E8               	decf	wreg,f,c
  1236   00162C  E2FC               	bc	u1371
  1237   00162E  0012               	return		;funcret
  1238   001630                     __end_of_RealTimeClockDS1307_Get_Date_Time:
  1239                           	callstack 0
  1240                           
  1241 ;; *************** function _Print_RealTimeClockDS1307 *****************
  1242 ;; Defined at:
  1243 ;;		line 29 in file "Modules/RealTimeClockDS1307/RealTimeClockDS1307.c"
  1244 ;; Parameters:    Size  Location     Type
  1245 ;;		None
  1246 ;; Auto vars:     Size  Location     Type
  1247 ;;		None
  1248 ;; Return value:  Size  Location     Type
  1249 ;;                  1    wreg      void 
  1250 ;; Registers used:
  1251 ;;		wreg, fsr0l, fsr0h, status,2, status,0, tblptrl, tblptrh, tblptru, cstack
  1252 ;; Tracked objects:
  1253 ;;		On entry : 0/0
  1254 ;;		On exit  : 0/0
  1255 ;;		Unchanged: 0/0
  1256 ;; Data sizes:     COMRAM   BANK0   BANK1   BANK2   BANK3   BANK4   BANK5   BANK6   BANK7   BANK8   BANK9  BANK10  BANK1
      +1  BANK12  BANK13  BANK14  BANK15
  1257 ;;      Params:         0       0       0       0       0       0       0       0       0       0       0       0       
      +0       0       0       0       0
  1258 ;;      Locals:         0       0       0       0       0       0       0       0       0       0       0       0       
      +0       0       0       0       0
  1259 ;;      Temps:          0       0       0       0       0       0       0       0       0       0       0       0       
      +0       0       0       0       0
  1260 ;;      Totals:         0       0       0       0       0       0       0       0       0       0       0       0       
      +0       0       0       0       0
  1261 ;;Total ram usage:        0 bytes
  1262 ;; Hardware stack levels used: 1
  1263 ;; Hardware stack levels required when called: 9
  1264 ;; This function calls:
  1265 ;;		_UART_LoggingDebugData_Send_String
  1266 ;; This function is called by:
  1267 ;;		_main
  1268 ;; This function uses a non-reentrant model
  1269 ;;
  1270                           
  1271                           	psect	text11
  1272   0010F8                     __ptext11:
  1273                           	callstack 0
  1274   0010F8                     _Print_RealTimeClockDS1307:
  1275                           	callstack 21
  1276   0010F8                     
  1277                           ;Modules/RealTimeClockDS1307/RealTimeClockDS1307.c: 30:     RealTimeClockDS1307_Pack[0] 
      +                          = ((RealTimeClockDS1307._Day >> 4) + 0x30);
  1278   0010F8  382A               	swapf	(_RealTimeClockDS1307@RealTimeClockDS1307$F1653+5)^0,w,c
  1279   0010FA  0B0F               	andlw	15
  1280   0010FC  0F30               	addlw	48
  1281   0010FE  0100               	movlb	0	; () banked
  1282   001100  6F66               	movwf	_RealTimeClockDS1307_Pack& (0+255),b
  1283                           
  1284                           ;Modules/RealTimeClockDS1307/RealTimeClockDS1307.c: 31:     RealTimeClockDS1307_Pack[1] 
      +                          = ((RealTimeClockDS1307._Day & 0x0F) + 0x30);
  1285   001102  502A               	movf	(_RealTimeClockDS1307@RealTimeClockDS1307$F1653+5)^0,w,c
  1286   001104  0B0F               	andlw	15
  1287   001106  0F30               	addlw	48
  1288   001108  6F67               	movwf	(_RealTimeClockDS1307_Pack+1)& (0+255),b
  1289   00110A                     
  1290                           ; BSR set to: 0
  1291                           ;Modules/RealTimeClockDS1307/RealTimeClockDS1307.c: 32:     RealTimeClockDS1307_Pack[2] 
      +                          = '-';
  1292   00110A  0E2D               	movlw	45
  1293   00110C  6F68               	movwf	(_RealTimeClockDS1307_Pack+2)& (0+255),b
  1294   00110E                     
  1295                           ; BSR set to: 0
  1296                           ;Modules/RealTimeClockDS1307/RealTimeClockDS1307.c: 33:     RealTimeClockDS1307_Pack[3] 
      +                          = ((RealTimeClockDS1307._Month >> 4) + 0x30);
  1297   00110E  3829               	swapf	(_RealTimeClockDS1307@RealTimeClockDS1307$F1653+4)^0,w,c
  1298   001110  0B0F               	andlw	15
  1299   001112  0F30               	addlw	48
  1300   001114  6F69               	movwf	(_RealTimeClockDS1307_Pack+3)& (0+255),b
  1301   001116                     
  1302                           ; BSR set to: 0
  1303                           ;Modules/RealTimeClockDS1307/RealTimeClockDS1307.c: 34:     RealTimeClockDS1307_Pack[4] 
      +                          = ((RealTimeClockDS1307._Month & 0x0F) + 0x30);
  1304   001116  5029               	movf	(_RealTimeClockDS1307@RealTimeClockDS1307$F1653+4)^0,w,c
  1305   001118  0B0F               	andlw	15
  1306   00111A  0F30               	addlw	48
  1307   00111C  6F6A               	movwf	(_RealTimeClockDS1307_Pack+4)& (0+255),b
  1308   00111E                     
  1309                           ; BSR set to: 0
  1310                           ;Modules/RealTimeClockDS1307/RealTimeClockDS1307.c: 35:     RealTimeClockDS1307_Pack[5] 
      +                          = '-';
  1311   00111E  0E2D               	movlw	45
  1312   001120  6F6B               	movwf	(_RealTimeClockDS1307_Pack+5)& (0+255),b
  1313                           
  1314                           ;Modules/RealTimeClockDS1307/RealTimeClockDS1307.c: 36:     RealTimeClockDS1307_Pack[6] 
      +                          = ((RealTimeClockDS1307._Year >> 4) + 0x30);
  1315   001122  3828               	swapf	(_RealTimeClockDS1307@RealTimeClockDS1307$F1653+3)^0,w,c
  1316   001124  0B0F               	andlw	15
  1317   001126  0F30               	addlw	48
  1318   001128  6F6C               	movwf	(_RealTimeClockDS1307_Pack+6)& (0+255),b
  1319                           
  1320                           ;Modules/RealTimeClockDS1307/RealTimeClockDS1307.c: 37:     RealTimeClockDS1307_Pack[7] 
      +                          = ((RealTimeClockDS1307._Year & 0x0F) + 0x30);
  1321   00112A  5028               	movf	(_RealTimeClockDS1307@RealTimeClockDS1307$F1653+3)^0,w,c
  1322   00112C  0B0F               	andlw	15
  1323   00112E  0F30               	addlw	48
  1324   001130  6F6D               	movwf	(_RealTimeClockDS1307_Pack+7)& (0+255),b
  1325   001132                     
  1326                           ; BSR set to: 0
  1327                           ;Modules/RealTimeClockDS1307/RealTimeClockDS1307.c: 39:     RealTimeClockDS1307_Pack[8] 
      +                          = '/';
  1328   001132  0E2F               	movlw	47
  1329   001134  6F6E               	movwf	(_RealTimeClockDS1307_Pack+8)& (0+255),b
  1330   001136                     
  1331                           ; BSR set to: 0
  1332                           ;Modules/RealTimeClockDS1307/RealTimeClockDS1307.c: 41:     RealTimeClockDS1307_Pack[9] 
      +                          = ((RealTimeClockDS1307._Hours >> 4) + 0x30);
  1333   001136  3825               	swapf	_RealTimeClockDS1307@RealTimeClockDS1307$F1653^0,w,c
  1334   001138  0B0F               	andlw	15
  1335   00113A  0F30               	addlw	48
  1336   00113C  6F6F               	movwf	(_RealTimeClockDS1307_Pack+9)& (0+255),b
  1337   00113E                     
  1338                           ; BSR set to: 0
  1339                           ;Modules/RealTimeClockDS1307/RealTimeClockDS1307.c: 42:     RealTimeClockDS1307_Pack[10]
      +                           = ((RealTimeClockDS1307._Hours & 0x0F) + 0x30);
  1340   00113E  5025               	movf	_RealTimeClockDS1307@RealTimeClockDS1307$F1653^0,w,c
  1341   001140  0B0F               	andlw	15
  1342   001142  0F30               	addlw	48
  1343   001144  6F70               	movwf	(_RealTimeClockDS1307_Pack+10)& (0+255),b
  1344   001146                     
  1345                           ; BSR set to: 0
  1346                           ;Modules/RealTimeClockDS1307/RealTimeClockDS1307.c: 43:     RealTimeClockDS1307_Pack[11]
      +                           = '-';
  1347   001146  0E2D               	movlw	45
  1348   001148  6F71               	movwf	(_RealTimeClockDS1307_Pack+11)& (0+255),b
  1349                           
  1350                           ;Modules/RealTimeClockDS1307/RealTimeClockDS1307.c: 44:     RealTimeClockDS1307_Pack[12]
      +                           = ((RealTimeClockDS1307._Minutes >> 4) + 0x30);
  1351   00114A  3826               	swapf	(_RealTimeClockDS1307@RealTimeClockDS1307$F1653+1)^0,w,c
  1352   00114C  0B0F               	andlw	15
  1353   00114E  0F30               	addlw	48
  1354   001150  6F72               	movwf	(_RealTimeClockDS1307_Pack+12)& (0+255),b
  1355                           
  1356                           ;Modules/RealTimeClockDS1307/RealTimeClockDS1307.c: 45:     RealTimeClockDS1307_Pack[13]
      +                           = ((RealTimeClockDS1307._Minutes & 0x0F) + 0x30);
  1357   001152  5026               	movf	(_RealTimeClockDS1307@RealTimeClockDS1307$F1653+1)^0,w,c
  1358   001154  0B0F               	andlw	15
  1359   001156  0F30               	addlw	48
  1360   001158  6F73               	movwf	(_RealTimeClockDS1307_Pack+13)& (0+255),b
  1361   00115A                     
  1362                           ; BSR set to: 0
  1363                           ;Modules/RealTimeClockDS1307/RealTimeClockDS1307.c: 46:     RealTimeClockDS1307_Pack[14]
      +                           = '-';
  1364   00115A  0E2D               	movlw	45
  1365   00115C  6F74               	movwf	(_RealTimeClockDS1307_Pack+14)& (0+255),b
  1366   00115E                     
  1367                           ; BSR set to: 0
  1368                           ;Modules/RealTimeClockDS1307/RealTimeClockDS1307.c: 47:     RealTimeClockDS1307_Pack[15]
      +                           = ((RealTimeClockDS1307._Seconds >> 4) + 0x30);
  1369   00115E  3827               	swapf	(_RealTimeClockDS1307@RealTimeClockDS1307$F1653+2)^0,w,c
  1370   001160  0B0F               	andlw	15
  1371   001162  0F30               	addlw	48
  1372   001164  6F75               	movwf	(_RealTimeClockDS1307_Pack+15)& (0+255),b
  1373   001166                     
  1374                           ; BSR set to: 0
  1375                           ;Modules/RealTimeClockDS1307/RealTimeClockDS1307.c: 48:     RealTimeClockDS1307_Pack[16]
      +                           = ((RealTimeClockDS1307._Seconds & 0x0F) + 0x30);
  1376   001166  5027               	movf	(_RealTimeClockDS1307@RealTimeClockDS1307$F1653+2)^0,w,c
  1377   001168  0B0F               	andlw	15
  1378   00116A  0F30               	addlw	48
  1379   00116C  6F76               	movwf	(_RealTimeClockDS1307_Pack+16)& (0+255),b
  1380   00116E                     
  1381                           ; BSR set to: 0
  1382                           ;Modules/RealTimeClockDS1307/RealTimeClockDS1307.c: 50:     RealTimeClockDS1307_Pack[17]
      +                           = '\r';
  1383   00116E  0E0D               	movlw	13
  1384   001170  6F77               	movwf	(_RealTimeClockDS1307_Pack+17)& (0+255),b
  1385   001172                     
  1386                           ; BSR set to: 0
  1387                           ;Modules/RealTimeClockDS1307/RealTimeClockDS1307.c: 52:     UART_LoggingDebugData_Send_S
      +                          tring("Date : ", 8);
  1388   001172  0E30               	movlw	low STR_1
  1389   001174  6F79               	movwf	UART_LoggingDebugData_Send_String@String& (0+255),b
  1390   001176  0E10               	movlw	high STR_1
  1391   001178  6F7A               	movwf	(UART_LoggingDebugData_Send_String@String+1)& (0+255),b
  1392   00117A  0E00               	movlw	0
  1393   00117C  6F7C               	movwf	(UART_LoggingDebugData_Send_String@String_Length+1)& (0+255),b
  1394   00117E  0E08               	movlw	8
  1395   001180  6F7B               	movwf	UART_LoggingDebugData_Send_String@String_Length& (0+255),b
  1396   001182  EC7E  F00B         	call	_UART_LoggingDebugData_Send_String	;wreg free
  1397   001186                     
  1398                           ;Modules/RealTimeClockDS1307/RealTimeClockDS1307.c: 53:     UART_LoggingDebugData_Send_S
      +                          tring(RealTimeClockDS1307_Pack, 18);
  1399   001186  0E66               	movlw	low _RealTimeClockDS1307_Pack
  1400   001188  0100               	movlb	0	; () banked
  1401   00118A  6F79               	movwf	UART_LoggingDebugData_Send_String@String& (0+255),b
  1402   00118C  0E00               	movlw	high _RealTimeClockDS1307_Pack
  1403   00118E  6F7A               	movwf	(UART_LoggingDebugData_Send_String@String+1)& (0+255),b
  1404   001190  0E00               	movlw	0
  1405   001192  6F7C               	movwf	(UART_LoggingDebugData_Send_String@String_Length+1)& (0+255),b
  1406   001194  0E12               	movlw	18
  1407   001196  6F7B               	movwf	UART_LoggingDebugData_Send_String@String_Length& (0+255),b
  1408   001198  EC7E  F00B         	call	_UART_LoggingDebugData_Send_String	;wreg free
  1409   00119C  0012               	return		;funcret
  1410   00119E                     __end_of_Print_RealTimeClockDS1307:
  1411                           	callstack 0
  1412                           
  1413 ;; *************** function _UART_LoggingDebugData_Send_String *****************
  1414 ;; Defined at:
  1415 ;;		line 9 in file "Modules/UART_LoggingDebugData/UART_LoggingDebugData.c"
  1416 ;; Parameters:    Size  Location     Type
  1417 ;;  String          2    1[BANK0 ] PTR unsigned char 
  1418 ;;		 -> STR_2(15), STR_1(8), RealTimeClockDS1307_Pack(18), 
  1419 ;;  String_Lengt    2    3[BANK0 ] unsigned short 
  1420 ;; Auto vars:     Size  Location     Type
  1421 ;;  l_String_Len    2    5[BANK0 ] unsigned short 
  1422 ;; Return value:  Size  Location     Type
  1423 ;;                  1    wreg      void 
  1424 ;; Registers used:
  1425 ;;		wreg, fsr0l, fsr0h, status,2, status,0, tblptrl, tblptrh, tblptru, cstack
  1426 ;; Tracked objects:
  1427 ;;		On entry : 0/0
  1428 ;;		On exit  : 0/0
  1429 ;;		Unchanged: 0/0
  1430 ;; Data sizes:     COMRAM   BANK0   BANK1   BANK2   BANK3   BANK4   BANK5   BANK6   BANK7   BANK8   BANK9  BANK10  BANK1
      +1  BANK12  BANK13  BANK14  BANK15
  1431 ;;      Params:         0       4       0       0       0       0       0       0       0       0       0       0       
      +0       0       0       0       0
  1432 ;;      Locals:         0       2       0       0       0       0       0       0       0       0       0       0       
      +0       0       0       0       0
  1433 ;;      Temps:          0       0       0       0       0       0       0       0       0       0       0       0       
      +0       0       0       0       0
  1434 ;;      Totals:         0       6       0       0       0       0       0       0       0       0       0       0       
      +0       0       0       0       0
  1435 ;;Total ram usage:        6 bytes
  1436 ;; Hardware stack levels used: 1
  1437 ;; Hardware stack levels required when called: 8
  1438 ;; This function calls:
  1439 ;;		_EUSART_Write
  1440 ;; This function is called by:
  1441 ;;		_Print_RealTimeClockDS1307
  1442 ;;		_main
  1443 ;; This function uses a non-reentrant model
  1444 ;;
  1445                           
  1446                           	psect	text12
  1447   0016FC                     __ptext12:
  1448                           	callstack 0
  1449   0016FC                     _UART_LoggingDebugData_Send_String:
  1450                           	callstack 22
  1451   0016FC                     
  1452                           ;Modules/UART_LoggingDebugData/UART_LoggingDebugData.c: 10:     uint16_t l_String_Length
      +                           = 0;
  1453   0016FC  0E00               	movlw	0
  1454   0016FE  0100               	movlb	0	; () banked
  1455   001700  6F7E               	movwf	(UART_LoggingDebugData_Send_String@l_String_Length+1)& (0+255),b
  1456   001702  0E00               	movlw	0
  1457   001704  6F7D               	movwf	UART_LoggingDebugData_Send_String@l_String_Length& (0+255),b
  1458                           
  1459                           ;Modules/UART_LoggingDebugData/UART_LoggingDebugData.c: 11:     for(l_String_Length = 0;
      +                           l_String_Length < String_Length; ++l_String_Length){
  1460   001706  0E00               	movlw	0
  1461   001708  6F7E               	movwf	(UART_LoggingDebugData_Send_String@l_String_Length+1)& (0+255),b
  1462   00170A  0E00               	movlw	0
  1463   00170C  6F7D               	movwf	UART_LoggingDebugData_Send_String@l_String_Length& (0+255),b
  1464   00170E  EFA1  F00B         	goto	l3452
  1465   001712                     l3446:
  1466                           
  1467                           ; BSR set to: 0
  1468                           ;Modules/UART_LoggingDebugData/UART_LoggingDebugData.c: 12:         EUSART_Write(*String
      +                          ++);
  1469   001712  C079  FFF6         	movff	UART_LoggingDebugData_Send_String@String,tblptrl
  1470   001716  C07A  FFF7         	movff	UART_LoggingDebugData_Send_String@String+1,tblptrh
  1471   00171A  0E00               	movlw	low (__smallconst shr (0+16))
  1472   00171C  6EF8               	movwf	tblptru,c
  1473   00171E  0E0F               	movlw	(high __ramtop+-1)
  1474   001720  64F7               	cpfsgt	tblptrh,c
  1475   001722  D003               	bra	u1357
  1476   001724  0008               	tblrd		*
  1477   001726  50F5               	movf	tablat,w,c
  1478   001728  D005               	bra	u1350
  1479   00172A                     u1357:
  1480   00172A  CFF6 FFE9          	movff	tblptrl,fsr0l
  1481   00172E  CFF7 FFEA          	movff	tblptrh,fsr0h
  1482   001732  50EF               	movf	indf0,w,c
  1483   001734                     u1350:
  1484   001734  ECDC  F00C         	call	_EUSART_Write
  1485   001738  0100               	movlb	0	; () banked
  1486   00173A  4B79               	infsnz	UART_LoggingDebugData_Send_String@String& (0+255),f,b
  1487   00173C  2B7A               	incf	(UART_LoggingDebugData_Send_String@String+1)& (0+255),f,b
  1488   00173E                     
  1489                           ; BSR set to: 0
  1490                           ;Modules/UART_LoggingDebugData/UART_LoggingDebugData.c: 13:     }
  1491   00173E  4B7D               	infsnz	UART_LoggingDebugData_Send_String@l_String_Length& (0+255),f,b
  1492   001740  2B7E               	incf	(UART_LoggingDebugData_Send_String@l_String_Length+1)& (0+255),f,b
  1493   001742                     l3452:
  1494                           
  1495                           ; BSR set to: 0
  1496   001742  517B               	movf	UART_LoggingDebugData_Send_String@String_Length& (0+255),w,b
  1497   001744  5D7D               	subwf	UART_LoggingDebugData_Send_String@l_String_Length& (0+255),w,b
  1498   001746  517C               	movf	(UART_LoggingDebugData_Send_String@String_Length+1)& (0+255),w,b
  1499   001748  597E               	subwfb	(UART_LoggingDebugData_Send_String@l_String_Length+1)& (0+255),w,b
  1500   00174A  A0D8               	btfss	status,0,c
  1501   00174C  EFAA  F00B         	goto	u1361
  1502   001750  EFAC  F00B         	goto	u1360
  1503   001754                     u1361:
  1504   001754  EF89  F00B         	goto	l3446
  1505   001758                     u1360:
  1506   001758                     
  1507                           ; BSR set to: 0
  1508   001758  0012               	return		;funcret
  1509   00175A                     __end_of_UART_LoggingDebugData_Send_String:
  1510                           	callstack 0
  1511                           
  1512 ;; *************** function _EUSART_Write *****************
  1513 ;; Defined at:
  1514 ;;		line 132 in file "mcc_generated_files/eusart.c"
  1515 ;; Parameters:    Size  Location     Type
  1516 ;;  txData          1    wreg     unsigned char 
  1517 ;; Auto vars:     Size  Location     Type
  1518 ;;  txData          1    0[BANK0 ] unsigned char 
  1519 ;; Return value:  Size  Location     Type
  1520 ;;                  1    wreg      void 
  1521 ;; Registers used:
  1522 ;;		wreg
  1523 ;; Tracked objects:
  1524 ;;		On entry : 0/0
  1525 ;;		On exit  : 0/0
  1526 ;;		Unchanged: 0/0
  1527 ;; Data sizes:     COMRAM   BANK0   BANK1   BANK2   BANK3   BANK4   BANK5   BANK6   BANK7   BANK8   BANK9  BANK10  BANK1
      +1  BANK12  BANK13  BANK14  BANK15
  1528 ;;      Params:         0       0       0       0       0       0       0       0       0       0       0       0       
      +0       0       0       0       0
  1529 ;;      Locals:         0       1       0       0       0       0       0       0       0       0       0       0       
      +0       0       0       0       0
  1530 ;;      Temps:          0       0       0       0       0       0       0       0       0       0       0       0       
      +0       0       0       0       0
  1531 ;;      Totals:         0       1       0       0       0       0       0       0       0       0       0       0       
      +0       0       0       0       0
  1532 ;;Total ram usage:        1 bytes
  1533 ;; Hardware stack levels used: 1
  1534 ;; Hardware stack levels required when called: 7
  1535 ;; This function calls:
  1536 ;;		Nothing
  1537 ;; This function is called by:
  1538 ;;		_UART_LoggingDebugData_Send_String
  1539 ;; This function uses a non-reentrant model
  1540 ;;
  1541                           
  1542                           	psect	text13
  1543   0019B8                     __ptext13:
  1544                           	callstack 0
  1545   0019B8                     _EUSART_Write:
  1546                           	callstack 22
  1547                           
  1548                           ; BSR set to: 0
  1549                           ;incstack = 0
  1550                           ;EUSART_Write@txData stored from wreg
  1551   0019B8  0100               	movlb	0	; () banked
  1552   0019BA  6F78               	movwf	EUSART_Write@txData& (0+255),b
  1553   0019BC                     l306:
  1554                           
  1555                           ;mcc_generated_files/eusart.c: 134:     while(0 == PIR1bits.TX1IF)
  1556   0019BC  A89E               	btfss	158,4,c	;volatile
  1557   0019BE  EFE3  F00C         	goto	u1201
  1558   0019C2  EFE5  F00C         	goto	u1200
  1559   0019C6                     u1201:
  1560   0019C6  EFDE  F00C         	goto	l306
  1561   0019CA                     u1200:
  1562   0019CA                     
  1563                           ;mcc_generated_files/eusart.c: 138:     TXREG = txData;
  1564   0019CA  C078  FFAD         	movff	EUSART_Write@txData,4013	;volatile
  1565   0019CE  0012               	return		;funcret
  1566   0019D0                     __end_of_EUSART_Write:
  1567                           	callstack 0
  1568                           
  1569 ;; *************** function _EEPROM_24C02C_Write_Byte *****************
  1570 ;; Defined at:
  1571 ;;		line 11 in file "Modules/EEPROM_24C02C/EEPROM_24C02C.c"
  1572 ;; Parameters:    Size  Location     Type
  1573 ;;  EEPROM_Addre    1    wreg     unsigned char 
  1574 ;;  Byte_Address    1   12[BANK0 ] unsigned char 
  1575 ;;  Data            1   13[BANK0 ] unsigned char 
  1576 ;; Auto vars:     Size  Location     Type
  1577 ;;  EEPROM_Addre    1   14[BANK0 ] unsigned char 
  1578 ;; Return value:  Size  Location     Type
  1579 ;;                  1    wreg      void 
  1580 ;; Registers used:
  1581 ;;		wreg, fsr2l, fsr2h, status,2, status,0, prodl, prodh, cstack
  1582 ;; Tracked objects:
  1583 ;;		On entry : 0/0
  1584 ;;		On exit  : 0/0
  1585 ;;		Unchanged: 0/0
  1586 ;; Data sizes:     COMRAM   BANK0   BANK1   BANK2   BANK3   BANK4   BANK5   BANK6   BANK7   BANK8   BANK9  BANK10  BANK1
      +1  BANK12  BANK13  BANK14  BANK15
  1587 ;;      Params:         0       2       0       0       0       0       0       0       0       0       0       0       
      +0       0       0       0       0
  1588 ;;      Locals:         0       1       0       0       0       0       0       0       0       0       0       0       
      +0       0       0       0       0
  1589 ;;      Temps:          0       0       0       0       0       0       0       0       0       0       0       0       
      +0       0       0       0       0
  1590 ;;      Totals:         0       3       0       0       0       0       0       0       0       0       0       0       
      +0       0       0       0       0
  1591 ;;Total ram usage:        3 bytes
  1592 ;; Hardware stack levels used: 1
  1593 ;; Hardware stack levels required when called: 11
  1594 ;; This function calls:
  1595 ;;		_I2C_Write1ByteRegister
  1596 ;; This function is called by:
  1597 ;;		_main
  1598 ;; This function uses a non-reentrant model
  1599 ;;
  1600                           
  1601                           	psect	text14
  1602   001A46                     __ptext14:
  1603                           	callstack 0
  1604   001A46                     _EEPROM_24C02C_Write_Byte:
  1605                           	callstack 19
  1606                           
  1607                           ;incstack = 0
  1608                           ;EEPROM_24C02C_Write_Byte@EEPROM_Address stored from wreg
  1609   001A46  0100               	movlb	0	; () banked
  1610   001A48  6F86               	movwf	EEPROM_24C02C_Write_Byte@EEPROM_Address& (0+255),b
  1611   001A4A                     
  1612                           ;Modules/EEPROM_24C02C/EEPROM_24C02C.c: 12:     I2C_Write1ByteRegister(EEPROM_Address, B
      +                          yte_Address, Data);
  1613   001A4A  C084  F081         	movff	EEPROM_24C02C_Write_Byte@Byte_Address,I2C_Write1ByteRegister@reg
  1614   001A4E  C085  F082         	movff	EEPROM_24C02C_Write_Byte@Data,I2C_Write1ByteRegister@data
  1615   001A52  0100               	movlb	0	; () banked
  1616   001A54  5186               	movf	EEPROM_24C02C_Write_Byte@EEPROM_Address& (0+255),w,b
  1617   001A56  ECA8  F00A         	call	_I2C_Write1ByteRegister
  1618   001A5A  0012               	return		;funcret
  1619   001A5C                     __end_of_EEPROM_24C02C_Write_Byte:
  1620                           	callstack 0
  1621                           
  1622 ;; *************** function _I2C_Write1ByteRegister *****************
  1623 ;; Defined at:
  1624 ;;		line 91 in file "mcc_generated_files/examples/i2c_master_example.c"
  1625 ;; Parameters:    Size  Location     Type
  1626 ;;  address         1    wreg     unsigned char 
  1627 ;;  reg             1    9[BANK0 ] unsigned char 
  1628 ;;  data            1   10[BANK0 ] unsigned char 
  1629 ;; Auto vars:     Size  Location     Type
  1630 ;;  address         1   11[BANK0 ] unsigned char 
  1631 ;; Return value:  Size  Location     Type
  1632 ;;                  1    wreg      void 
  1633 ;; Registers used:
  1634 ;;		wreg, fsr2l, fsr2h, status,2, status,0, prodl, prodh, cstack
  1635 ;; Tracked objects:
  1636 ;;		On entry : 0/0
  1637 ;;		On exit  : 0/0
  1638 ;;		Unchanged: 0/0
  1639 ;; Data sizes:     COMRAM   BANK0   BANK1   BANK2   BANK3   BANK4   BANK5   BANK6   BANK7   BANK8   BANK9  BANK10  BANK1
      +1  BANK12  BANK13  BANK14  BANK15
  1640 ;;      Params:         0       2       0       0       0       0       0       0       0       0       0       0       
      +0       0       0       0       0
  1641 ;;      Locals:         0       1       0       0       0       0       0       0       0       0       0       0       
      +0       0       0       0       0
  1642 ;;      Temps:          0       0       0       0       0       0       0       0       0       0       0       0       
      +0       0       0       0       0
  1643 ;;      Totals:         0       3       0       0       0       0       0       0       0       0       0       0       
      +0       0       0       0       0
  1644 ;;Total ram usage:        3 bytes
  1645 ;; Hardware stack levels used: 1
  1646 ;; Hardware stack levels required when called: 10
  1647 ;; This function calls:
  1648 ;;		_I2C_Close
  1649 ;;		_I2C_MasterWrite
  1650 ;;		_I2C_Open
  1651 ;;		_I2C_SetAddressNackCallback
  1652 ;;		_I2C_SetBuffer
  1653 ;;		_I2C_SetDataCompleteCallback
  1654 ;; This function is called by:
  1655 ;;		_EEPROM_24C02C_Write_Byte
  1656 ;; This function uses a non-reentrant model
  1657 ;;
  1658                           
  1659                           	psect	text15
  1660   001550                     __ptext15:
  1661                           	callstack 0
  1662   001550                     _I2C_Write1ByteRegister:
  1663                           	callstack 19
  1664                           
  1665                           ;incstack = 0
  1666                           ;I2C_Write1ByteRegister@address stored from wreg
  1667   001550  0100               	movlb	0	; () banked
  1668   001552  6F83               	movwf	I2C_Write1ByteRegister@address& (0+255),b
  1669   001554                     l3374:
  1670   001554  0100               	movlb	0	; () banked
  1671   001556  5183               	movf	I2C_Write1ByteRegister@address& (0+255),w,b
  1672   001558  EC21  F009         	call	_I2C_Open
  1673   00155C  0900               	iorlw	0
  1674   00155E  B4D8               	btfsc	status,2,c
  1675   001560  EFB4  F00A         	goto	u1281
  1676   001564  EFB6  F00A         	goto	u1280
  1677   001568                     u1281:
  1678   001568  EFAA  F00A         	goto	l3374
  1679   00156C                     u1280:
  1680   00156C                     
  1681                           ;mcc_generated_files/examples/i2c_master_example.c: 94:     I2C_SetDataCompleteCallback(
      +                          wr1RegCompleteHandler,&data);
  1682   00156C  0E80               	movlw	low _wr1RegCompleteHandler
  1683   00156E  0100               	movlb	0	; () banked
  1684   001570  6F7D               	movwf	I2C_SetDataCompleteCallback@cb& (0+255),b
  1685   001572  0E18               	movlw	high _wr1RegCompleteHandler
  1686   001574  6F7E               	movwf	(I2C_SetDataCompleteCallback@cb+1)& (0+255),b
  1687   001576  0E82               	movlw	low I2C_Write1ByteRegister@data
  1688   001578  6F7F               	movwf	I2C_SetDataCompleteCallback@ptr& (0+255),b
  1689   00157A  0E00               	movlw	high I2C_Write1ByteRegister@data
  1690   00157C  6F80               	movwf	(I2C_SetDataCompleteCallback@ptr+1)& (0+255),b
  1691   00157E  ECF4  F00C         	call	_I2C_SetDataCompleteCallback	;wreg free
  1692   001582                     
  1693                           ;mcc_generated_files/examples/i2c_master_example.c: 95:     I2C_SetBuffer(&reg,1);
  1694   001582  0E81               	movlw	low I2C_Write1ByteRegister@reg
  1695   001584  0100               	movlb	0	; () banked
  1696   001586  6F78               	movwf	I2C_SetBuffer@buffer& (0+255),b
  1697   001588  0E00               	movlw	high I2C_Write1ByteRegister@reg
  1698   00158A  6F79               	movwf	(I2C_SetBuffer@buffer+1)& (0+255),b
  1699   00158C  0E00               	movlw	0
  1700   00158E  6F7B               	movwf	(I2C_SetBuffer@bufferSize+1)& (0+255),b
  1701   001590  0E01               	movlw	1
  1702   001592  6F7A               	movwf	I2C_SetBuffer@bufferSize& (0+255),b
  1703   001594  ECA9  F00C         	call	_I2C_SetBuffer	;wreg free
  1704   001598                     
  1705                           ;mcc_generated_files/examples/i2c_master_example.c: 96:     I2C_SetAddressNackCallback((
      +                          (void*)0),((void*)0));
  1706   001598  0E00               	movlw	0
  1707   00159A  0100               	movlb	0	; () banked
  1708   00159C  6F7D               	movwf	I2C_SetAddressNackCallback@cb& (0+255),b
  1709   00159E  0E00               	movlw	0
  1710   0015A0  6F7E               	movwf	(I2C_SetAddressNackCallback@cb+1)& (0+255),b
  1711   0015A2  0E00               	movlw	0
  1712   0015A4  6F7F               	movwf	I2C_SetAddressNackCallback@ptr& (0+255),b
  1713   0015A6  0E00               	movlw	0
  1714   0015A8  6F80               	movwf	(I2C_SetAddressNackCallback@ptr+1)& (0+255),b
  1715   0015AA  EC00  F00D         	call	_I2C_SetAddressNackCallback	;wreg free
  1716   0015AE                     
  1717                           ;mcc_generated_files/examples/i2c_master_example.c: 97:     I2C_MasterWrite();
  1718   0015AE  EC77  F00D         	call	_I2C_MasterWrite	;wreg free
  1719   0015B2                     l3384:
  1720   0015B2  EC29  F00C         	call	_I2C_Close	;wreg free
  1721   0015B6  06E8               	decf	wreg,f,c
  1722   0015B8  B4D8               	btfsc	status,2,c
  1723   0015BA  EFE1  F00A         	goto	u1291
  1724   0015BE  EFE3  F00A         	goto	u1290
  1725   0015C2                     u1291:
  1726   0015C2  EFD9  F00A         	goto	l3384
  1727   0015C6                     u1290:
  1728   0015C6  0012               	return		;funcret
  1729   0015C8                     __end_of_I2C_Write1ByteRegister:
  1730                           	callstack 0
  1731                           
  1732 ;; *************** function _EEPROM_24C02C_Read_Byte *****************
  1733 ;; Defined at:
  1734 ;;		line 15 in file "Modules/EEPROM_24C02C/EEPROM_24C02C.c"
  1735 ;; Parameters:    Size  Location     Type
  1736 ;;  EEPROM_Addre    1    wreg     unsigned char 
  1737 ;;  Byte_Address    1   12[BANK0 ] unsigned char 
  1738 ;; Auto vars:     Size  Location     Type
  1739 ;;  EEPROM_Addre    1   13[BANK0 ] unsigned char 
  1740 ;;  RecValue        1   14[BANK0 ] unsigned char 
  1741 ;; Return value:  Size  Location     Type
  1742 ;;                  1    wreg      unsigned char 
  1743 ;; Registers used:
  1744 ;;		wreg, fsr2l, fsr2h, status,2, status,0, prodl, prodh, cstack
  1745 ;; Tracked objects:
  1746 ;;		On entry : 0/0
  1747 ;;		On exit  : 0/0
  1748 ;;		Unchanged: 0/0
  1749 ;; Data sizes:     COMRAM   BANK0   BANK1   BANK2   BANK3   BANK4   BANK5   BANK6   BANK7   BANK8   BANK9  BANK10  BANK1
      +1  BANK12  BANK13  BANK14  BANK15
  1750 ;;      Params:         0       1       0       0       0       0       0       0       0       0       0       0       
      +0       0       0       0       0
  1751 ;;      Locals:         0       2       0       0       0       0       0       0       0       0       0       0       
      +0       0       0       0       0
  1752 ;;      Temps:          0       0       0       0       0       0       0       0       0       0       0       0       
      +0       0       0       0       0
  1753 ;;      Totals:         0       3       0       0       0       0       0       0       0       0       0       0       
      +0       0       0       0       0
  1754 ;;Total ram usage:        3 bytes
  1755 ;; Hardware stack levels used: 1
  1756 ;; Hardware stack levels required when called: 11
  1757 ;; This function calls:
  1758 ;;		_I2C_Read1ByteRegister
  1759 ;; This function is called by:
  1760 ;;		_main
  1761 ;; This function uses a non-reentrant model
  1762 ;;
  1763                           
  1764                           	psect	text16
  1765   0019D0                     __ptext16:
  1766                           	callstack 0
  1767   0019D0                     _EEPROM_24C02C_Read_Byte:
  1768                           	callstack 19
  1769                           
  1770                           ;incstack = 0
  1771                           ;EEPROM_24C02C_Read_Byte@EEPROM_Address stored from wreg
  1772   0019D0  0100               	movlb	0	; () banked
  1773   0019D2  6F85               	movwf	EEPROM_24C02C_Read_Byte@EEPROM_Address& (0+255),b
  1774   0019D4                     
  1775                           ;Modules/EEPROM_24C02C/EEPROM_24C02C.c: 17:     RecValue = I2C_Read1ByteRegister(EEPROM_
      +                          Address, Byte_Address);
  1776   0019D4  C084  F081         	movff	EEPROM_24C02C_Read_Byte@Byte_Address,I2C_Read1ByteRegister@reg
  1777   0019D8  0100               	movlb	0	; () banked
  1778   0019DA  5185               	movf	EEPROM_24C02C_Read_Byte@EEPROM_Address& (0+255),w,b
  1779   0019DC  EC72  F009         	call	_I2C_Read1ByteRegister
  1780   0019E0  0100               	movlb	0	; () banked
  1781   0019E2  6F86               	movwf	EEPROM_24C02C_Read_Byte@RecValue& (0+255),b
  1782   0019E4                     
  1783                           ; BSR set to: 0
  1784                           ;Modules/EEPROM_24C02C/EEPROM_24C02C.c: 19:     return RecValue;
  1785   0019E4  5186               	movf	EEPROM_24C02C_Read_Byte@RecValue& (0+255),w,b
  1786   0019E6                     
  1787                           ; BSR set to: 0
  1788   0019E6  0012               	return		;funcret
  1789   0019E8                     __end_of_EEPROM_24C02C_Read_Byte:
  1790                           	callstack 0
  1791                           
  1792 ;; *************** function _I2C_Read1ByteRegister *****************
  1793 ;; Defined at:
  1794 ;;		line 63 in file "mcc_generated_files/examples/i2c_master_example.c"
  1795 ;; Parameters:    Size  Location     Type
  1796 ;;  address         1    wreg     unsigned char 
  1797 ;;  reg             1    9[BANK0 ] unsigned char 
  1798 ;; Auto vars:     Size  Location     Type
  1799 ;;  address         1   10[BANK0 ] unsigned char 
  1800 ;;  returnValue     1   11[BANK0 ] unsigned char 
  1801 ;; Return value:  Size  Location     Type
  1802 ;;                  1    wreg      unsigned char 
  1803 ;; Registers used:
  1804 ;;		wreg, fsr2l, fsr2h, status,2, status,0, prodl, prodh, cstack
  1805 ;; Tracked objects:
  1806 ;;		On entry : 0/0
  1807 ;;		On exit  : 0/0
  1808 ;;		Unchanged: 0/0
  1809 ;; Data sizes:     COMRAM   BANK0   BANK1   BANK2   BANK3   BANK4   BANK5   BANK6   BANK7   BANK8   BANK9  BANK10  BANK1
      +1  BANK12  BANK13  BANK14  BANK15
  1810 ;;      Params:         0       1       0       0       0       0       0       0       0       0       0       0       
      +0       0       0       0       0
  1811 ;;      Locals:         0       2       0       0       0       0       0       0       0       0       0       0       
      +0       0       0       0       0
  1812 ;;      Temps:          0       0       0       0       0       0       0       0       0       0       0       0       
      +0       0       0       0       0
  1813 ;;      Totals:         0       3       0       0       0       0       0       0       0       0       0       0       
      +0       0       0       0       0
  1814 ;;Total ram usage:        3 bytes
  1815 ;; Hardware stack levels used: 1
  1816 ;; Hardware stack levels required when called: 10
  1817 ;; This function calls:
  1818 ;;		_I2C_Close
  1819 ;;		_I2C_MasterWrite
  1820 ;;		_I2C_Open
  1821 ;;		_I2C_SetAddressNackCallback
  1822 ;;		_I2C_SetBuffer
  1823 ;;		_I2C_SetDataCompleteCallback
  1824 ;; This function is called by:
  1825 ;;		_EEPROM_24C02C_Read_Byte
  1826 ;;		_RealTimeClockDS1307_Get_Date_Time
  1827 ;; This function uses a non-reentrant model
  1828 ;;
  1829                           
  1830                           	psect	text17
  1831   0012E4                     __ptext17:
  1832                           	callstack 0
  1833   0012E4                     _I2C_Read1ByteRegister:
  1834                           	callstack 19
  1835                           
  1836                           ; BSR set to: 0
  1837                           ;incstack = 0
  1838                           ;I2C_Read1ByteRegister@address stored from wreg
  1839   0012E4  0100               	movlb	0	; () banked
  1840   0012E6  6F82               	movwf	I2C_Read1ByteRegister@address& (0+255),b
  1841   0012E8                     
  1842                           ;mcc_generated_files/examples/i2c_master_example.c: 63: uint8_t I2C_Read1ByteRegister(i2
      +                          c_address_t address, uint8_t reg);mcc_generated_files/examples/i2c_master_example.c: 64:
      +                           {;mcc_generated_files/examples/i2c_master_example.c: 65:     uint8_t returnValue = 0x00
      +                          ;
  1843   0012E8  0E00               	movlw	0
  1844   0012EA  0100               	movlb	0	; () banked
  1845   0012EC  6F83               	movwf	I2C_Read1ByteRegister@returnValue& (0+255),b
  1846   0012EE                     l3388:
  1847   0012EE  0100               	movlb	0	; () banked
  1848   0012F0  5182               	movf	I2C_Read1ByteRegister@address& (0+255),w,b
  1849   0012F2  EC21  F009         	call	_I2C_Open
  1850   0012F6  0900               	iorlw	0
  1851   0012F8  B4D8               	btfsc	status,2,c
  1852   0012FA  EF81  F009         	goto	u1301
  1853   0012FE  EF83  F009         	goto	u1300
  1854   001302                     u1301:
  1855   001302  EF77  F009         	goto	l3388
  1856   001306                     u1300:
  1857   001306                     
  1858                           ;mcc_generated_files/examples/i2c_master_example.c: 68:     I2C_SetDataCompleteCallback(
      +                          rd1RegCompleteHandler,&returnValue);
  1859   001306  0ED8               	movlw	low _rd1RegCompleteHandler
  1860   001308  0100               	movlb	0	; () banked
  1861   00130A  6F7D               	movwf	I2C_SetDataCompleteCallback@cb& (0+255),b
  1862   00130C  0E18               	movlw	high _rd1RegCompleteHandler
  1863   00130E  6F7E               	movwf	(I2C_SetDataCompleteCallback@cb+1)& (0+255),b
  1864   001310  0E83               	movlw	low I2C_Read1ByteRegister@returnValue
  1865   001312  6F7F               	movwf	I2C_SetDataCompleteCallback@ptr& (0+255),b
  1866   001314  0E00               	movlw	high I2C_Read1ByteRegister@returnValue
  1867   001316  6F80               	movwf	(I2C_SetDataCompleteCallback@ptr+1)& (0+255),b
  1868   001318  ECF4  F00C         	call	_I2C_SetDataCompleteCallback	;wreg free
  1869   00131C                     
  1870                           ;mcc_generated_files/examples/i2c_master_example.c: 69:     I2C_SetBuffer(&reg,1);
  1871   00131C  0E81               	movlw	low I2C_Read1ByteRegister@reg
  1872   00131E  0100               	movlb	0	; () banked
  1873   001320  6F78               	movwf	I2C_SetBuffer@buffer& (0+255),b
  1874   001322  0E00               	movlw	high I2C_Read1ByteRegister@reg
  1875   001324  6F79               	movwf	(I2C_SetBuffer@buffer+1)& (0+255),b
  1876   001326  0E00               	movlw	0
  1877   001328  6F7B               	movwf	(I2C_SetBuffer@bufferSize+1)& (0+255),b
  1878   00132A  0E01               	movlw	1
  1879   00132C  6F7A               	movwf	I2C_SetBuffer@bufferSize& (0+255),b
  1880   00132E  ECA9  F00C         	call	_I2C_SetBuffer	;wreg free
  1881   001332                     
  1882                           ;mcc_generated_files/examples/i2c_master_example.c: 70:     I2C_SetAddressNackCallback((
      +                          (void*)0),((void*)0));
  1883   001332  0E00               	movlw	0
  1884   001334  0100               	movlb	0	; () banked
  1885   001336  6F7D               	movwf	I2C_SetAddressNackCallback@cb& (0+255),b
  1886   001338  0E00               	movlw	0
  1887   00133A  6F7E               	movwf	(I2C_SetAddressNackCallback@cb+1)& (0+255),b
  1888   00133C  0E00               	movlw	0
  1889   00133E  6F7F               	movwf	I2C_SetAddressNackCallback@ptr& (0+255),b
  1890   001340  0E00               	movlw	0
  1891   001342  6F80               	movwf	(I2C_SetAddressNackCallback@ptr+1)& (0+255),b
  1892   001344  EC00  F00D         	call	_I2C_SetAddressNackCallback	;wreg free
  1893   001348                     
  1894                           ;mcc_generated_files/examples/i2c_master_example.c: 71:     I2C_MasterWrite();
  1895   001348  EC77  F00D         	call	_I2C_MasterWrite	;wreg free
  1896   00134C                     l3398:
  1897   00134C  EC29  F00C         	call	_I2C_Close	;wreg free
  1898   001350  06E8               	decf	wreg,f,c
  1899   001352  B4D8               	btfsc	status,2,c
  1900   001354  EFAE  F009         	goto	u1311
  1901   001358  EFB0  F009         	goto	u1310
  1902   00135C                     u1311:
  1903   00135C  EFA6  F009         	goto	l3398
  1904   001360                     u1310:
  1905   001360                     
  1906                           ;mcc_generated_files/examples/i2c_master_example.c: 74:     return returnValue;
  1907   001360  0100               	movlb	0	; () banked
  1908   001362  5183               	movf	I2C_Read1ByteRegister@returnValue& (0+255),w,b
  1909   001364                     
  1910                           ; BSR set to: 0
  1911   001364  0012               	return		;funcret
  1912   001366                     __end_of_I2C_Read1ByteRegister:
  1913                           	callstack 0
  1914                           
  1915 ;; *************** function _I2C_SetDataCompleteCallback *****************
  1916 ;; Defined at:
  1917 ;;		line 274 in file "mcc_generated_files/i2c_master.c"
  1918 ;; Parameters:    Size  Location     Type
  1919 ;;  cb              2    5[BANK0 ] PTR FTN(PTR void ,)enum 
  1920 ;;		 -> Absolute function(1), rdBlkRegCompleteHandler(1), wr2RegCompleteHandler(1), wr1RegCompleteHandler(1), 
  1921 ;;		 -> rd2RegCompleteHandler(1), rd1RegCompleteHandler(1), 
  1922 ;;  ptr             2    7[BANK0 ] PTR void 
  1923 ;;		 -> I2C_ReadDataBlock@bufferBlock(4), I2C_Write2ByteRegister@data(2), I2C_Write1ByteRegister@data(1), I2C_Read2ByteR
      +egister@returnValue(2), 
  1924 ;;		 -> NULL(0), I2C_Read1ByteRegister@returnValue(1), 
  1925 ;; Auto vars:     Size  Location     Type
  1926 ;;		None
  1927 ;; Return value:  Size  Location     Type
  1928 ;;                  1    wreg      void 
  1929 ;; Registers used:
  1930 ;;		wreg, fsr2l, fsr2h, status,2, status,0, prodl, prodh, cstack
  1931 ;; Tracked objects:
  1932 ;;		On entry : 0/0
  1933 ;;		On exit  : 0/0
  1934 ;;		Unchanged: 0/0
  1935 ;; Data sizes:     COMRAM   BANK0   BANK1   BANK2   BANK3   BANK4   BANK5   BANK6   BANK7   BANK8   BANK9  BANK10  BANK1
      +1  BANK12  BANK13  BANK14  BANK15
  1936 ;;      Params:         0       4       0       0       0       0       0       0       0       0       0       0       
      +0       0       0       0       0
  1937 ;;      Locals:         0       0       0       0       0       0       0       0       0       0       0       0       
      +0       0       0       0       0
  1938 ;;      Temps:          0       0       0       0       0       0       0       0       0       0       0       0       
      +0       0       0       0       0
  1939 ;;      Totals:         0       4       0       0       0       0       0       0       0       0       0       0       
      +0       0       0       0       0
  1940 ;;Total ram usage:        4 bytes
  1941 ;; Hardware stack levels used: 1
  1942 ;; Hardware stack levels required when called: 8
  1943 ;; This function calls:
  1944 ;;		_I2C_SetCallback
  1945 ;; This function is called by:
  1946 ;;		_I2C_Read1ByteRegister
  1947 ;;		_I2C_Write1ByteRegister
  1948 ;;		_I2C_Read2ByteRegister
  1949 ;;		_I2C_Write2ByteRegister
  1950 ;;		_I2C_ReadDataBlock
  1951 ;; This function uses a non-reentrant model
  1952 ;;
  1953                           
  1954                           	psect	text18
  1955   0019E8                     __ptext18:
  1956                           	callstack 0
  1957   0019E8                     _I2C_SetDataCompleteCallback:
  1958                           	callstack 20
  1959   0019E8                     
  1960                           ;mcc_generated_files/i2c_master.c: 274: void I2C_SetDataCompleteCallback(i2c_callback_t 
      +                          cb, void *ptr);mcc_generated_files/i2c_master.c: 275: {;mcc_generated_files/i2c_master.c
      +                          : 276:     I2C_SetCallback(I2C_DATA_COMPLETE, cb, ptr);
  1961   0019E8  C07D  F078         	movff	I2C_SetDataCompleteCallback@cb,I2C_SetCallback@cb
  1962   0019EC  C07E  F079         	movff	I2C_SetDataCompleteCallback@cb+1,I2C_SetCallback@cb+1
  1963   0019F0  C07F  F07A         	movff	I2C_SetDataCompleteCallback@ptr,I2C_SetCallback@ptr
  1964   0019F4  C080  F07B         	movff	I2C_SetDataCompleteCallback@ptr+1,I2C_SetCallback@ptr+1
  1965   0019F8  0E00               	movlw	0
  1966   0019FA  ECB3  F009         	call	_I2C_SetCallback
  1967   0019FE  0012               	return		;funcret
  1968   001A00                     __end_of_I2C_SetDataCompleteCallback:
  1969                           	callstack 0
  1970                           
  1971 ;; *************** function _I2C_SetBuffer *****************
  1972 ;; Defined at:
  1973 ;;		line 264 in file "mcc_generated_files/i2c_master.c"
  1974 ;; Parameters:    Size  Location     Type
  1975 ;;  buffer          2    0[BANK0 ] PTR void 
  1976 ;;		 -> I2C_ReadDataBlock@reg(1), I2C_ReadDataBlock@bufferBlock(4), I2C_Write2ByteRegister@reg(1), I2C_Write2ByteRegiste
      +r@data(2), 
  1977 ;;		 -> I2C_Write1ByteRegister@reg(1), I2C_Write1ByteRegister@data(1), I2C_Read2ByteRegister@reg(1), I2C_Read2ByteRegist
      +er@returnValue(2), 
  1978 ;;		 -> NULL(0), I2C_Read1ByteRegister@reg(1), I2C_Read1ByteRegister@returnValue(1), 
  1979 ;;  bufferSize      2    2[BANK0 ] unsigned int 
  1980 ;; Auto vars:     Size  Location     Type
  1981 ;;		None
  1982 ;; Return value:  Size  Location     Type
  1983 ;;                  1    wreg      void 
  1984 ;; Registers used:
  1985 ;;		wreg, status,2, status,0
  1986 ;; Tracked objects:
  1987 ;;		On entry : 0/0
  1988 ;;		On exit  : 0/0
  1989 ;;		Unchanged: 0/0
  1990 ;; Data sizes:     COMRAM   BANK0   BANK1   BANK2   BANK3   BANK4   BANK5   BANK6   BANK7   BANK8   BANK9  BANK10  BANK1
      +1  BANK12  BANK13  BANK14  BANK15
  1991 ;;      Params:         0       4       0       0       0       0       0       0       0       0       0       0       
      +0       0       0       0       0
  1992 ;;      Locals:         0       0       0       0       0       0       0       0       0       0       0       0       
      +0       0       0       0       0
  1993 ;;      Temps:          0       0       0       0       0       0       0       0       0       0       0       0       
      +0       0       0       0       0
  1994 ;;      Totals:         0       4       0       0       0       0       0       0       0       0       0       0       
      +0       0       0       0       0
  1995 ;;Total ram usage:        4 bytes
  1996 ;; Hardware stack levels used: 1
  1997 ;; Hardware stack levels required when called: 7
  1998 ;; This function calls:
  1999 ;;		Nothing
  2000 ;; This function is called by:
  2001 ;;		_I2C_Read1ByteRegister
  2002 ;;		_I2C_Write1ByteRegister
  2003 ;;		_I2C_Read2ByteRegister
  2004 ;;		_I2C_Write2ByteRegister
  2005 ;;		_I2C_WriteNBytes
  2006 ;;		_I2C_ReadNBytes
  2007 ;;		_I2C_ReadDataBlock
  2008 ;; This function uses a non-reentrant model
  2009 ;;
  2010                           
  2011                           	psect	text19
  2012   001952                     __ptext19:
  2013                           	callstack 0
  2014   001952                     _I2C_SetBuffer:
  2015                           	callstack 21
  2016   001952                     
  2017                           ;mcc_generated_files/i2c_master.c: 264: void I2C_SetBuffer(void *buffer, size_t bufferSi
      +                          ze);mcc_generated_files/i2c_master.c: 265: {;mcc_generated_files/i2c_master.c: 266:     
      +                          if(I2C_Status.bufferFree)
  2018   001952  A624               	btfss	(_I2C_Status+35)^0,3,c
  2019   001954  EFAE  F00C         	goto	u1181
  2020   001958  EFB0  F00C         	goto	u1180
  2021   00195C                     u1181:
  2022   00195C  EFB9  F00C         	goto	l463
  2023   001960                     u1180:
  2024   001960                     
  2025                           ;mcc_generated_files/i2c_master.c: 267:     {;mcc_generated_files/i2c_master.c: 268:    
      +                               I2C_Status.data_ptr = buffer;
  2026   001960  C078  F01E         	movff	I2C_SetBuffer@buffer,_I2C_Status+29
  2027   001964  C079  F01F         	movff	I2C_SetBuffer@buffer+1,_I2C_Status+30
  2028   001968                     
  2029                           ;mcc_generated_files/i2c_master.c: 269:         I2C_Status.data_length = bufferSize;
  2030   001968  C07A  F020         	movff	I2C_SetBuffer@bufferSize,_I2C_Status+31
  2031   00196C  C07B  F021         	movff	I2C_SetBuffer@bufferSize+1,_I2C_Status+32
  2032   001970                     
  2033                           ;mcc_generated_files/i2c_master.c: 270:         I2C_Status.bufferFree = 0;
  2034   001970  9624               	bcf	(_I2C_Status+35)^0,3,c
  2035   001972                     l463:
  2036   001972  0012               	return		;funcret
  2037   001974                     __end_of_I2C_SetBuffer:
  2038                           	callstack 0
  2039                           
  2040 ;; *************** function _I2C_SetAddressNackCallback *****************
  2041 ;; Defined at:
  2042 ;;		line 284 in file "mcc_generated_files/i2c_master.c"
  2043 ;; Parameters:    Size  Location     Type
  2044 ;;  cb              2    5[BANK0 ] PTR FTN(PTR void ,)enum 
  2045 ;;		 -> Absolute function(1), 
  2046 ;;  ptr             2    7[BANK0 ] PTR void 
  2047 ;;		 -> NULL(0), 
  2048 ;; Auto vars:     Size  Location     Type
  2049 ;;		None
  2050 ;; Return value:  Size  Location     Type
  2051 ;;                  1    wreg      void 
  2052 ;; Registers used:
  2053 ;;		wreg, fsr2l, fsr2h, status,2, status,0, prodl, prodh, cstack
  2054 ;; Tracked objects:
  2055 ;;		On entry : 0/0
  2056 ;;		On exit  : 0/0
  2057 ;;		Unchanged: 0/0
  2058 ;; Data sizes:     COMRAM   BANK0   BANK1   BANK2   BANK3   BANK4   BANK5   BANK6   BANK7   BANK8   BANK9  BANK10  BANK1
      +1  BANK12  BANK13  BANK14  BANK15
  2059 ;;      Params:         0       4       0       0       0       0       0       0       0       0       0       0       
      +0       0       0       0       0
  2060 ;;      Locals:         0       0       0       0       0       0       0       0       0       0       0       0       
      +0       0       0       0       0
  2061 ;;      Temps:          0       0       0       0       0       0       0       0       0       0       0       0       
      +0       0       0       0       0
  2062 ;;      Totals:         0       4       0       0       0       0       0       0       0       0       0       0       
      +0       0       0       0       0
  2063 ;;Total ram usage:        4 bytes
  2064 ;; Hardware stack levels used: 1
  2065 ;; Hardware stack levels required when called: 8
  2066 ;; This function calls:
  2067 ;;		_I2C_SetCallback
  2068 ;; This function is called by:
  2069 ;;		_I2C_Read1ByteRegister
  2070 ;;		_I2C_Write1ByteRegister
  2071 ;;		_I2C_Read2ByteRegister
  2072 ;;		_I2C_Write2ByteRegister
  2073 ;;		_I2C_WriteNBytes
  2074 ;;		_I2C_ReadDataBlock
  2075 ;; This function uses a non-reentrant model
  2076 ;;
  2077                           
  2078                           	psect	text20
  2079   001A00                     __ptext20:
  2080                           	callstack 0
  2081   001A00                     _I2C_SetAddressNackCallback:
  2082                           	callstack 20
  2083   001A00                     
  2084                           ;mcc_generated_files/i2c_master.c: 284: void I2C_SetAddressNackCallback(i2c_callback_t c
      +                          b, void *ptr);mcc_generated_files/i2c_master.c: 285: {;mcc_generated_files/i2c_master.c:
      +                           286:     I2C_SetCallback(I2C_ADDR_NACK, cb, ptr);
  2085   001A00  C07D  F078         	movff	I2C_SetAddressNackCallback@cb,I2C_SetCallback@cb
  2086   001A04  C07E  F079         	movff	I2C_SetAddressNackCallback@cb+1,I2C_SetCallback@cb+1
  2087   001A08  C07F  F07A         	movff	I2C_SetAddressNackCallback@ptr,I2C_SetCallback@ptr
  2088   001A0C  C080  F07B         	movff	I2C_SetAddressNackCallback@ptr+1,I2C_SetCallback@ptr+1
  2089   001A10  0E02               	movlw	2
  2090   001A12  ECB3  F009         	call	_I2C_SetCallback
  2091   001A16  0012               	return		;funcret
  2092   001A18                     __end_of_I2C_SetAddressNackCallback:
  2093                           	callstack 0
  2094                           
  2095 ;; *************** function _I2C_SetCallback *****************
  2096 ;; Defined at:
  2097 ;;		line 304 in file "mcc_generated_files/i2c_master.c"
  2098 ;; Parameters:    Size  Location     Type
  2099 ;;  idx             1    wreg     enum E3136
  2100 ;;  cb              2    0[BANK0 ] PTR FTN(PTR void ,)enum 
  2101 ;;		 -> Absolute function(1), rdBlkRegCompleteHandler(1), wr2RegCompleteHandler(1), wr1RegCompleteHandler(1), 
  2102 ;;		 -> rd2RegCompleteHandler(1), rd1RegCompleteHandler(1), 
  2103 ;;  ptr             2    2[BANK0 ] PTR void 
  2104 ;;		 -> I2C_ReadDataBlock@bufferBlock(4), I2C_Write2ByteRegister@data(2), I2C_Write1ByteRegister@data(1), I2C_Read2ByteR
      +egister@returnValue(2), 
  2105 ;;		 -> NULL(0), I2C_Read1ByteRegister@returnValue(1), 
  2106 ;; Auto vars:     Size  Location     Type
  2107 ;;  idx             1    4[BANK0 ] enum E3136
  2108 ;; Return value:  Size  Location     Type
  2109 ;;                  1    wreg      void 
  2110 ;; Registers used:
  2111 ;;		wreg, fsr2l, fsr2h, status,2, status,0, prodl, prodh
  2112 ;; Tracked objects:
  2113 ;;		On entry : 0/0
  2114 ;;		On exit  : 0/0
  2115 ;;		Unchanged: 0/0
  2116 ;; Data sizes:     COMRAM   BANK0   BANK1   BANK2   BANK3   BANK4   BANK5   BANK6   BANK7   BANK8   BANK9  BANK10  BANK1
      +1  BANK12  BANK13  BANK14  BANK15
  2117 ;;      Params:         0       4       0       0       0       0       0       0       0       0       0       0       
      +0       0       0       0       0
  2118 ;;      Locals:         0       1       0       0       0       0       0       0       0       0       0       0       
      +0       0       0       0       0
  2119 ;;      Temps:          0       0       0       0       0       0       0       0       0       0       0       0       
      +0       0       0       0       0
  2120 ;;      Totals:         0       5       0       0       0       0       0       0       0       0       0       0       
      +0       0       0       0       0
  2121 ;;Total ram usage:        5 bytes
  2122 ;; Hardware stack levels used: 1
  2123 ;; Hardware stack levels required when called: 7
  2124 ;; This function calls:
  2125 ;;		Nothing
  2126 ;; This function is called by:
  2127 ;;		_I2C_SetDataCompleteCallback
  2128 ;;		_I2C_SetAddressNackCallback
  2129 ;;		_I2C_SetWriteCollisionCallback
  2130 ;;		_I2C_SetDataNackCallback
  2131 ;;		_I2C_SetTimeoutCallback
  2132 ;; This function uses a non-reentrant model
  2133 ;;
  2134                           
  2135                           	psect	text21
  2136   001366                     __ptext21:
  2137                           	callstack 0
  2138   001366                     _I2C_SetCallback:
  2139                           	callstack 20
  2140                           
  2141                           ;incstack = 0
  2142                           ;I2C_SetCallback@idx stored from wreg
  2143   001366  0100               	movlb	0	; () banked
  2144   001368  6F7C               	movwf	I2C_SetCallback@idx& (0+255),b
  2145   00136A                     
  2146                           ;mcc_generated_files/i2c_master.c: 304: static void I2C_SetCallback(i2c_callbackIndex_t 
      +                          idx, i2c_callback_t cb, void *ptr);mcc_generated_files/i2c_master.c: 305: {;mcc_generate
      +                          d_files/i2c_master.c: 306:     if(cb)
  2147   00136A  0100               	movlb	0	; () banked
  2148   00136C  5178               	movf	I2C_SetCallback@cb& (0+255),w,b
  2149   00136E  1179               	iorwf	(I2C_SetCallback@cb+1)& (0+255),w,b
  2150   001370  B4D8               	btfsc	status,2,c
  2151   001372  EFBD  F009         	goto	u1151
  2152   001376  EFBF  F009         	goto	u1150
  2153   00137A                     u1151:
  2154   00137A  EFD9  F009         	goto	l3092
  2155   00137E                     u1150:
  2156   00137E                     
  2157                           ; BSR set to: 0
  2158                           ;mcc_generated_files/i2c_master.c: 307:     {;mcc_generated_files/i2c_master.c: 308:    
      +                               I2C_Status.callbackTable[idx] = cb;
  2159   00137E  517C               	movf	I2C_SetCallback@idx& (0+255),w,b
  2160   001380  0D02               	mullw	2
  2161   001382  0E01               	movlw	low _I2C_Status
  2162   001384  24F3               	addwf	243,w,c
  2163   001386  6ED9               	movwf	fsr2l,c
  2164   001388  0E00               	movlw	high _I2C_Status
  2165   00138A  20F4               	addwfc	prodh,w,c
  2166   00138C  6EDA               	movwf	fsr2h,c
  2167   00138E  C078  FFDE         	movff	I2C_SetCallback@cb,postinc2
  2168   001392  C079  FFDD         	movff	I2C_SetCallback@cb+1,postdec2
  2169                           
  2170                           ;mcc_generated_files/i2c_master.c: 309:         I2C_Status.callbackPayload[idx] = ptr;
  2171   001396  517C               	movf	I2C_SetCallback@idx& (0+255),w,b
  2172   001398  0D02               	mullw	2
  2173   00139A  0E0D               	movlw	low (_I2C_Status+12)
  2174   00139C  24F3               	addwf	243,w,c
  2175   00139E  6ED9               	movwf	fsr2l,c
  2176   0013A0  0E00               	movlw	high (_I2C_Status+12)
  2177   0013A2  20F4               	addwfc	prodh,w,c
  2178   0013A4  6EDA               	movwf	fsr2h,c
  2179   0013A6  C07A  FFDE         	movff	I2C_SetCallback@ptr,postinc2
  2180   0013AA  C07B  FFDD         	movff	I2C_SetCallback@ptr+1,postdec2
  2181                           
  2182                           ;mcc_generated_files/i2c_master.c: 310:     }
  2183   0013AE  EFF1  F009         	goto	l486
  2184   0013B2                     l3092:
  2185                           
  2186                           ; BSR set to: 0
  2187                           ;mcc_generated_files/i2c_master.c: 312:     {;mcc_generated_files/i2c_master.c: 313:    
      +                               I2C_Status.callbackTable[idx] = I2C_CallbackReturnStop;
  2188   0013B2  517C               	movf	I2C_SetCallback@idx& (0+255),w,b
  2189   0013B4  0D02               	mullw	2
  2190   0013B6  0E01               	movlw	low _I2C_Status
  2191   0013B8  24F3               	addwf	243,w,c
  2192   0013BA  6ED9               	movwf	fsr2l,c
  2193   0013BC  0E00               	movlw	high _I2C_Status
  2194   0013BE  20F4               	addwfc	prodh,w,c
  2195   0013C0  6EDA               	movwf	fsr2h,c
  2196   0013C2  0E74               	movlw	low _I2C_CallbackReturnStop
  2197   0013C4  6EDE               	movwf	postinc2,c
  2198   0013C6  0E1B               	movlw	high _I2C_CallbackReturnStop
  2199   0013C8  6EDD               	movwf	postdec2,c
  2200                           
  2201                           ;mcc_generated_files/i2c_master.c: 314:         I2C_Status.callbackPayload[idx] = ((void
      +                          *)0);
  2202   0013CA  517C               	movf	I2C_SetCallback@idx& (0+255),w,b
  2203   0013CC  0D02               	mullw	2
  2204   0013CE  0E0D               	movlw	low (_I2C_Status+12)
  2205   0013D0  24F3               	addwf	243,w,c
  2206   0013D2  6ED9               	movwf	fsr2l,c
  2207   0013D4  0E00               	movlw	high (_I2C_Status+12)
  2208   0013D6  20F4               	addwfc	prodh,w,c
  2209   0013D8  6EDA               	movwf	fsr2h,c
  2210   0013DA  0E00               	movlw	0
  2211   0013DC  6EDE               	movwf	postinc2,c
  2212   0013DE  0E00               	movlw	0
  2213   0013E0  6EDD               	movwf	postdec2,c
  2214   0013E2                     l486:
  2215                           
  2216                           ; BSR set to: 0
  2217   0013E2  0012               	return		;funcret
  2218   0013E4                     __end_of_I2C_SetCallback:
  2219                           	callstack 0
  2220                           
  2221 ;; *************** function _I2C_Open *****************
  2222 ;; Defined at:
  2223 ;;		line 176 in file "mcc_generated_files/i2c_master.c"
  2224 ;; Parameters:    Size  Location     Type
  2225 ;;  address         1    wreg     unsigned char 
  2226 ;; Auto vars:     Size  Location     Type
  2227 ;;  address         1    2[BANK0 ] unsigned char 
  2228 ;;  returnValue     1    3[BANK0 ] enum E355
  2229 ;; Return value:  Size  Location     Type
  2230 ;;                  1    wreg      enum E355
  2231 ;; Registers used:
  2232 ;;		wreg, status,2, status,0, cstack
  2233 ;; Tracked objects:
  2234 ;;		On entry : 0/0
  2235 ;;		On exit  : 0/0
  2236 ;;		Unchanged: 0/0
  2237 ;; Data sizes:     COMRAM   BANK0   BANK1   BANK2   BANK3   BANK4   BANK5   BANK6   BANK7   BANK8   BANK9  BANK10  BANK1
      +1  BANK12  BANK13  BANK14  BANK15
  2238 ;;      Params:         0       0       0       0       0       0       0       0       0       0       0       0       
      +0       0       0       0       0
  2239 ;;      Locals:         0       2       0       0       0       0       0       0       0       0       0       0       
      +0       0       0       0       0
  2240 ;;      Temps:          0       0       0       0       0       0       0       0       0       0       0       0       
      +0       0       0       0       0
  2241 ;;      Totals:         0       2       0       0       0       0       0       0       0       0       0       0       
      +0       0       0       0       0
  2242 ;;Total ram usage:        2 bytes
  2243 ;; Hardware stack levels used: 1
  2244 ;; Hardware stack levels required when called: 8
  2245 ;; This function calls:
  2246 ;;		_I2C_MasterClearIrq
  2247 ;;		_I2C_MasterEnableIrq
  2248 ;;		_I2C_MasterOpen
  2249 ;;		_I2C_SetInterruptHandler
  2250 ;; This function is called by:
  2251 ;;		_I2C_Read1ByteRegister
  2252 ;;		_I2C_Write1ByteRegister
  2253 ;;		_I2C_Read2ByteRegister
  2254 ;;		_I2C_Write2ByteRegister
  2255 ;;		_I2C_WriteNBytes
  2256 ;;		_I2C_ReadNBytes
  2257 ;;		_I2C_ReadDataBlock
  2258 ;; This function uses a non-reentrant model
  2259 ;;
  2260                           
  2261                           	psect	text22
  2262   001242                     __ptext22:
  2263                           	callstack 0
  2264   001242                     _I2C_Open:
  2265                           	callstack 20
  2266                           
  2267                           ; BSR set to: 0
  2268                           ;incstack = 0
  2269                           ;I2C_Open@address stored from wreg
  2270   001242  0100               	movlb	0	; () banked
  2271   001244  6F7A               	movwf	I2C_Open@address& (0+255),b
  2272   001246                     
  2273                           ;mcc_generated_files/i2c_master.c: 176: i2c_error_t I2C_Open(i2c_address_t address);mcc_
      +                          generated_files/i2c_master.c: 177: {;mcc_generated_files/i2c_master.c: 178:     i2c_erro
      +                          r_t returnValue = I2C_BUSY;
  2274   001246  0E01               	movlw	1
  2275   001248  0100               	movlb	0	; () banked
  2276   00124A  6F7B               	movwf	I2C_Open@returnValue& (0+255),b
  2277   00124C                     
  2278                           ; BSR set to: 0
  2279                           ;mcc_generated_files/i2c_master.c: 180:     if(!I2C_Status.inUse)
  2280   00124C  B424               	btfsc	(_I2C_Status+35)^0,2,c
  2281   00124E  EF2B  F009         	goto	u1171
  2282   001252  EF2D  F009         	goto	u1170
  2283   001256                     u1171:
  2284   001256  EF70  F009         	goto	l3198
  2285   00125A                     u1170:
  2286   00125A                     
  2287                           ; BSR set to: 0
  2288                           ;mcc_generated_files/i2c_master.c: 181:     {;mcc_generated_files/i2c_master.c: 182:    
      +                               I2C_Status.address = address;
  2289   00125A  C07A  F01D         	movff	I2C_Open@address,_I2C_Status+28
  2290   00125E                     
  2291                           ; BSR set to: 0
  2292                           ;mcc_generated_files/i2c_master.c: 183:         I2C_Status.busy = 0;
  2293   00125E  9224               	bcf	(_I2C_Status+35)^0,1,c
  2294   001260                     
  2295                           ; BSR set to: 0
  2296                           ;mcc_generated_files/i2c_master.c: 184:         I2C_Status.inUse = 1;
  2297   001260  8424               	bsf	(_I2C_Status+35)^0,2,c
  2298   001262                     
  2299                           ; BSR set to: 0
  2300                           ;mcc_generated_files/i2c_master.c: 185:         I2C_Status.addressNackCheck = 0;
  2301   001262  9024               	bcf	(_I2C_Status+35)^0,0,c
  2302   001264                     
  2303                           ; BSR set to: 0
  2304                           ;mcc_generated_files/i2c_master.c: 186:         I2C_Status.state = I2C_RESET;
  2305   001264  0E0E               	movlw	14
  2306   001266  6E22               	movwf	(_I2C_Status+33)^0,c
  2307   001268                     
  2308                           ; BSR set to: 0
  2309                           ;mcc_generated_files/i2c_master.c: 187:         I2C_Status.time_out_value = 500;
  2310   001268  0E01               	movlw	1
  2311   00126A  6E1C               	movwf	(_I2C_Status+27)^0,c
  2312   00126C  0EF4               	movlw	244
  2313   00126E  6E1B               	movwf	(_I2C_Status+26)^0,c
  2314   001270                     
  2315                           ; BSR set to: 0
  2316                           ;mcc_generated_files/i2c_master.c: 188:         I2C_Status.bufferFree = 1;
  2317   001270  8624               	bsf	(_I2C_Status+35)^0,3,c
  2318   001272                     
  2319                           ; BSR set to: 0
  2320                           ;mcc_generated_files/i2c_master.c: 191:         I2C_Status.callbackTable[I2C_DATA_COMPLE
      +                          TE]=I2C_CallbackReturnStop;
  2321   001272  0E74               	movlw	low _I2C_CallbackReturnStop
  2322   001274  6E01               	movwf	_I2C_Status^0,c
  2323   001276  0E1B               	movlw	high _I2C_CallbackReturnStop
  2324   001278  6E02               	movwf	(_I2C_Status+1)^0,c
  2325   00127A                     
  2326                           ; BSR set to: 0
  2327                           ;mcc_generated_files/i2c_master.c: 192:         I2C_Status.callbackPayload[I2C_DATA_COMP
      +                          LETE] = ((void*)0);
  2328   00127A  0E00               	movlw	0
  2329   00127C  6E0D               	movwf	(_I2C_Status+12)^0,c
  2330   00127E  0E00               	movlw	0
  2331   001280  6E0E               	movwf	(_I2C_Status+13)^0,c
  2332   001282                     
  2333                           ; BSR set to: 0
  2334                           ;mcc_generated_files/i2c_master.c: 193:         I2C_Status.callbackTable[I2C_WRITE_COLLI
      +                          SION]=I2C_CallbackReturnStop;
  2335   001282  0E74               	movlw	low _I2C_CallbackReturnStop
  2336   001284  6E03               	movwf	(_I2C_Status+2)^0,c
  2337   001286  0E1B               	movlw	high _I2C_CallbackReturnStop
  2338   001288  6E04               	movwf	(_I2C_Status+3)^0,c
  2339   00128A                     
  2340                           ; BSR set to: 0
  2341                           ;mcc_generated_files/i2c_master.c: 194:         I2C_Status.callbackPayload[I2C_WRITE_COL
      +                          LISION] = ((void*)0);
  2342   00128A  0E00               	movlw	0
  2343   00128C  6E0F               	movwf	(_I2C_Status+14)^0,c
  2344   00128E  0E00               	movlw	0
  2345   001290  6E10               	movwf	(_I2C_Status+15)^0,c
  2346   001292                     
  2347                           ; BSR set to: 0
  2348                           ;mcc_generated_files/i2c_master.c: 195:         I2C_Status.callbackTable[I2C_ADDR_NACK]=
      +                          I2C_CallbackReturnStop;
  2349   001292  0E74               	movlw	low _I2C_CallbackReturnStop
  2350   001294  6E05               	movwf	(_I2C_Status+4)^0,c
  2351   001296  0E1B               	movlw	high _I2C_CallbackReturnStop
  2352   001298  6E06               	movwf	(_I2C_Status+5)^0,c
  2353   00129A                     
  2354                           ; BSR set to: 0
  2355                           ;mcc_generated_files/i2c_master.c: 196:         I2C_Status.callbackPayload[I2C_ADDR_NACK
      +                          ] = ((void*)0);
  2356   00129A  0E00               	movlw	0
  2357   00129C  6E11               	movwf	(_I2C_Status+16)^0,c
  2358   00129E  0E00               	movlw	0
  2359   0012A0  6E12               	movwf	(_I2C_Status+17)^0,c
  2360   0012A2                     
  2361                           ; BSR set to: 0
  2362                           ;mcc_generated_files/i2c_master.c: 197:         I2C_Status.callbackTable[I2C_DATA_NACK]=
      +                          I2C_CallbackReturnStop;
  2363   0012A2  0E74               	movlw	low _I2C_CallbackReturnStop
  2364   0012A4  6E07               	movwf	(_I2C_Status+6)^0,c
  2365   0012A6  0E1B               	movlw	high _I2C_CallbackReturnStop
  2366   0012A8  6E08               	movwf	(_I2C_Status+7)^0,c
  2367   0012AA                     
  2368                           ; BSR set to: 0
  2369                           ;mcc_generated_files/i2c_master.c: 198:         I2C_Status.callbackPayload[I2C_DATA_NACK
      +                          ] = ((void*)0);
  2370   0012AA  0E00               	movlw	0
  2371   0012AC  6E13               	movwf	(_I2C_Status+18)^0,c
  2372   0012AE  0E00               	movlw	0
  2373   0012B0  6E14               	movwf	(_I2C_Status+19)^0,c
  2374   0012B2                     
  2375                           ; BSR set to: 0
  2376                           ;mcc_generated_files/i2c_master.c: 199:         I2C_Status.callbackTable[I2C_TIMEOUT]=I2
      +                          C_CallbackReturnReset;
  2377   0012B2  0E70               	movlw	low _I2C_CallbackReturnReset
  2378   0012B4  6E09               	movwf	(_I2C_Status+8)^0,c
  2379   0012B6  0E1B               	movlw	high _I2C_CallbackReturnReset
  2380   0012B8  6E0A               	movwf	(_I2C_Status+9)^0,c
  2381   0012BA                     
  2382                           ; BSR set to: 0
  2383                           ;mcc_generated_files/i2c_master.c: 200:         I2C_Status.callbackPayload[I2C_TIMEOUT] 
      +                          = ((void*)0);
  2384   0012BA  0E00               	movlw	0
  2385   0012BC  6E15               	movwf	(_I2C_Status+20)^0,c
  2386   0012BE  0E00               	movlw	0
  2387   0012C0  6E16               	movwf	(_I2C_Status+21)^0,c
  2388   0012C2                     
  2389                           ; BSR set to: 0
  2390                           ;mcc_generated_files/i2c_master.c: 202:         I2C_SetInterruptHandler(I2C_MasterIsr);
  2391   0012C2  0E36               	movlw	low _I2C_MasterIsr
  2392   0012C4  6F78               	movwf	I2C_SetInterruptHandler@InterruptHandler& (0+255),b
  2393   0012C6  0E1B               	movlw	high _I2C_MasterIsr
  2394   0012C8  6F79               	movwf	(I2C_SetInterruptHandler@InterruptHandler+1)& (0+255),b
  2395   0012CA  EC63  F00D         	call	_I2C_SetInterruptHandler	;wreg free
  2396   0012CE                     
  2397                           ;mcc_generated_files/i2c_master.c: 203:         I2C_MasterClearIrq();
  2398   0012CE  ECAE  F00D         	call	_I2C_MasterClearIrq	;wreg free
  2399   0012D2                     
  2400                           ;mcc_generated_files/i2c_master.c: 204:         I2C_MasterOpen();
  2401   0012D2  ECBA  F00C         	call	_I2C_MasterOpen	;wreg free
  2402   0012D6                     
  2403                           ;mcc_generated_files/i2c_master.c: 205:         I2C_MasterEnableIrq();
  2404   0012D6  ECA6  F00D         	call	_I2C_MasterEnableIrq	;wreg free
  2405   0012DA                     
  2406                           ;mcc_generated_files/i2c_master.c: 206:         returnValue = I2C_NOERR;
  2407   0012DA  0E00               	movlw	0
  2408   0012DC  0100               	movlb	0	; () banked
  2409   0012DE  6F7B               	movwf	I2C_Open@returnValue& (0+255),b
  2410   0012E0                     l3198:
  2411                           
  2412                           ; BSR set to: 0
  2413                           ;mcc_generated_files/i2c_master.c: 208:     return returnValue;
  2414   0012E0  517B               	movf	I2C_Open@returnValue& (0+255),w,b
  2415   0012E2                     
  2416                           ; BSR set to: 0
  2417   0012E2  0012               	return		;funcret
  2418   0012E4                     __end_of_I2C_Open:
  2419                           	callstack 0
  2420                           
  2421 ;; *************** function _I2C_SetInterruptHandler *****************
  2422 ;; Defined at:
  2423 ;;		line 299 in file "mcc_generated_files/i2c_master.c"
  2424 ;; Parameters:    Size  Location     Type
  2425 ;;  InterruptHan    2    0[BANK0 ] PTR FTN()void 
  2426 ;;		 -> I2C_MasterIsr(1), 
  2427 ;; Auto vars:     Size  Location     Type
  2428 ;;		None
  2429 ;; Return value:  Size  Location     Type
  2430 ;;                  1    wreg      void 
  2431 ;; Registers used:
  2432 ;;		wreg, status,2, status,0
  2433 ;; Tracked objects:
  2434 ;;		On entry : 0/0
  2435 ;;		On exit  : 0/0
  2436 ;;		Unchanged: 0/0
  2437 ;; Data sizes:     COMRAM   BANK0   BANK1   BANK2   BANK3   BANK4   BANK5   BANK6   BANK7   BANK8   BANK9  BANK10  BANK1
      +1  BANK12  BANK13  BANK14  BANK15
  2438 ;;      Params:         0       2       0       0       0       0       0       0       0       0       0       0       
      +0       0       0       0       0
  2439 ;;      Locals:         0       0       0       0       0       0       0       0       0       0       0       0       
      +0       0       0       0       0
  2440 ;;      Temps:          0       0       0       0       0       0       0       0       0       0       0       0       
      +0       0       0       0       0
  2441 ;;      Totals:         0       2       0       0       0       0       0       0       0       0       0       0       
      +0       0       0       0       0
  2442 ;;Total ram usage:        2 bytes
  2443 ;; Hardware stack levels used: 1
  2444 ;; Hardware stack levels required when called: 7
  2445 ;; This function calls:
  2446 ;;		Nothing
  2447 ;; This function is called by:
  2448 ;;		_I2C_Open
  2449 ;; This function uses a non-reentrant model
  2450 ;;
  2451                           
  2452                           	psect	text23
  2453   001AC6                     __ptext23:
  2454                           	callstack 0
  2455   001AC6                     _I2C_SetInterruptHandler:
  2456                           	callstack 20
  2457   001AC6                     
  2458                           ;mcc_generated_files/i2c_master.c: 299: void I2C_SetInterruptHandler(void (* InterruptHa
      +                          ndler)(void));mcc_generated_files/i2c_master.c: 300: {;mcc_generated_files/i2c_master.c:
      +                           301:     MSSP_InterruptHandler = InterruptHandler;
  2459   001AC6  C078  F02B         	movff	I2C_SetInterruptHandler@InterruptHandler,_MSSP_InterruptHandler
  2460   001ACA  C079  F02C         	movff	I2C_SetInterruptHandler@InterruptHandler+1,_MSSP_InterruptHandler+1
  2461   001ACE  0012               	return		;funcret
  2462   001AD0                     __end_of_I2C_SetInterruptHandler:
  2463                           	callstack 0
  2464                           
  2465 ;; *************** function _I2C_MasterOpen *****************
  2466 ;; Defined at:
  2467 ;;		line 544 in file "mcc_generated_files/i2c_master.c"
  2468 ;; Parameters:    Size  Location     Type
  2469 ;;		None
  2470 ;; Auto vars:     Size  Location     Type
  2471 ;;		None
  2472 ;; Return value:  Size  Location     Type
  2473 ;;                  1    wreg      _Bool 
  2474 ;; Registers used:
  2475 ;;		wreg, status,2
  2476 ;; Tracked objects:
  2477 ;;		On entry : 0/0
  2478 ;;		On exit  : 0/0
  2479 ;;		Unchanged: 0/0
  2480 ;; Data sizes:     COMRAM   BANK0   BANK1   BANK2   BANK3   BANK4   BANK5   BANK6   BANK7   BANK8   BANK9  BANK10  BANK1
      +1  BANK12  BANK13  BANK14  BANK15
  2481 ;;      Params:         0       0       0       0       0       0       0       0       0       0       0       0       
      +0       0       0       0       0
  2482 ;;      Locals:         0       0       0       0       0       0       0       0       0       0       0       0       
      +0       0       0       0       0
  2483 ;;      Temps:          0       0       0       0       0       0       0       0       0       0       0       0       
      +0       0       0       0       0
  2484 ;;      Totals:         0       0       0       0       0       0       0       0       0       0       0       0       
      +0       0       0       0       0
  2485 ;;Total ram usage:        0 bytes
  2486 ;; Hardware stack levels used: 1
  2487 ;; Hardware stack levels required when called: 7
  2488 ;; This function calls:
  2489 ;;		Nothing
  2490 ;; This function is called by:
  2491 ;;		_I2C_Open
  2492 ;; This function uses a non-reentrant model
  2493 ;;
  2494                           
  2495                           	psect	text24
  2496   001974                     __ptext24:
  2497                           	callstack 0
  2498   001974                     _I2C_MasterOpen:
  2499                           	callstack 20
  2500   001974                     
  2501                           ;mcc_generated_files/i2c_master.c: 546:     if(!SSPCON1bits.SSPEN)
  2502   001974  BAC6               	btfsc	198,5,c	;volatile
  2503   001976  EFBF  F00C         	goto	u1121
  2504   00197A  EFC1  F00C         	goto	u1120
  2505   00197E                     u1121:
  2506   00197E  EFCA  F00C         	goto	l605
  2507   001982                     u1120:
  2508   001982                     
  2509                           ;mcc_generated_files/i2c_master.c: 547:     {;mcc_generated_files/i2c_master.c: 548:    
      +                               SSPSTAT = 0x00;
  2510   001982  0E00               	movlw	0
  2511   001984  6EC7               	movwf	199,c	;volatile
  2512                           
  2513                           ;mcc_generated_files/i2c_master.c: 549:         SSPCON1 = 0x08;
  2514   001986  0E08               	movlw	8
  2515   001988  6EC6               	movwf	198,c	;volatile
  2516                           
  2517                           ;mcc_generated_files/i2c_master.c: 550:         SSPCON2 = 0x00;
  2518   00198A  0E00               	movlw	0
  2519   00198C  6EC5               	movwf	197,c	;volatile
  2520                           
  2521                           ;mcc_generated_files/i2c_master.c: 551:         SSPADD = 0x27;
  2522   00198E  0E27               	movlw	39
  2523   001990  6EC8               	movwf	200,c	;volatile
  2524   001992                     
  2525                           ;mcc_generated_files/i2c_master.c: 552:         SSPCON1bits.SSPEN = 1;
  2526   001992  8AC6               	bsf	198,5,c	;volatile
  2527   001994                     l605:
  2528   001994  0012               	return		;funcret
  2529   001996                     __end_of_I2C_MasterOpen:
  2530                           	callstack 0
  2531                           
  2532 ;; *************** function _I2C_MasterEnableIrq *****************
  2533 ;; Defined at:
  2534 ;;		line 627 in file "mcc_generated_files/i2c_master.c"
  2535 ;; Parameters:    Size  Location     Type
  2536 ;;		None
  2537 ;; Auto vars:     Size  Location     Type
  2538 ;;		None
  2539 ;; Return value:  Size  Location     Type
  2540 ;;                  1    wreg      void 
  2541 ;; Registers used:
  2542 ;;		None
  2543 ;; Tracked objects:
  2544 ;;		On entry : 0/0
  2545 ;;		On exit  : 0/0
  2546 ;;		Unchanged: 0/0
  2547 ;; Data sizes:     COMRAM   BANK0   BANK1   BANK2   BANK3   BANK4   BANK5   BANK6   BANK7   BANK8   BANK9  BANK10  BANK1
      +1  BANK12  BANK13  BANK14  BANK15
  2548 ;;      Params:         0       0       0       0       0       0       0       0       0       0       0       0       
      +0       0       0       0       0
  2549 ;;      Locals:         0       0       0       0       0       0       0       0       0       0       0       0       
      +0       0       0       0       0
  2550 ;;      Temps:          0       0       0       0       0       0       0       0       0       0       0       0       
      +0       0       0       0       0
  2551 ;;      Totals:         0       0       0       0       0       0       0       0       0       0       0       0       
      +0       0       0       0       0
  2552 ;;Total ram usage:        0 bytes
  2553 ;; Hardware stack levels used: 1
  2554 ;; Hardware stack levels required when called: 7
  2555 ;; This function calls:
  2556 ;;		Nothing
  2557 ;; This function is called by:
  2558 ;;		_I2C_Open
  2559 ;;		_I2C_SetTimeOut
  2560 ;; This function uses a non-reentrant model
  2561 ;;
  2562                           
  2563                           	psect	text25
  2564   001B4C                     __ptext25:
  2565                           	callstack 0
  2566   001B4C                     _I2C_MasterEnableIrq:
  2567                           	callstack 20
  2568   001B4C                     
  2569                           ;mcc_generated_files/i2c_master.c: 629:     PIE1bits.SSPIE = 1;
  2570   001B4C  869D               	bsf	157,3,c	;volatile
  2571   001B4E  0012               	return		;funcret
  2572   001B50                     __end_of_I2C_MasterEnableIrq:
  2573                           	callstack 0
  2574                           
  2575 ;; *************** function _I2C_MasterWrite *****************
  2576 ;; Defined at:
  2577 ;;		line 252 in file "mcc_generated_files/i2c_master.c"
  2578 ;; Parameters:    Size  Location     Type
  2579 ;;		None
  2580 ;; Auto vars:     Size  Location     Type
  2581 ;;		None
  2582 ;; Return value:  Size  Location     Type
  2583 ;;                  1    wreg      enum E355
  2584 ;; Registers used:
  2585 ;;		wreg, status,2, cstack
  2586 ;; Tracked objects:
  2587 ;;		On entry : 0/0
  2588 ;;		On exit  : 0/0
  2589 ;;		Unchanged: 0/0
  2590 ;; Data sizes:     COMRAM   BANK0   BANK1   BANK2   BANK3   BANK4   BANK5   BANK6   BANK7   BANK8   BANK9  BANK10  BANK1
      +1  BANK12  BANK13  BANK14  BANK15
  2591 ;;      Params:         0       0       0       0       0       0       0       0       0       0       0       0       
      +0       0       0       0       0
  2592 ;;      Locals:         0       0       0       0       0       0       0       0       0       0       0       0       
      +0       0       0       0       0
  2593 ;;      Temps:          0       0       0       0       0       0       0       0       0       0       0       0       
      +0       0       0       0       0
  2594 ;;      Totals:         0       0       0       0       0       0       0       0       0       0       0       0       
      +0       0       0       0       0
  2595 ;;Total ram usage:        0 bytes
  2596 ;; Hardware stack levels used: 1
  2597 ;; Hardware stack levels required when called: 9
  2598 ;; This function calls:
  2599 ;;		_I2C_MasterOperation
  2600 ;; This function is called by:
  2601 ;;		_I2C_Read1ByteRegister
  2602 ;;		_I2C_Write1ByteRegister
  2603 ;;		_I2C_Read2ByteRegister
  2604 ;;		_I2C_Write2ByteRegister
  2605 ;;		_I2C_WriteNBytes
  2606 ;;		_I2C_ReadDataBlock
  2607 ;; This function uses a non-reentrant model
  2608 ;;
  2609                           
  2610                           	psect	text26
  2611   001AEE                     __ptext26:
  2612                           	callstack 0
  2613   001AEE                     _I2C_MasterWrite:
  2614                           	callstack 19
  2615   001AEE                     
  2616                           ;mcc_generated_files/i2c_master.c: 254:     return I2C_MasterOperation(0);;	Return value
      +                           of _I2C_MasterWrite is never used
  2617   001AEE  0E00               	movlw	0
  2618   001AF0  ECCF  F00B         	call	_I2C_MasterOperation
  2619   001AF4  0012               	return		;funcret
  2620   001AF6                     __end_of_I2C_MasterWrite:
  2621                           	callstack 0
  2622                           
  2623 ;; *************** function _I2C_MasterOperation *****************
  2624 ;; Defined at:
  2625 ;;		line 226 in file "mcc_generated_files/i2c_master.c"
  2626 ;; Parameters:    Size  Location     Type
  2627 ;;  read            1    wreg     _Bool 
  2628 ;; Auto vars:     Size  Location     Type
  2629 ;;  read            1    0[BANK0 ] _Bool 
  2630 ;;  returnValue     1    1[BANK0 ] enum E355
  2631 ;; Return value:  Size  Location     Type
  2632 ;;                  1    wreg      enum E355
  2633 ;; Registers used:
  2634 ;;		wreg, status,2, cstack
  2635 ;; Tracked objects:
  2636 ;;		On entry : 0/0
  2637 ;;		On exit  : 0/0
  2638 ;;		Unchanged: 0/0
  2639 ;; Data sizes:     COMRAM   BANK0   BANK1   BANK2   BANK3   BANK4   BANK5   BANK6   BANK7   BANK8   BANK9  BANK10  BANK1
      +1  BANK12  BANK13  BANK14  BANK15
  2640 ;;      Params:         0       0       0       0       0       0       0       0       0       0       0       0       
      +0       0       0       0       0
  2641 ;;      Locals:         0       2       0       0       0       0       0       0       0       0       0       0       
      +0       0       0       0       0
  2642 ;;      Temps:          0       0       0       0       0       0       0       0       0       0       0       0       
      +0       0       0       0       0
  2643 ;;      Totals:         0       2       0       0       0       0       0       0       0       0       0       0       
      +0       0       0       0       0
  2644 ;;Total ram usage:        2 bytes
  2645 ;; Hardware stack levels used: 1
  2646 ;; Hardware stack levels required when called: 8
  2647 ;; This function calls:
  2648 ;;		_I2C_MasterStart
  2649 ;; This function is called by:
  2650 ;;		_I2C_MasterWrite
  2651 ;;		_I2C_MasterRead
  2652 ;; This function uses a non-reentrant model
  2653 ;;
  2654                           
  2655                           	psect	text27
  2656   00179E                     __ptext27:
  2657                           	callstack 0
  2658   00179E                     _I2C_MasterOperation:
  2659                           	callstack 19
  2660                           
  2661                           ;incstack = 0
  2662                           ;I2C_MasterOperation@read stored from wreg
  2663   00179E  0100               	movlb	0	; () banked
  2664   0017A0  6F78               	movwf	I2C_MasterOperation@read& (0+255),b
  2665   0017A2                     
  2666                           ;mcc_generated_files/i2c_master.c: 226: i2c_error_t I2C_MasterOperation(_Bool read);mcc_
      +                          generated_files/i2c_master.c: 227: {;mcc_generated_files/i2c_master.c: 228:     i2c_erro
      +                          r_t returnValue = I2C_BUSY;
  2667   0017A2  0E01               	movlw	1
  2668   0017A4  0100               	movlb	0	; () banked
  2669   0017A6  6F79               	movwf	I2C_MasterOperation@returnValue& (0+255),b
  2670   0017A8                     
  2671                           ; BSR set to: 0
  2672                           ;mcc_generated_files/i2c_master.c: 229:     if(!I2C_Status.busy)
  2673   0017A8  B224               	btfsc	(_I2C_Status+35)^0,1,c
  2674   0017AA  EFD9  F00B         	goto	u1131
  2675   0017AE  EFDB  F00B         	goto	u1130
  2676   0017B2                     u1131:
  2677   0017B2  EFEE  F00B         	goto	l3084
  2678   0017B6                     u1130:
  2679   0017B6                     
  2680                           ; BSR set to: 0
  2681                           ;mcc_generated_files/i2c_master.c: 230:     {;mcc_generated_files/i2c_master.c: 231:    
      +                               I2C_Status.busy = 1;
  2682   0017B6  8224               	bsf	(_I2C_Status+35)^0,1,c
  2683   0017B8                     
  2684                           ; BSR set to: 0
  2685                           ;mcc_generated_files/i2c_master.c: 232:         returnValue = I2C_NOERR;
  2686   0017B8  0E00               	movlw	0
  2687   0017BA  6F79               	movwf	I2C_MasterOperation@returnValue& (0+255),b
  2688   0017BC                     
  2689                           ; BSR set to: 0
  2690                           ;mcc_generated_files/i2c_master.c: 234:         if(read)
  2691   0017BC  5178               	movf	I2C_MasterOperation@read& (0+255),w,b
  2692   0017BE  B4D8               	btfsc	status,2,c
  2693   0017C0  EFE4  F00B         	goto	u1141
  2694   0017C4  EFE6  F00B         	goto	u1140
  2695   0017C8                     u1141:
  2696   0017C8  EFEA  F00B         	goto	l3080
  2697   0017CC                     u1140:
  2698   0017CC                     
  2699                           ; BSR set to: 0
  2700                           ;mcc_generated_files/i2c_master.c: 235:         {;mcc_generated_files/i2c_master.c: 236:
      +                                       I2C_Status.state = I2C_SEND_ADR_READ;
  2701   0017CC  0E01               	movlw	1
  2702   0017CE  6E22               	movwf	(_I2C_Status+33)^0,c
  2703                           
  2704                           ;mcc_generated_files/i2c_master.c: 237:         }
  2705   0017D0  EFEC  F00B         	goto	l3082
  2706   0017D4                     l3080:
  2707                           
  2708                           ; BSR set to: 0
  2709                           ;mcc_generated_files/i2c_master.c: 239:         {;mcc_generated_files/i2c_master.c: 240:
      +                                       I2C_Status.state = I2C_SEND_ADR_WRITE;
  2710   0017D4  0E02               	movlw	2
  2711   0017D6  6E22               	movwf	(_I2C_Status+33)^0,c
  2712   0017D8                     l3082:
  2713                           
  2714                           ; BSR set to: 0
  2715                           ;mcc_generated_files/i2c_master.c: 242:         I2C_MasterStart();
  2716   0017D8  ECA8  F00D         	call	_I2C_MasterStart	;wreg free
  2717   0017DC                     l3084:
  2718                           
  2719                           ;mcc_generated_files/i2c_master.c: 244:     return returnValue;
  2720   0017DC  0100               	movlb	0	; () banked
  2721   0017DE  5179               	movf	I2C_MasterOperation@returnValue& (0+255),w,b
  2722   0017E0                     
  2723                           ; BSR set to: 0
  2724   0017E0  0012               	return		;funcret
  2725   0017E2                     __end_of_I2C_MasterOperation:
  2726                           	callstack 0
  2727                           
  2728 ;; *************** function _I2C_MasterStart *****************
  2729 ;; Defined at:
  2730 ;;		line 589 in file "mcc_generated_files/i2c_master.c"
  2731 ;; Parameters:    Size  Location     Type
  2732 ;;		None
  2733 ;; Auto vars:     Size  Location     Type
  2734 ;;		None
  2735 ;; Return value:  Size  Location     Type
  2736 ;;                  1    wreg      void 
  2737 ;; Registers used:
  2738 ;;		None
  2739 ;; Tracked objects:
  2740 ;;		On entry : 0/0
  2741 ;;		On exit  : 0/0
  2742 ;;		Unchanged: 0/0
  2743 ;; Data sizes:     COMRAM   BANK0   BANK1   BANK2   BANK3   BANK4   BANK5   BANK6   BANK7   BANK8   BANK9  BANK10  BANK1
      +1  BANK12  BANK13  BANK14  BANK15
  2744 ;;      Params:         0       0       0       0       0       0       0       0       0       0       0       0       
      +0       0       0       0       0
  2745 ;;      Locals:         0       0       0       0       0       0       0       0       0       0       0       0       
      +0       0       0       0       0
  2746 ;;      Temps:          0       0       0       0       0       0       0       0       0       0       0       0       
      +0       0       0       0       0
  2747 ;;      Totals:         0       0       0       0       0       0       0       0       0       0       0       0       
      +0       0       0       0       0
  2748 ;;Total ram usage:        0 bytes
  2749 ;; Hardware stack levels used: 1
  2750 ;; Hardware stack levels required when called: 7
  2751 ;; This function calls:
  2752 ;;		Nothing
  2753 ;; This function is called by:
  2754 ;;		_I2C_MasterOperation
  2755 ;; This function uses a non-reentrant model
  2756 ;;
  2757                           
  2758                           	psect	text28
  2759   001B50                     __ptext28:
  2760                           	callstack 0
  2761   001B50                     _I2C_MasterStart:
  2762                           	callstack 19
  2763   001B50                     
  2764                           ;mcc_generated_files/i2c_master.c: 591:     SSPCON2bits.SEN = 1;
  2765   001B50  80C5               	bsf	197,0,c	;volatile
  2766   001B52  0012               	return		;funcret
  2767   001B54                     __end_of_I2C_MasterStart:
  2768                           	callstack 0
  2769                           
  2770 ;; *************** function _I2C_Close *****************
  2771 ;; Defined at:
  2772 ;;		line 211 in file "mcc_generated_files/i2c_master.c"
  2773 ;; Parameters:    Size  Location     Type
  2774 ;;		None
  2775 ;; Auto vars:     Size  Location     Type
  2776 ;;  returnValue     1    0[BANK0 ] enum E355
  2777 ;; Return value:  Size  Location     Type
  2778 ;;                  1    wreg      enum E355
  2779 ;; Registers used:
  2780 ;;		wreg, status,2, cstack
  2781 ;; Tracked objects:
  2782 ;;		On entry : 0/0
  2783 ;;		On exit  : 0/0
  2784 ;;		Unchanged: 0/0
  2785 ;; Data sizes:     COMRAM   BANK0   BANK1   BANK2   BANK3   BANK4   BANK5   BANK6   BANK7   BANK8   BANK9  BANK10  BANK1
      +1  BANK12  BANK13  BANK14  BANK15
  2786 ;;      Params:         0       0       0       0       0       0       0       0       0       0       0       0       
      +0       0       0       0       0
  2787 ;;      Locals:         0       1       0       0       0       0       0       0       0       0       0       0       
      +0       0       0       0       0
  2788 ;;      Temps:          0       0       0       0       0       0       0       0       0       0       0       0       
      +0       0       0       0       0
  2789 ;;      Totals:         0       1       0       0       0       0       0       0       0       0       0       0       
      +0       0       0       0       0
  2790 ;;Total ram usage:        1 bytes
  2791 ;; Hardware stack levels used: 1
  2792 ;; Hardware stack levels required when called: 8
  2793 ;; This function calls:
  2794 ;;		_I2C_MasterClearIrq
  2795 ;;		_I2C_MasterClose
  2796 ;;		_I2C_MasterDisableIrq
  2797 ;; This function is called by:
  2798 ;;		_I2C_Read1ByteRegister
  2799 ;;		_I2C_Write1ByteRegister
  2800 ;;		_I2C_Read2ByteRegister
  2801 ;;		_I2C_Write2ByteRegister
  2802 ;;		_I2C_WriteNBytes
  2803 ;;		_I2C_ReadNBytes
  2804 ;;		_I2C_ReadDataBlock
  2805 ;; This function uses a non-reentrant model
  2806 ;;
  2807                           
  2808                           	psect	text29
  2809   001852                     __ptext29:
  2810                           	callstack 0
  2811   001852                     _I2C_Close:
  2812                           	callstack 20
  2813   001852                     
  2814                           ;mcc_generated_files/i2c_master.c: 213:     i2c_error_t returnValue = I2C_BUSY;
  2815   001852  0E01               	movlw	1
  2816   001854  0100               	movlb	0	; () banked
  2817   001856  6F78               	movwf	I2C_Close@returnValue& (0+255),b
  2818   001858                     
  2819                           ; BSR set to: 0
  2820                           ;mcc_generated_files/i2c_master.c: 214:     if(!I2C_Status.busy)
  2821   001858  B224               	btfsc	(_I2C_Status+35)^0,1,c
  2822   00185A  EF31  F00C         	goto	u1191
  2823   00185E  EF33  F00C         	goto	u1190
  2824   001862                     u1191:
  2825   001862  EF3D  F00C         	goto	l3228
  2826   001866                     u1190:
  2827   001866                     
  2828                           ; BSR set to: 0
  2829                           ;mcc_generated_files/i2c_master.c: 215:     {;mcc_generated_files/i2c_master.c: 216:    
      +                               I2C_Status.inUse = 0;
  2830   001866  9424               	bcf	(_I2C_Status+35)^0,2,c
  2831                           
  2832                           ;mcc_generated_files/i2c_master.c: 217:         I2C_Status.address = 0xff;
  2833   001868  681D               	setf	(_I2C_Status+28)^0,c
  2834   00186A                     
  2835                           ; BSR set to: 0
  2836                           ;mcc_generated_files/i2c_master.c: 218:         I2C_MasterClearIrq();
  2837   00186A  ECAE  F00D         	call	_I2C_MasterClearIrq	;wreg free
  2838                           
  2839                           ;mcc_generated_files/i2c_master.c: 219:         I2C_MasterDisableIrq();
  2840   00186E  ECAA  F00D         	call	_I2C_MasterDisableIrq	;wreg free
  2841                           
  2842                           ;mcc_generated_files/i2c_master.c: 220:         I2C_MasterClose();
  2843   001872  ECAC  F00D         	call	_I2C_MasterClose	;wreg free
  2844   001876                     
  2845                           ;mcc_generated_files/i2c_master.c: 221:         returnValue = I2C_Status.error;
  2846   001876  C023  F078         	movff	_I2C_Status+34,I2C_Close@returnValue
  2847   00187A                     l3228:
  2848                           
  2849                           ;mcc_generated_files/i2c_master.c: 223:     return returnValue;
  2850   00187A  0100               	movlb	0	; () banked
  2851   00187C  5178               	movf	I2C_Close@returnValue& (0+255),w,b
  2852   00187E                     
  2853                           ; BSR set to: 0
  2854   00187E  0012               	return		;funcret
  2855   001880                     __end_of_I2C_Close:
  2856                           	callstack 0
  2857                           
  2858 ;; *************** function _I2C_MasterDisableIrq *****************
  2859 ;; Defined at:
  2860 ;;		line 637 in file "mcc_generated_files/i2c_master.c"
  2861 ;; Parameters:    Size  Location     Type
  2862 ;;		None
  2863 ;; Auto vars:     Size  Location     Type
  2864 ;;		None
  2865 ;; Return value:  Size  Location     Type
  2866 ;;                  1    wreg      void 
  2867 ;; Registers used:
  2868 ;;		None
  2869 ;; Tracked objects:
  2870 ;;		On entry : 0/0
  2871 ;;		On exit  : 0/0
  2872 ;;		Unchanged: 0/0
  2873 ;; Data sizes:     COMRAM   BANK0   BANK1   BANK2   BANK3   BANK4   BANK5   BANK6   BANK7   BANK8   BANK9  BANK10  BANK1
      +1  BANK12  BANK13  BANK14  BANK15
  2874 ;;      Params:         0       0       0       0       0       0       0       0       0       0       0       0       
      +0       0       0       0       0
  2875 ;;      Locals:         0       0       0       0       0       0       0       0       0       0       0       0       
      +0       0       0       0       0
  2876 ;;      Temps:          0       0       0       0       0       0       0       0       0       0       0       0       
      +0       0       0       0       0
  2877 ;;      Totals:         0       0       0       0       0       0       0       0       0       0       0       0       
      +0       0       0       0       0
  2878 ;;Total ram usage:        0 bytes
  2879 ;; Hardware stack levels used: 1
  2880 ;; Hardware stack levels required when called: 7
  2881 ;; This function calls:
  2882 ;;		Nothing
  2883 ;; This function is called by:
  2884 ;;		_I2C_Close
  2885 ;;		_I2C_SetTimeOut
  2886 ;; This function uses a non-reentrant model
  2887 ;;
  2888                           
  2889                           	psect	text30
  2890   001B54                     __ptext30:
  2891                           	callstack 0
  2892   001B54                     _I2C_MasterDisableIrq:
  2893                           	callstack 20
  2894   001B54                     
  2895                           ;mcc_generated_files/i2c_master.c: 639:     PIE1bits.SSPIE = 0;
  2896   001B54  969D               	bcf	157,3,c	;volatile
  2897   001B56  0012               	return		;funcret
  2898   001B58                     __end_of_I2C_MasterDisableIrq:
  2899                           	callstack 0
  2900                           
  2901 ;; *************** function _I2C_MasterClose *****************
  2902 ;; Defined at:
  2903 ;;		line 558 in file "mcc_generated_files/i2c_master.c"
  2904 ;; Parameters:    Size  Location     Type
  2905 ;;		None
  2906 ;; Auto vars:     Size  Location     Type
  2907 ;;		None
  2908 ;; Return value:  Size  Location     Type
  2909 ;;                  1    wreg      void 
  2910 ;; Registers used:
  2911 ;;		None
  2912 ;; Tracked objects:
  2913 ;;		On entry : 0/0
  2914 ;;		On exit  : 0/0
  2915 ;;		Unchanged: 0/0
  2916 ;; Data sizes:     COMRAM   BANK0   BANK1   BANK2   BANK3   BANK4   BANK5   BANK6   BANK7   BANK8   BANK9  BANK10  BANK1
      +1  BANK12  BANK13  BANK14  BANK15
  2917 ;;      Params:         0       0       0       0       0       0       0       0       0       0       0       0       
      +0       0       0       0       0
  2918 ;;      Locals:         0       0       0       0       0       0       0       0       0       0       0       0       
      +0       0       0       0       0
  2919 ;;      Temps:          0       0       0       0       0       0       0       0       0       0       0       0       
      +0       0       0       0       0
  2920 ;;      Totals:         0       0       0       0       0       0       0       0       0       0       0       0       
      +0       0       0       0       0
  2921 ;;Total ram usage:        0 bytes
  2922 ;; Hardware stack levels used: 1
  2923 ;; Hardware stack levels required when called: 7
  2924 ;; This function calls:
  2925 ;;		Nothing
  2926 ;; This function is called by:
  2927 ;;		_I2C_Close
  2928 ;; This function uses a non-reentrant model
  2929 ;;
  2930                           
  2931                           	psect	text31
  2932   001B58                     __ptext31:
  2933                           	callstack 0
  2934   001B58                     _I2C_MasterClose:
  2935                           	callstack 20
  2936   001B58                     
  2937                           ;mcc_generated_files/i2c_master.c: 561:     SSPCON1bits.SSPEN = 0;
  2938   001B58  9AC6               	bcf	198,5,c	;volatile
  2939   001B5A  0012               	return		;funcret
  2940   001B5C                     __end_of_I2C_MasterClose:
  2941                           	callstack 0
  2942                           
  2943 ;; *************** function _I2C_MasterClearIrq *****************
  2944 ;; Defined at:
  2945 ;;		line 642 in file "mcc_generated_files/i2c_master.c"
  2946 ;; Parameters:    Size  Location     Type
  2947 ;;		None
  2948 ;; Auto vars:     Size  Location     Type
  2949 ;;		None
  2950 ;; Return value:  Size  Location     Type
  2951 ;;                  1    wreg      void 
  2952 ;; Registers used:
  2953 ;;		None
  2954 ;; Tracked objects:
  2955 ;;		On entry : 0/0
  2956 ;;		On exit  : 0/0
  2957 ;;		Unchanged: 0/0
  2958 ;; Data sizes:     COMRAM   BANK0   BANK1   BANK2   BANK3   BANK4   BANK5   BANK6   BANK7   BANK8   BANK9  BANK10  BANK1
      +1  BANK12  BANK13  BANK14  BANK15
  2959 ;;      Params:         0       0       0       0       0       0       0       0       0       0       0       0       
      +0       0       0       0       0
  2960 ;;      Locals:         0       0       0       0       0       0       0       0       0       0       0       0       
      +0       0       0       0       0
  2961 ;;      Temps:          0       0       0       0       0       0       0       0       0       0       0       0       
      +0       0       0       0       0
  2962 ;;      Totals:         0       0       0       0       0       0       0       0       0       0       0       0       
      +0       0       0       0       0
  2963 ;;Total ram usage:        0 bytes
  2964 ;; Hardware stack levels used: 1
  2965 ;; Hardware stack levels required when called: 7
  2966 ;; This function calls:
  2967 ;;		Nothing
  2968 ;; This function is called by:
  2969 ;;		_I2C_Open
  2970 ;;		_I2C_Close
  2971 ;; This function uses a non-reentrant model
  2972 ;;
  2973                           
  2974                           	psect	text32
  2975   001B5C                     __ptext32:
  2976                           	callstack 0
  2977   001B5C                     _I2C_MasterClearIrq:
  2978                           	callstack 20
  2979   001B5C                     
  2980                           ;mcc_generated_files/i2c_master.c: 644:     PIR1bits.SSPIF = 0;
  2981   001B5C  969E               	bcf	158,3,c	;volatile
  2982   001B5E  0012               	return		;funcret
  2983   001B60                     __end_of_I2C_MasterClearIrq:
  2984                           	callstack 0
  2985                           
  2986 ;; *************** function _INTERRUPT_InterruptManager *****************
  2987 ;; Defined at:
  2988 ;;		line 58 in file "mcc_generated_files/interrupt_manager.c"
  2989 ;; Parameters:    Size  Location     Type
  2990 ;;		None
  2991 ;; Auto vars:     Size  Location     Type
  2992 ;;		None
  2993 ;; Return value:  Size  Location     Type
  2994 ;;                  1    wreg      void 
  2995 ;; Registers used:
  2996 ;;		wreg, fsr2l, fsr2h, status,2, status,0, pcl, pclath, pclatu, tosl, tblptrl, tblptrh, tblptru, prodl, prodh, cstack
  2997 ;; Tracked objects:
  2998 ;;		On entry : 0/0
  2999 ;;		On exit  : 0/0
  3000 ;;		Unchanged: 0/0
  3001 ;; Data sizes:     COMRAM   BANK0   BANK1   BANK2   BANK3   BANK4   BANK5   BANK6   BANK7   BANK8   BANK9  BANK10  BANK1
      +1  BANK12  BANK13  BANK14  BANK15
  3002 ;;      Params:         0       0       0       0       0       0       0       0       0       0       0       0       
      +0       0       0       0       0
  3003 ;;      Locals:         0       0       0       0       0       0       0       0       0       0       0       0       
      +0       0       0       0       0
  3004 ;;      Temps:         10       0       0       0       0       0       0       0       0       0       0       0       
      +0       0       0       0       0
  3005 ;;      Totals:        10       0       0       0       0       0       0       0       0       0       0       0       
      +0       0       0       0       0
  3006 ;;Total ram usage:       10 bytes
  3007 ;; Hardware stack levels used: 1
  3008 ;; Hardware stack levels required when called: 6
  3009 ;; This function calls:
  3010 ;;		Absolute function
  3011 ;;		_I2C_MasterIsr
  3012 ;; This function is called by:
  3013 ;;		Interrupt level 2
  3014 ;; This function uses a non-reentrant model
  3015 ;;
  3016                           
  3017                           	psect	intcode
  3018   000008                     __pintcode:
  3019                           	callstack 0
  3020   000008                     _INTERRUPT_InterruptManager:
  3021                           	callstack 19
  3022                           
  3023                           ;incstack = 0
  3024   000008  824D               	bsf	int$flags,1,c	;set compiler interrupt flag (level 2)
  3025   00000A  CFFA F03F          	movff	pclath,??_INTERRUPT_InterruptManager
  3026   00000E  CFFB F040          	movff	pclatu,??_INTERRUPT_InterruptManager+1
  3027   000012  CFD9 F041          	movff	fsr2l,??_INTERRUPT_InterruptManager+2
  3028   000016  CFDA F042          	movff	fsr2h,??_INTERRUPT_InterruptManager+3
  3029   00001A  CFF3 F043          	movff	prodl,??_INTERRUPT_InterruptManager+4
  3030   00001E  CFF4 F044          	movff	prodh,??_INTERRUPT_InterruptManager+5
  3031   000022  CFF6 F045          	movff	tblptrl,??_INTERRUPT_InterruptManager+6
  3032   000026  CFF7 F046          	movff	tblptrh,??_INTERRUPT_InterruptManager+7
  3033   00002A  CFF8 F047          	movff	tblptru,??_INTERRUPT_InterruptManager+8
  3034   00002E  CFF5 F048          	movff	tablat,??_INTERRUPT_InterruptManager+9
  3035   000032                     
  3036                           ;mcc_generated_files/interrupt_manager.c: 61:     if(INTCONbits.PEIE == 1)
  3037   000032  ACF2               	btfss	242,6,c	;volatile
  3038   000034  EF1E  F000         	goto	i2u150_41
  3039   000038  EF20  F000         	goto	i2u150_40
  3040   00003C                     i2u150_41:
  3041   00003C  EF4C  F000         	goto	i2l694
  3042   000040                     i2u150_40:
  3043   000040                     
  3044                           ;mcc_generated_files/interrupt_manager.c: 62:     {;mcc_generated_files/interrupt_manage
      +                          r.c: 63:         if(PIE2bits.BCLIE == 1 && PIR2bits.BCLIF == 1)
  3045   000040  A6A0               	btfss	160,3,c	;volatile
  3046   000042  EF25  F000         	goto	i2u151_41
  3047   000046  EF27  F000         	goto	i2u151_40
  3048   00004A                     i2u151_41:
  3049   00004A  EF3C  F000         	goto	i2l689
  3050   00004E                     i2u151_40:
  3051   00004E  A6A1               	btfss	161,3,c	;volatile
  3052   000050  EF2C  F000         	goto	i2u152_41
  3053   000054  EF2E  F000         	goto	i2u152_40
  3054   000058                     i2u152_41:
  3055   000058  EF3C  F000         	goto	i2l689
  3056   00005C                     i2u152_40:
  3057   00005C                     i2l3622:
  3058                           
  3059                           ;mcc_generated_files/interrupt_manager.c: 64:         {;mcc_generated_files/interrupt_ma
      +                          nager.c: 65:             MSSP_InterruptHandler();
  3060   00005C  D802               	call	i2u153_48
  3061   00005E  EF3A  F000         	goto	i2u153_49
  3062   000062                     i2u153_48:
  3063   000062  0005               	push	
  3064   000064  6EFA               	movwf	pclath,c
  3065   000066  502B               	movf	_MSSP_InterruptHandler^0,w,c
  3066   000068  6EFD               	movwf	tosl,c
  3067   00006A  502C               	movf	(_MSSP_InterruptHandler+1)^0,w,c
  3068   00006C  6EFE               	movwf	tosh,c
  3069   00006E  6AFF               	clrf	tosu,c
  3070   000070  50FA               	movf	pclath,w,c
  3071   000072  0012               	return		;indir
  3072   000074                     i2u153_49:
  3073                           
  3074                           ;mcc_generated_files/interrupt_manager.c: 66:         }
  3075   000074  EF4C  F000         	goto	i2l694
  3076   000078                     i2l689:
  3077   000078  A69D               	btfss	157,3,c	;volatile
  3078   00007A  EF41  F000         	goto	i2u154_41
  3079   00007E  EF43  F000         	goto	i2u154_40
  3080   000082                     i2u154_41:
  3081   000082  EF4C  F000         	goto	i2l690
  3082   000086                     i2u154_40:
  3083   000086  A69E               	btfss	158,3,c	;volatile
  3084   000088  EF48  F000         	goto	i2u155_41
  3085   00008C  EF4A  F000         	goto	i2u155_40
  3086   000090                     i2u155_41:
  3087   000090  EF4C  F000         	goto	i2l690
  3088   000094                     i2u155_40:
  3089   000094  EF2E  F000         	goto	i2l3622
  3090   000098                     i2l690:
  3091   000098                     i2l694:
  3092   000098  C048  FFF5         	movff	??_INTERRUPT_InterruptManager+9,tablat
  3093   00009C  C047  FFF8         	movff	??_INTERRUPT_InterruptManager+8,tblptru
  3094   0000A0  C046  FFF7         	movff	??_INTERRUPT_InterruptManager+7,tblptrh
  3095   0000A4  C045  FFF6         	movff	??_INTERRUPT_InterruptManager+6,tblptrl
  3096   0000A8  C044  FFF4         	movff	??_INTERRUPT_InterruptManager+5,prodh
  3097   0000AC  C043  FFF3         	movff	??_INTERRUPT_InterruptManager+4,prodl
  3098   0000B0  C042  FFDA         	movff	??_INTERRUPT_InterruptManager+3,fsr2h
  3099   0000B4  C041  FFD9         	movff	??_INTERRUPT_InterruptManager+2,fsr2l
  3100   0000B8  C040  FFFB         	movff	??_INTERRUPT_InterruptManager+1,pclatu
  3101   0000BC  C03F  FFFA         	movff	??_INTERRUPT_InterruptManager,pclath
  3102   0000C0  924D               	bcf	int$flags,1,c	;clear compiler interrupt flag (level 2)
  3103   0000C2  0011               	retfie		f
  3104   0000C4                     __end_of_INTERRUPT_InterruptManager:
  3105                           	callstack 0
  3106                           
  3107 ;; *************** function _I2C_MasterIsr *****************
  3108 ;; Defined at:
  3109 ;;		line 318 in file "mcc_generated_files/i2c_master.c"
  3110 ;; Parameters:    Size  Location     Type
  3111 ;;		None
  3112 ;; Auto vars:     Size  Location     Type
  3113 ;;		None
  3114 ;; Return value:  Size  Location     Type
  3115 ;;                  1    wreg      void 
  3116 ;; Registers used:
  3117 ;;		wreg, fsr2l, fsr2h, status,2, status,0, pcl, pclath, pclatu, tosl, tblptrl, tblptrh, tblptru, prodl, prodh, cstack
  3118 ;; Tracked objects:
  3119 ;;		On entry : 0/0
  3120 ;;		On exit  : 0/0
  3121 ;;		Unchanged: 0/0
  3122 ;; Data sizes:     COMRAM   BANK0   BANK1   BANK2   BANK3   BANK4   BANK5   BANK6   BANK7   BANK8   BANK9  BANK10  BANK1
      +1  BANK12  BANK13  BANK14  BANK15
  3123 ;;      Params:         0       0       0       0       0       0       0       0       0       0       0       0       
      +0       0       0       0       0
  3124 ;;      Locals:         0       0       0       0       0       0       0       0       0       0       0       0       
      +0       0       0       0       0
  3125 ;;      Temps:          0       0       0       0       0       0       0       0       0       0       0       0       
      +0       0       0       0       0
  3126 ;;      Totals:         0       0       0       0       0       0       0       0       0       0       0       0       
      +0       0       0       0       0
  3127 ;;Total ram usage:        0 bytes
  3128 ;; Hardware stack levels used: 1
  3129 ;; Hardware stack levels required when called: 5
  3130 ;; This function calls:
  3131 ;;		_I2C_MasterFsm
  3132 ;; This function is called by:
  3133 ;;		_I2C_Open
  3134 ;;		_INTERRUPT_InterruptManager
  3135 ;; This function uses a non-reentrant model
  3136 ;;
  3137                           
  3138                           	psect	text34
  3139   001B36                     __ptext34:
  3140                           	callstack 0
  3141   001B36                     _I2C_MasterIsr:
  3142                           	callstack 19
  3143   001B36                     
  3144                           ;mcc_generated_files/i2c_master.c: 320:     I2C_MasterFsm();
  3145   001B36  EC18  F00B         	call	_I2C_MasterFsm	;wreg free
  3146   001B3A  0012               	return		;funcret
  3147   001B3C                     __end_of_I2C_MasterIsr:
  3148                           	callstack 0
  3149                           
  3150 ;; *************** function _I2C_MasterFsm *****************
  3151 ;; Defined at:
  3152 ;;		line 323 in file "mcc_generated_files/i2c_master.c"
  3153 ;; Parameters:    Size  Location     Type
  3154 ;;		None
  3155 ;; Auto vars:     Size  Location     Type
  3156 ;;		None
  3157 ;; Return value:  Size  Location     Type
  3158 ;;                  1    wreg      void 
  3159 ;; Registers used:
  3160 ;;		wreg, fsr2l, fsr2h, status,2, status,0, pcl, pclath, pclatu, tosl, tblptrl, tblptrh, tblptru, prodl, prodh, cstack
  3161 ;; Tracked objects:
  3162 ;;		On entry : 0/0
  3163 ;;		On exit  : 0/0
  3164 ;;		Unchanged: 0/0
  3165 ;; Data sizes:     COMRAM   BANK0   BANK1   BANK2   BANK3   BANK4   BANK5   BANK6   BANK7   BANK8   BANK9  BANK10  BANK1
      +1  BANK12  BANK13  BANK14  BANK15
  3166 ;;      Params:         0       0       0       0       0       0       0       0       0       0       0       0       
      +0       0       0       0       0
  3167 ;;      Locals:         0       0       0       0       0       0       0       0       0       0       0       0       
      +0       0       0       0       0
  3168 ;;      Temps:          2       0       0       0       0       0       0       0       0       0       0       0       
      +0       0       0       0       0
  3169 ;;      Totals:         2       0       0       0       0       0       0       0       0       0       0       0       
      +0       0       0       0       0
  3170 ;;Total ram usage:        2 bytes
  3171 ;; Hardware stack levels used: 1
  3172 ;; Hardware stack levels required when called: 4
  3173 ;; This function calls:
  3174 ;;		_I2C_DO_ADDRESS_NACK
  3175 ;;		_I2C_DO_IDLE
  3176 ;;		_I2C_DO_RCEN
  3177 ;;		_I2C_DO_RESET
  3178 ;;		_I2C_DO_RX
  3179 ;;		_I2C_DO_RX_ACK
  3180 ;;		_I2C_DO_RX_NACK_RESTART
  3181 ;;		_I2C_DO_RX_NACK_STOP
  3182 ;;		_I2C_DO_SEND_ADR_READ
  3183 ;;		_I2C_DO_SEND_ADR_WRITE
  3184 ;;		_I2C_DO_SEND_RESTART
  3185 ;;		_I2C_DO_SEND_RESTART_READ
  3186 ;;		_I2C_DO_SEND_RESTART_WRITE
  3187 ;;		_I2C_DO_SEND_STOP
  3188 ;;		_I2C_DO_TX
  3189 ;;		_I2C_DO_TX_EMPTY
  3190 ;;		_I2C_MasterIsNack
  3191 ;;		i2_I2C_MasterClearIrq
  3192 ;; This function is called by:
  3193 ;;		_I2C_MasterIsr
  3194 ;; This function uses a non-reentrant model
  3195 ;;
  3196                           
  3197                           	psect	text35
  3198   001630                     __ptext35:
  3199                           	callstack 0
  3200   001630                     _I2C_MasterFsm:
  3201                           	callstack 19
  3202   001630                     
  3203                           ;mcc_generated_files/i2c_master.c: 325:     I2C_MasterClearIrq();
  3204   001630  ECB0  F00D         	call	i2_I2C_MasterClearIrq	;wreg free
  3205   001634                     
  3206                           ;mcc_generated_files/i2c_master.c: 327:     if(I2C_Status.addressNackCheck && I2C_Master
      +                          IsNack())
  3207   001634  A024               	btfss	(_I2C_Status+35)^0,0,c
  3208   001636  EF1F  F00B         	goto	i2u132_41
  3209   00163A  EF21  F00B         	goto	i2u132_40
  3210   00163E                     i2u132_41:
  3211   00163E  EF2D  F00B         	goto	i2l3442
  3212   001642                     i2u132_40:
  3213   001642  EC38  F00D         	call	_I2C_MasterIsNack	;wreg free
  3214   001646  0900               	iorlw	0
  3215   001648  B4D8               	btfsc	status,2,c
  3216   00164A  EF29  F00B         	goto	i2u133_41
  3217   00164E  EF2B  F00B         	goto	i2u133_40
  3218   001652                     i2u133_41:
  3219   001652  EF2D  F00B         	goto	i2l3442
  3220   001656                     i2u133_40:
  3221   001656                     
  3222                           ;mcc_generated_files/i2c_master.c: 328:     {;mcc_generated_files/i2c_master.c: 329:    
      +                               I2C_Status.state = I2C_ADDRESS_NACK;
  3223   001656  0E0F               	movlw	15
  3224   001658  6E22               	movwf	(_I2C_Status+33)^0,c
  3225   00165A                     i2l3442:
  3226                           
  3227                           ;mcc_generated_files/i2c_master.c: 331:     I2C_Status.state = i2c_fsmStateTable[I2C_Sta
      +                          tus.state]();
  3228   00165A  5022               	movf	(_I2C_Status+33)^0,w,c
  3229   00165C  0D02               	mullw	2
  3230   00165E  0E01               	movlw	low _i2c_fsmStateTable
  3231   001660  24F3               	addwf	243,w,c
  3232   001662  6EF6               	movwf	tblptrl,c
  3233   001664  0E10               	movlw	high _i2c_fsmStateTable
  3234   001666  20F4               	addwfc	244,w,c
  3235   001668  6EF7               	movwf	tblptrh,c
  3236   00166A                     	if	1	;There are 3 active tblptr bytes
  3237   00166A  6AF8               	clrf	tblptru,c
  3238   00166C  0E00               	movlw	low (__mediumconst shr (0+16))
  3239   00166E  22F8               	addwfc	tblptru,f,c
  3240   001670                     	endif
  3241   001670  0009               	tblrd		*+
  3242   001672  CFF5 F03D          	movff	tablat,??_I2C_MasterFsm
  3243   001676  0009               	tblrd		*+
  3244   001678  CFF5 F03E          	movff	tablat,??_I2C_MasterFsm+1
  3245   00167C  D802               	call	i2u134_48
  3246   00167E  EF4A  F00B         	goto	i2u134_49
  3247   001682                     i2u134_48:
  3248   001682  0005               	push	
  3249   001684  6EFA               	movwf	pclath,c
  3250   001686  503D               	movf	??_I2C_MasterFsm^0,w,c
  3251   001688  6EFD               	movwf	tosl,c
  3252   00168A  503E               	movf	(??_I2C_MasterFsm+1)^0,w,c
  3253   00168C  6EFE               	movwf	tosh,c
  3254   00168E  6AFF               	clrf	tosu,c
  3255   001690  50FA               	movf	pclath,w,c
  3256   001692  0012               	return		;indir
  3257   001694                     i2u134_49:
  3258   001694  6E22               	movwf	(_I2C_Status+33)^0,c
  3259   001696  0012               	return		;funcret
  3260   001698                     __end_of_I2C_MasterFsm:
  3261                           	callstack 0
  3262                           
  3263 ;; *************** function i2_I2C_MasterClearIrq *****************
  3264 ;; Defined at:
  3265 ;;		line 642 in file "mcc_generated_files/i2c_master.c"
  3266 ;; Parameters:    Size  Location     Type
  3267 ;;		None
  3268 ;; Auto vars:     Size  Location     Type
  3269 ;;		None
  3270 ;; Return value:  Size  Location     Type
  3271 ;;                  1    wreg      void 
  3272 ;; Registers used:
  3273 ;;		None
  3274 ;; Tracked objects:
  3275 ;;		On entry : 0/0
  3276 ;;		On exit  : 0/0
  3277 ;;		Unchanged: 0/0
  3278 ;; Data sizes:     COMRAM   BANK0   BANK1   BANK2   BANK3   BANK4   BANK5   BANK6   BANK7   BANK8   BANK9  BANK10  BANK1
      +1  BANK12  BANK13  BANK14  BANK15
  3279 ;;      Params:         0       0       0       0       0       0       0       0       0       0       0       0       
      +0       0       0       0       0
  3280 ;;      Locals:         0       0       0       0       0       0       0       0       0       0       0       0       
      +0       0       0       0       0
  3281 ;;      Temps:          0       0       0       0       0       0       0       0       0       0       0       0       
      +0       0       0       0       0
  3282 ;;      Totals:         0       0       0       0       0       0       0       0       0       0       0       0       
      +0       0       0       0       0
  3283 ;;Total ram usage:        0 bytes
  3284 ;; Hardware stack levels used: 1
  3285 ;; This function calls:
  3286 ;;		Nothing
  3287 ;; This function is called by:
  3288 ;;		_I2C_MasterFsm
  3289 ;; This function uses a non-reentrant model
  3290 ;;
  3291                           
  3292                           	psect	text36
  3293   001B60                     __ptext36:
  3294                           	callstack 0
  3295   001B60                     i2_I2C_MasterClearIrq:
  3296                           	callstack 22
  3297   001B60                     
  3298                           ;mcc_generated_files/i2c_master.c: 644:     PIR1bits.SSPIF = 0;
  3299   001B60  969E               	bcf	158,3,c	;volatile
  3300   001B62  0012               	return		;funcret
  3301   001B64                     __end_ofi2_I2C_MasterClearIrq:
  3302                           	callstack 0
  3303                           
  3304 ;; *************** function _I2C_DO_ADDRESS_NACK *****************
  3305 ;; Defined at:
  3306 ;;		line 501 in file "mcc_generated_files/i2c_master.c"
  3307 ;; Parameters:    Size  Location     Type
  3308 ;;		None
  3309 ;; Auto vars:     Size  Location     Type
  3310 ;;		None
  3311 ;; Return value:  Size  Location     Type
  3312 ;;                  1    wreg      enum E3118
  3313 ;; Registers used:
  3314 ;;		wreg, fsr2l, fsr2h, status,2, status,0, pcl, pclath, pclatu, tosl, prodl, prodh, cstack
  3315 ;; Tracked objects:
  3316 ;;		On entry : 0/0
  3317 ;;		On exit  : 0/0
  3318 ;;		Unchanged: 0/0
  3319 ;; Data sizes:     COMRAM   BANK0   BANK1   BANK2   BANK3   BANK4   BANK5   BANK6   BANK7   BANK8   BANK9  BANK10  BANK1
      +1  BANK12  BANK13  BANK14  BANK15
  3320 ;;      Params:         0       0       0       0       0       0       0       0       0       0       0       0       
      +0       0       0       0       0
  3321 ;;      Locals:         0       0       0       0       0       0       0       0       0       0       0       0       
      +0       0       0       0       0
  3322 ;;      Temps:          2       0       0       0       0       0       0       0       0       0       0       0       
      +0       0       0       0       0
  3323 ;;      Totals:         2       0       0       0       0       0       0       0       0       0       0       0       
      +0       0       0       0       0
  3324 ;;Total ram usage:        2 bytes
  3325 ;; Hardware stack levels used: 1
  3326 ;; Hardware stack levels required when called: 3
  3327 ;; This function calls:
  3328 ;;		Absolute function
  3329 ;;		_I2C_CallbackReturnReset
  3330 ;;		_I2C_CallbackReturnStop
  3331 ;;		_I2C_DO_SEND_RESTART
  3332 ;;		_I2C_DO_SEND_STOP
  3333 ;;		_rd1RegCompleteHandler
  3334 ;;		_rd2RegCompleteHandler
  3335 ;;		_rdBlkRegCompleteHandler
  3336 ;;		_wr1RegCompleteHandler
  3337 ;;		_wr2RegCompleteHandler
  3338 ;; This function is called by:
  3339 ;;		_I2C_MasterFsm
  3340 ;; This function uses a non-reentrant model
  3341 ;;
  3342                           
  3343                           	psect	text37
  3344   001698                     __ptext37:
  3345                           	callstack 0
  3346   001698                     _I2C_DO_ADDRESS_NACK:
  3347                           	callstack 19
  3348   001698                     
  3349                           ;mcc_generated_files/i2c_master.c: 503:     I2C_Status.addressNackCheck = 0;
  3350   001698  9024               	bcf	(_I2C_Status+35)^0,0,c
  3351   00169A                     
  3352                           ;mcc_generated_files/i2c_master.c: 504:     I2C_Status.error = I2C_FAIL;
  3353   00169A  0E02               	movlw	2
  3354   00169C  6E23               	movwf	(_I2C_Status+34)^0,c
  3355                           
  3356                           ;mcc_generated_files/i2c_master.c: 505:     switch(I2C_Status.callbackTable[I2C_ADDR_NAC
      +                          K](I2C_Status.callbackPayload[I2C_ADDR_NACK]))
  3357   00169E  EF59  F00B         	goto	i2l3366
  3358   0016A2                     i2l3356:
  3359                           
  3360                           ;mcc_generated_files/i2c_master.c: 509:             return I2C_DO_SEND_RESTART();
  3361   0016A2  EC8B  F00D         	call	_I2C_DO_SEND_RESTART	;wreg free
  3362   0016A6  EF7D  F00B         	goto	i2l584
  3363   0016AA                     i2l3360:
  3364                           
  3365                           ;mcc_generated_files/i2c_master.c: 511:             return I2C_DO_SEND_STOP();
  3366   0016AA  EC87  F00D         	call	_I2C_DO_SEND_STOP	;wreg free
  3367   0016AE  EF7D  F00B         	goto	i2l584
  3368   0016B2                     i2l3366:
  3369   0016B2  C011  F039         	movff	_I2C_Status+16,I2C_CallbackReturnReset@funPtr
  3370   0016B6  C012  F03A         	movff	_I2C_Status+17,I2C_CallbackReturnReset@funPtr+1
  3371   0016BA  D802               	call	i2u127_48
  3372   0016BC  EF69  F00B         	goto	i2u127_49
  3373   0016C0                     i2u127_48:
  3374   0016C0  0005               	push	
  3375   0016C2  6EFA               	movwf	pclath,c
  3376   0016C4  5005               	movf	(_I2C_Status+4)^0,w,c
  3377   0016C6  6EFD               	movwf	tosl,c
  3378   0016C8  5006               	movf	(_I2C_Status+5)^0,w,c
  3379   0016CA  6EFE               	movwf	tosh,c
  3380   0016CC  6AFF               	clrf	tosu,c
  3381   0016CE  50FA               	movf	pclath,w,c
  3382   0016D0  0012               	return		;indir
  3383   0016D2                     i2u127_49:
  3384   0016D2  6E3B               	movwf	??_I2C_DO_ADDRESS_NACK^0,c
  3385   0016D4  6A3C               	clrf	(??_I2C_DO_ADDRESS_NACK+1)^0,c
  3386                           
  3387                           ; Switch on 2 bytes has been partitioned into a top level switch of size 1, and 1 sub-sw
      +                          itches
  3388                           ; Switch size 1, requested type "simple"
  3389                           ; Number of cases is 1, Range of values is 0 to 0
  3390                           ; switch strategies available:
  3391                           ; Name         Instructions Cycles
  3392                           ; simple_byte            4     3 (average)
  3393                           ;	Chosen strategy is simple_byte
  3394   0016D6  503C               	movf	(??_I2C_DO_ADDRESS_NACK+1)^0,w,c
  3395   0016D8  0A00               	xorlw	0	; case 0
  3396   0016DA  B4D8               	btfsc	status,2,c
  3397   0016DC  EF72  F00B         	goto	i2l3728
  3398   0016E0  EF55  F00B         	goto	i2l3360
  3399   0016E4                     i2l3728:
  3400                           
  3401                           ; Switch size 1, requested type "simple"
  3402                           ; Number of cases is 2, Range of values is 2 to 3
  3403                           ; switch strategies available:
  3404                           ; Name         Instructions Cycles
  3405                           ; simple_byte            7     4 (average)
  3406                           ;	Chosen strategy is simple_byte
  3407   0016E4  503B               	movf	??_I2C_DO_ADDRESS_NACK^0,w,c
  3408   0016E6  0A02               	xorlw	2	; case 2
  3409   0016E8  B4D8               	btfsc	status,2,c
  3410   0016EA  EF51  F00B         	goto	i2l3356
  3411   0016EE  0A01               	xorlw	1	; case 3
  3412   0016F0  B4D8               	btfsc	status,2,c
  3413   0016F2  EF51  F00B         	goto	i2l3356
  3414   0016F6  EF55  F00B         	goto	i2l3360
  3415   0016FA                     i2l584:
  3416   0016FA  0012               	return		;funcret
  3417   0016FC                     __end_of_I2C_DO_ADDRESS_NACK:
  3418                           	callstack 0
  3419                           
  3420 ;; *************** function _I2C_DO_RESET *****************
  3421 ;; Defined at:
  3422 ;;		line 495 in file "mcc_generated_files/i2c_master.c"
  3423 ;; Parameters:    Size  Location     Type
  3424 ;;		None
  3425 ;; Auto vars:     Size  Location     Type
  3426 ;;		None
  3427 ;; Return value:  Size  Location     Type
  3428 ;;                  1    wreg      enum E3118
  3429 ;; Registers used:
  3430 ;;		wreg, status,2
  3431 ;; Tracked objects:
  3432 ;;		On entry : 0/0
  3433 ;;		On exit  : 0/0
  3434 ;;		Unchanged: 0/0
  3435 ;; Data sizes:     COMRAM   BANK0   BANK1   BANK2   BANK3   BANK4   BANK5   BANK6   BANK7   BANK8   BANK9  BANK10  BANK1
      +1  BANK12  BANK13  BANK14  BANK15
  3436 ;;      Params:         0       0       0       0       0       0       0       0       0       0       0       0       
      +0       0       0       0       0
  3437 ;;      Locals:         0       0       0       0       0       0       0       0       0       0       0       0       
      +0       0       0       0       0
  3438 ;;      Temps:          0       0       0       0       0       0       0       0       0       0       0       0       
      +0       0       0       0       0
  3439 ;;      Totals:         0       0       0       0       0       0       0       0       0       0       0       0       
      +0       0       0       0       0
  3440 ;;Total ram usage:        0 bytes
  3441 ;; Hardware stack levels used: 1
  3442 ;; This function calls:
  3443 ;;		Nothing
  3444 ;; This function is called by:
  3445 ;;		_I2C_MasterFsm
  3446 ;; This function uses a non-reentrant model
  3447 ;;
  3448                           
  3449                           	psect	text38
  3450   001AD0                     __ptext38:
  3451                           	callstack 0
  3452   001AD0                     _I2C_DO_RESET:
  3453                           	callstack 22
  3454   001AD0                     
  3455                           ;mcc_generated_files/i2c_master.c: 497:     I2C_Status.busy = 0;
  3456   001AD0  9224               	bcf	(_I2C_Status+35)^0,1,c
  3457   001AD2                     
  3458                           ;mcc_generated_files/i2c_master.c: 498:     I2C_Status.error = I2C_NOERR;
  3459   001AD2  0E00               	movlw	0
  3460   001AD4  6E23               	movwf	(_I2C_Status+34)^0,c
  3461   001AD6                     
  3462                           ;mcc_generated_files/i2c_master.c: 499:     return I2C_RESET;
  3463   001AD6  0E0E               	movlw	14
  3464   001AD8  0012               	return		;funcret
  3465   001ADA                     __end_of_I2C_DO_RESET:
  3466                           	callstack 0
  3467                           
  3468 ;; *************** function _I2C_DO_RX_NACK_RESTART *****************
  3469 ;; Defined at:
  3470 ;;		line 489 in file "mcc_generated_files/i2c_master.c"
  3471 ;; Parameters:    Size  Location     Type
  3472 ;;		None
  3473 ;; Auto vars:     Size  Location     Type
  3474 ;;		None
  3475 ;; Return value:  Size  Location     Type
  3476 ;;                  1    wreg      enum E3118
  3477 ;; Registers used:
  3478 ;;		wreg, cstack
  3479 ;; Tracked objects:
  3480 ;;		On entry : 0/0
  3481 ;;		On exit  : 0/0
  3482 ;;		Unchanged: 0/0
  3483 ;; Data sizes:     COMRAM   BANK0   BANK1   BANK2   BANK3   BANK4   BANK5   BANK6   BANK7   BANK8   BANK9  BANK10  BANK1
      +1  BANK12  BANK13  BANK14  BANK15
  3484 ;;      Params:         0       0       0       0       0       0       0       0       0       0       0       0       
      +0       0       0       0       0
  3485 ;;      Locals:         0       0       0       0       0       0       0       0       0       0       0       0       
      +0       0       0       0       0
  3486 ;;      Temps:          0       0       0       0       0       0       0       0       0       0       0       0       
      +0       0       0       0       0
  3487 ;;      Totals:         0       0       0       0       0       0       0       0       0       0       0       0       
      +0       0       0       0       0
  3488 ;;Total ram usage:        0 bytes
  3489 ;; Hardware stack levels used: 1
  3490 ;; Hardware stack levels required when called: 1
  3491 ;; This function calls:
  3492 ;;		_I2C_MasterSendNack
  3493 ;; This function is called by:
  3494 ;;		_I2C_DO_RX
  3495 ;;		_I2C_MasterFsm
  3496 ;; This function uses a non-reentrant model
  3497 ;;
  3498                           
  3499                           	psect	text39
  3500   001AF6                     __ptext39:
  3501                           	callstack 0
  3502   001AF6                     _I2C_DO_RX_NACK_RESTART:
  3503                           	callstack 21
  3504   001AF6                     
  3505                           ;mcc_generated_files/i2c_master.c: 491:     I2C_MasterSendNack();
  3506   001AF6  ECA1  F00D         	call	_I2C_MasterSendNack	;wreg free
  3507   001AFA                     
  3508                           ;mcc_generated_files/i2c_master.c: 492:     return I2C_SEND_RESTART;
  3509   001AFA  0E09               	movlw	9
  3510   001AFC  0012               	return		;funcret
  3511   001AFE                     __end_of_I2C_DO_RX_NACK_RESTART:
  3512                           	callstack 0
  3513                           
  3514 ;; *************** function _I2C_DO_RX_NACK_STOP *****************
  3515 ;; Defined at:
  3516 ;;		line 483 in file "mcc_generated_files/i2c_master.c"
  3517 ;; Parameters:    Size  Location     Type
  3518 ;;		None
  3519 ;; Auto vars:     Size  Location     Type
  3520 ;;		None
  3521 ;; Return value:  Size  Location     Type
  3522 ;;                  1    wreg      enum E3118
  3523 ;; Registers used:
  3524 ;;		wreg, cstack
  3525 ;; Tracked objects:
  3526 ;;		On entry : 0/0
  3527 ;;		On exit  : 0/0
  3528 ;;		Unchanged: 0/0
  3529 ;; Data sizes:     COMRAM   BANK0   BANK1   BANK2   BANK3   BANK4   BANK5   BANK6   BANK7   BANK8   BANK9  BANK10  BANK1
      +1  BANK12  BANK13  BANK14  BANK15
  3530 ;;      Params:         0       0       0       0       0       0       0       0       0       0       0       0       
      +0       0       0       0       0
  3531 ;;      Locals:         0       0       0       0       0       0       0       0       0       0       0       0       
      +0       0       0       0       0
  3532 ;;      Temps:          0       0       0       0       0       0       0       0       0       0       0       0       
      +0       0       0       0       0
  3533 ;;      Totals:         0       0       0       0       0       0       0       0       0       0       0       0       
      +0       0       0       0       0
  3534 ;;Total ram usage:        0 bytes
  3535 ;; Hardware stack levels used: 1
  3536 ;; Hardware stack levels required when called: 1
  3537 ;; This function calls:
  3538 ;;		_I2C_MasterSendNack
  3539 ;; This function is called by:
  3540 ;;		_I2C_DO_RX
  3541 ;;		_I2C_MasterFsm
  3542 ;; This function uses a non-reentrant model
  3543 ;;
  3544                           
  3545                           	psect	text40
  3546   001AFE                     __ptext40:
  3547                           	callstack 0
  3548   001AFE                     _I2C_DO_RX_NACK_STOP:
  3549                           	callstack 21
  3550   001AFE                     
  3551                           ;mcc_generated_files/i2c_master.c: 485:     I2C_MasterSendNack();
  3552   001AFE  ECA1  F00D         	call	_I2C_MasterSendNack	;wreg free
  3553   001B02                     
  3554                           ;mcc_generated_files/i2c_master.c: 486:     return I2C_SEND_STOP;
  3555   001B02  0E0A               	movlw	10
  3556   001B04  0012               	return		;funcret
  3557   001B06                     __end_of_I2C_DO_RX_NACK_STOP:
  3558                           	callstack 0
  3559                           
  3560 ;; *************** function _I2C_DO_RX_ACK *****************
  3561 ;; Defined at:
  3562 ;;		line 476 in file "mcc_generated_files/i2c_master.c"
  3563 ;; Parameters:    Size  Location     Type
  3564 ;;		None
  3565 ;; Auto vars:     Size  Location     Type
  3566 ;;		None
  3567 ;; Return value:  Size  Location     Type
  3568 ;;                  1    wreg      enum E3118
  3569 ;; Registers used:
  3570 ;;		wreg, cstack
  3571 ;; Tracked objects:
  3572 ;;		On entry : 0/0
  3573 ;;		On exit  : 0/0
  3574 ;;		Unchanged: 0/0
  3575 ;; Data sizes:     COMRAM   BANK0   BANK1   BANK2   BANK3   BANK4   BANK5   BANK6   BANK7   BANK8   BANK9  BANK10  BANK1
      +1  BANK12  BANK13  BANK14  BANK15
  3576 ;;      Params:         0       0       0       0       0       0       0       0       0       0       0       0       
      +0       0       0       0       0
  3577 ;;      Locals:         0       0       0       0       0       0       0       0       0       0       0       0       
      +0       0       0       0       0
  3578 ;;      Temps:          0       0       0       0       0       0       0       0       0       0       0       0       
      +0       0       0       0       0
  3579 ;;      Totals:         0       0       0       0       0       0       0       0       0       0       0       0       
      +0       0       0       0       0
  3580 ;;Total ram usage:        0 bytes
  3581 ;; Hardware stack levels used: 1
  3582 ;; Hardware stack levels required when called: 1
  3583 ;; This function calls:
  3584 ;;		_I2C_MasterSendAck
  3585 ;; This function is called by:
  3586 ;;		_I2C_MasterFsm
  3587 ;; This function uses a non-reentrant model
  3588 ;;
  3589                           
  3590                           	psect	text41
  3591   001B06                     __ptext41:
  3592                           	callstack 0
  3593   001B06                     _I2C_DO_RX_ACK:
  3594                           	callstack 21
  3595   001B06                     
  3596                           ;mcc_generated_files/i2c_master.c: 478:     I2C_MasterSendAck();
  3597   001B06  EC9E  F00D         	call	_I2C_MasterSendAck	;wreg free
  3598   001B0A                     
  3599                           ;mcc_generated_files/i2c_master.c: 479:     return I2C_RCEN;
  3600   001B0A  0E05               	movlw	5
  3601   001B0C  0012               	return		;funcret
  3602   001B0E                     __end_of_I2C_DO_RX_ACK:
  3603                           	callstack 0
  3604                           
  3605 ;; *************** function _I2C_DO_SEND_STOP *****************
  3606 ;; Defined at:
  3607 ;;		line 470 in file "mcc_generated_files/i2c_master.c"
  3608 ;; Parameters:    Size  Location     Type
  3609 ;;		None
  3610 ;; Auto vars:     Size  Location     Type
  3611 ;;		None
  3612 ;; Return value:  Size  Location     Type
  3613 ;;                  1    wreg      enum E3118
  3614 ;; Registers used:
  3615 ;;		wreg, cstack
  3616 ;; Tracked objects:
  3617 ;;		On entry : 0/0
  3618 ;;		On exit  : 0/0
  3619 ;;		Unchanged: 0/0
  3620 ;; Data sizes:     COMRAM   BANK0   BANK1   BANK2   BANK3   BANK4   BANK5   BANK6   BANK7   BANK8   BANK9  BANK10  BANK1
      +1  BANK12  BANK13  BANK14  BANK15
  3621 ;;      Params:         0       0       0       0       0       0       0       0       0       0       0       0       
      +0       0       0       0       0
  3622 ;;      Locals:         0       0       0       0       0       0       0       0       0       0       0       0       
      +0       0       0       0       0
  3623 ;;      Temps:          0       0       0       0       0       0       0       0       0       0       0       0       
      +0       0       0       0       0
  3624 ;;      Totals:         0       0       0       0       0       0       0       0       0       0       0       0       
      +0       0       0       0       0
  3625 ;;Total ram usage:        0 bytes
  3626 ;; Hardware stack levels used: 1
  3627 ;; Hardware stack levels required when called: 1
  3628 ;; This function calls:
  3629 ;;		_I2C_MasterStop
  3630 ;; This function is called by:
  3631 ;;		_I2C_DO_TX
  3632 ;;		_I2C_DO_TX_EMPTY
  3633 ;;		_I2C_DO_ADDRESS_NACK
  3634 ;;		_I2C_MasterFsm
  3635 ;; This function uses a non-reentrant model
  3636 ;;
  3637                           
  3638                           	psect	text42
  3639   001B0E                     __ptext42:
  3640                           	callstack 0
  3641   001B0E                     _I2C_DO_SEND_STOP:
  3642                           	callstack 20
  3643   001B0E                     
  3644                           ;mcc_generated_files/i2c_master.c: 472:     I2C_MasterStop();
  3645   001B0E  ECBC  F00D         	call	_I2C_MasterStop	;wreg free
  3646   001B12                     
  3647                           ;mcc_generated_files/i2c_master.c: 473:     return I2C_IDLE;
  3648   001B12  0E00               	movlw	0
  3649   001B14  0012               	return		;funcret
  3650   001B16                     __end_of_I2C_DO_SEND_STOP:
  3651                           	callstack 0
  3652                           
  3653 ;; *************** function _I2C_DO_SEND_RESTART *****************
  3654 ;; Defined at:
  3655 ;;		line 464 in file "mcc_generated_files/i2c_master.c"
  3656 ;; Parameters:    Size  Location     Type
  3657 ;;		None
  3658 ;; Auto vars:     Size  Location     Type
  3659 ;;		None
  3660 ;; Return value:  Size  Location     Type
  3661 ;;                  1    wreg      enum E3118
  3662 ;; Registers used:
  3663 ;;		wreg, cstack
  3664 ;; Tracked objects:
  3665 ;;		On entry : 0/0
  3666 ;;		On exit  : 0/0
  3667 ;;		Unchanged: 0/0
  3668 ;; Data sizes:     COMRAM   BANK0   BANK1   BANK2   BANK3   BANK4   BANK5   BANK6   BANK7   BANK8   BANK9  BANK10  BANK1
      +1  BANK12  BANK13  BANK14  BANK15
  3669 ;;      Params:         0       0       0       0       0       0       0       0       0       0       0       0       
      +0       0       0       0       0
  3670 ;;      Locals:         0       0       0       0       0       0       0       0       0       0       0       0       
      +0       0       0       0       0
  3671 ;;      Temps:          0       0       0       0       0       0       0       0       0       0       0       0       
      +0       0       0       0       0
  3672 ;;      Totals:         0       0       0       0       0       0       0       0       0       0       0       0       
      +0       0       0       0       0
  3673 ;;Total ram usage:        0 bytes
  3674 ;; Hardware stack levels used: 1
  3675 ;; Hardware stack levels required when called: 1
  3676 ;; This function calls:
  3677 ;;		_I2C_MasterEnableRestart
  3678 ;; This function is called by:
  3679 ;;		_I2C_DO_TX_EMPTY
  3680 ;;		_I2C_DO_ADDRESS_NACK
  3681 ;;		_I2C_MasterFsm
  3682 ;; This function uses a non-reentrant model
  3683 ;;
  3684                           
  3685                           	psect	text43
  3686   001B16                     __ptext43:
  3687                           	callstack 0
  3688   001B16                     _I2C_DO_SEND_RESTART:
  3689                           	callstack 20
  3690   001B16                     
  3691                           ;mcc_generated_files/i2c_master.c: 466:     I2C_MasterEnableRestart();
  3692   001B16  ECBE  F00D         	call	_I2C_MasterEnableRestart	;wreg free
  3693   001B1A                     
  3694                           ;mcc_generated_files/i2c_master.c: 467:     return I2C_SEND_ADR_READ;
  3695   001B1A  0E01               	movlw	1
  3696   001B1C  0012               	return		;funcret
  3697   001B1E                     __end_of_I2C_DO_SEND_RESTART:
  3698                           	callstack 0
  3699                           
  3700 ;; *************** function _I2C_DO_SEND_RESTART_WRITE *****************
  3701 ;; Defined at:
  3702 ;;		line 457 in file "mcc_generated_files/i2c_master.c"
  3703 ;; Parameters:    Size  Location     Type
  3704 ;;		None
  3705 ;; Auto vars:     Size  Location     Type
  3706 ;;		None
  3707 ;; Return value:  Size  Location     Type
  3708 ;;                  1    wreg      enum E3118
  3709 ;; Registers used:
  3710 ;;		wreg, cstack
  3711 ;; Tracked objects:
  3712 ;;		On entry : 0/0
  3713 ;;		On exit  : 0/0
  3714 ;;		Unchanged: 0/0
  3715 ;; Data sizes:     COMRAM   BANK0   BANK1   BANK2   BANK3   BANK4   BANK5   BANK6   BANK7   BANK8   BANK9  BANK10  BANK1
      +1  BANK12  BANK13  BANK14  BANK15
  3716 ;;      Params:         0       0       0       0       0       0       0       0       0       0       0       0       
      +0       0       0       0       0
  3717 ;;      Locals:         0       0       0       0       0       0       0       0       0       0       0       0       
      +0       0       0       0       0
  3718 ;;      Temps:          0       0       0       0       0       0       0       0       0       0       0       0       
      +0       0       0       0       0
  3719 ;;      Totals:         0       0       0       0       0       0       0       0       0       0       0       0       
      +0       0       0       0       0
  3720 ;;Total ram usage:        0 bytes
  3721 ;; Hardware stack levels used: 1
  3722 ;; Hardware stack levels required when called: 1
  3723 ;; This function calls:
  3724 ;;		_I2C_MasterEnableRestart
  3725 ;; This function is called by:
  3726 ;;		_I2C_DO_TX
  3727 ;;		_I2C_MasterFsm
  3728 ;; This function uses a non-reentrant model
  3729 ;;
  3730                           
  3731                           	psect	text44
  3732   001B1E                     __ptext44:
  3733                           	callstack 0
  3734   001B1E                     _I2C_DO_SEND_RESTART_WRITE:
  3735                           	callstack 20
  3736   001B1E                     
  3737                           ;mcc_generated_files/i2c_master.c: 459:     I2C_MasterEnableRestart();
  3738   001B1E  ECBE  F00D         	call	_I2C_MasterEnableRestart	;wreg free
  3739   001B22                     
  3740                           ;mcc_generated_files/i2c_master.c: 460:     return I2C_SEND_ADR_WRITE;
  3741   001B22  0E02               	movlw	2
  3742   001B24  0012               	return		;funcret
  3743   001B26                     __end_of_I2C_DO_SEND_RESTART_WRITE:
  3744                           	callstack 0
  3745                           
  3746 ;; *************** function _I2C_DO_SEND_RESTART_READ *****************
  3747 ;; Defined at:
  3748 ;;		line 451 in file "mcc_generated_files/i2c_master.c"
  3749 ;; Parameters:    Size  Location     Type
  3750 ;;		None
  3751 ;; Auto vars:     Size  Location     Type
  3752 ;;		None
  3753 ;; Return value:  Size  Location     Type
  3754 ;;                  1    wreg      enum E3118
  3755 ;; Registers used:
  3756 ;;		wreg, cstack
  3757 ;; Tracked objects:
  3758 ;;		On entry : 0/0
  3759 ;;		On exit  : 0/0
  3760 ;;		Unchanged: 0/0
  3761 ;; Data sizes:     COMRAM   BANK0   BANK1   BANK2   BANK3   BANK4   BANK5   BANK6   BANK7   BANK8   BANK9  BANK10  BANK1
      +1  BANK12  BANK13  BANK14  BANK15
  3762 ;;      Params:         0       0       0       0       0       0       0       0       0       0       0       0       
      +0       0       0       0       0
  3763 ;;      Locals:         0       0       0       0       0       0       0       0       0       0       0       0       
      +0       0       0       0       0
  3764 ;;      Temps:          0       0       0       0       0       0       0       0       0       0       0       0       
      +0       0       0       0       0
  3765 ;;      Totals:         0       0       0       0       0       0       0       0       0       0       0       0       
      +0       0       0       0       0
  3766 ;;Total ram usage:        0 bytes
  3767 ;; Hardware stack levels used: 1
  3768 ;; Hardware stack levels required when called: 1
  3769 ;; This function calls:
  3770 ;;		_I2C_MasterEnableRestart
  3771 ;; This function is called by:
  3772 ;;		_I2C_DO_TX
  3773 ;;		_I2C_MasterFsm
  3774 ;; This function uses a non-reentrant model
  3775 ;;
  3776                           
  3777                           	psect	text45
  3778   001B26                     __ptext45:
  3779                           	callstack 0
  3780   001B26                     _I2C_DO_SEND_RESTART_READ:
  3781                           	callstack 20
  3782   001B26                     
  3783                           ;mcc_generated_files/i2c_master.c: 453:     I2C_MasterEnableRestart();
  3784   001B26  ECBE  F00D         	call	_I2C_MasterEnableRestart	;wreg free
  3785   001B2A                     
  3786                           ;mcc_generated_files/i2c_master.c: 454:     return I2C_SEND_ADR_READ;
  3787   001B2A  0E01               	movlw	1
  3788   001B2C  0012               	return		;funcret
  3789   001B2E                     __end_of_I2C_DO_SEND_RESTART_READ:
  3790                           	callstack 0
  3791                           
  3792 ;; *************** function _I2C_DO_RCEN *****************
  3793 ;; Defined at:
  3794 ;;		line 404 in file "mcc_generated_files/i2c_master.c"
  3795 ;; Parameters:    Size  Location     Type
  3796 ;;		None
  3797 ;; Auto vars:     Size  Location     Type
  3798 ;;		None
  3799 ;; Return value:  Size  Location     Type
  3800 ;;                  1    wreg      enum E3118
  3801 ;; Registers used:
  3802 ;;		wreg, cstack
  3803 ;; Tracked objects:
  3804 ;;		On entry : 0/0
  3805 ;;		On exit  : 0/0
  3806 ;;		Unchanged: 0/0
  3807 ;; Data sizes:     COMRAM   BANK0   BANK1   BANK2   BANK3   BANK4   BANK5   BANK6   BANK7   BANK8   BANK9  BANK10  BANK1
      +1  BANK12  BANK13  BANK14  BANK15
  3808 ;;      Params:         0       0       0       0       0       0       0       0       0       0       0       0       
      +0       0       0       0       0
  3809 ;;      Locals:         0       0       0       0       0       0       0       0       0       0       0       0       
      +0       0       0       0       0
  3810 ;;      Temps:          0       0       0       0       0       0       0       0       0       0       0       0       
      +0       0       0       0       0
  3811 ;;      Totals:         0       0       0       0       0       0       0       0       0       0       0       0       
      +0       0       0       0       0
  3812 ;;Total ram usage:        0 bytes
  3813 ;; Hardware stack levels used: 1
  3814 ;; Hardware stack levels required when called: 1
  3815 ;; This function calls:
  3816 ;;		_I2C_MasterStartRx
  3817 ;; This function is called by:
  3818 ;;		_I2C_MasterFsm
  3819 ;; This function uses a non-reentrant model
  3820 ;;
  3821                           
  3822                           	psect	text46
  3823   001ADA                     __ptext46:
  3824                           	callstack 0
  3825   001ADA                     _I2C_DO_RCEN:
  3826                           	callstack 21
  3827   001ADA                     
  3828                           ;mcc_generated_files/i2c_master.c: 406:     I2C_Status.addressNackCheck = 0;
  3829   001ADA  9024               	bcf	(_I2C_Status+35)^0,0,c
  3830   001ADC                     
  3831                           ;mcc_generated_files/i2c_master.c: 407:     I2C_MasterStartRx();
  3832   001ADC  ECB6  F00D         	call	_I2C_MasterStartRx	;wreg free
  3833   001AE0                     
  3834                           ;mcc_generated_files/i2c_master.c: 408:     return I2C_RX;
  3835   001AE0  0E04               	movlw	4
  3836   001AE2  0012               	return		;funcret
  3837   001AE4                     __end_of_I2C_DO_RCEN:
  3838                           	callstack 0
  3839                           
  3840 ;; *************** function _I2C_DO_RX *****************
  3841 ;; Defined at:
  3842 ;;		line 380 in file "mcc_generated_files/i2c_master.c"
  3843 ;; Parameters:    Size  Location     Type
  3844 ;;		None
  3845 ;; Auto vars:     Size  Location     Type
  3846 ;;		None
  3847 ;; Return value:  Size  Location     Type
  3848 ;;                  1    wreg      enum E3118
  3849 ;; Registers used:
  3850 ;;		wreg, fsr2l, fsr2h, status,2, status,0, pcl, pclath, pclatu, tosl, prodl, prodh, cstack
  3851 ;; Tracked objects:
  3852 ;;		On entry : 0/0
  3853 ;;		On exit  : 0/0
  3854 ;;		Unchanged: 0/0
  3855 ;; Data sizes:     COMRAM   BANK0   BANK1   BANK2   BANK3   BANK4   BANK5   BANK6   BANK7   BANK8   BANK9  BANK10  BANK1
      +1  BANK12  BANK13  BANK14  BANK15
  3856 ;;      Params:         0       0       0       0       0       0       0       0       0       0       0       0       
      +0       0       0       0       0
  3857 ;;      Locals:         0       0       0       0       0       0       0       0       0       0       0       0       
      +0       0       0       0       0
  3858 ;;      Temps:          2       0       0       0       0       0       0       0       0       0       0       0       
      +0       0       0       0       0
  3859 ;;      Totals:         2       0       0       0       0       0       0       0       0       0       0       0       
      +0       0       0       0       0
  3860 ;;Total ram usage:        2 bytes
  3861 ;; Hardware stack levels used: 1
  3862 ;; Hardware stack levels required when called: 3
  3863 ;; This function calls:
  3864 ;;		Absolute function
  3865 ;;		_I2C_CallbackReturnReset
  3866 ;;		_I2C_CallbackReturnStop
  3867 ;;		_I2C_DO_RX_NACK_RESTART
  3868 ;;		_I2C_DO_RX_NACK_STOP
  3869 ;;		_I2C_MasterGetRxData
  3870 ;;		_I2C_MasterSendAck
  3871 ;;		_rd1RegCompleteHandler
  3872 ;;		_rd2RegCompleteHandler
  3873 ;;		_rdBlkRegCompleteHandler
  3874 ;;		_wr1RegCompleteHandler
  3875 ;;		_wr2RegCompleteHandler
  3876 ;; This function is called by:
  3877 ;;		_I2C_MasterFsm
  3878 ;; This function uses a non-reentrant model
  3879 ;;
  3880                           
  3881                           	psect	text47
  3882   00119E                     __ptext47:
  3883                           	callstack 0
  3884   00119E                     _I2C_DO_RX:
  3885                           	callstack 19
  3886   00119E                     
  3887                           ;mcc_generated_files/i2c_master.c: 382:     *I2C_Status.data_ptr++ = I2C_MasterGetRxData
      +                          ();
  3888   00119E  ECB4  F00D         	call	_I2C_MasterGetRxData	;wreg free
  3889   0011A2  C01E  FFD9         	movff	_I2C_Status+29,fsr2l
  3890   0011A6  C01F  FFDA         	movff	_I2C_Status+30,fsr2h
  3891   0011AA  6EDF               	movwf	indf2,c
  3892   0011AC  4A1E               	infsnz	(_I2C_Status+29)^0,f,c
  3893   0011AE  2A1F               	incf	(_I2C_Status+30)^0,f,c
  3894   0011B0                     
  3895                           ;mcc_generated_files/i2c_master.c: 383:     if(--I2C_Status.data_length)
  3896   0011B0  0620               	decf	(_I2C_Status+31)^0,f,c
  3897   0011B2  A0D8               	btfss	status,0,c
  3898   0011B4  0621               	decf	(_I2C_Status+32)^0,f,c
  3899   0011B6  5020               	movf	(_I2C_Status+31)^0,w,c
  3900   0011B8  1021               	iorwf	(_I2C_Status+32)^0,w,c
  3901   0011BA  B4D8               	btfsc	status,2,c
  3902   0011BC  EFE2  F008         	goto	i2u124_41
  3903   0011C0  EFE4  F008         	goto	i2u124_40
  3904   0011C4                     i2u124_41:
  3905   0011C4  EFE9  F008         	goto	i2l521
  3906   0011C8                     i2u124_40:
  3907   0011C8                     
  3908                           ;mcc_generated_files/i2c_master.c: 384:     {;mcc_generated_files/i2c_master.c: 385:    
      +                               I2C_MasterSendAck();
  3909   0011C8  EC9E  F00D         	call	_I2C_MasterSendAck	;wreg free
  3910   0011CC                     
  3911                           ;mcc_generated_files/i2c_master.c: 386:         return I2C_RCEN;
  3912   0011CC  0E05               	movlw	5
  3913   0011CE  EF20  F009         	goto	i2l522
  3914   0011D2                     i2l521:
  3915                           
  3916                           ;mcc_generated_files/i2c_master.c: 389:     {;mcc_generated_files/i2c_master.c: 390:    
      +                               I2C_Status.bufferFree = 1;
  3917   0011D2  8624               	bsf	(_I2C_Status+35)^0,3,c
  3918                           
  3919                           ;mcc_generated_files/i2c_master.c: 391:         switch(I2C_Status.callbackTable[I2C_DATA
      +                          _COMPLETE](I2C_Status.callbackPayload[I2C_DATA_COMPLETE]))
  3920   0011D4  EFF4  F008         	goto	i2l3316
  3921   0011D8                     i2l3306:
  3922                           
  3923                           ;mcc_generated_files/i2c_master.c: 395:                 return I2C_DO_RX_NACK_RESTART();
  3924   0011D8  EC7B  F00D         	call	_I2C_DO_RX_NACK_RESTART	;wreg free
  3925   0011DC  EF20  F009         	goto	i2l522
  3926   0011E0                     i2l3310:
  3927                           
  3928                           ;mcc_generated_files/i2c_master.c: 399:                 return I2C_DO_RX_NACK_STOP();
  3929   0011E0  EC7F  F00D         	call	_I2C_DO_RX_NACK_STOP	;wreg free
  3930   0011E4  EF20  F009         	goto	i2l522
  3931   0011E8                     i2l3316:
  3932   0011E8  C00D  F039         	movff	_I2C_Status+12,I2C_CallbackReturnReset@funPtr
  3933   0011EC  C00E  F03A         	movff	_I2C_Status+13,I2C_CallbackReturnReset@funPtr+1
  3934   0011F0  D802               	call	i2u125_48
  3935   0011F2  EF04  F009         	goto	i2u125_49
  3936   0011F6                     i2u125_48:
  3937   0011F6  0005               	push	
  3938   0011F8  6EFA               	movwf	pclath,c
  3939   0011FA  5001               	movf	_I2C_Status^0,w,c
  3940   0011FC  6EFD               	movwf	tosl,c
  3941   0011FE  5002               	movf	(_I2C_Status+1)^0,w,c
  3942   001200  6EFE               	movwf	tosh,c
  3943   001202  6AFF               	clrf	tosu,c
  3944   001204  50FA               	movf	pclath,w,c
  3945   001206  0012               	return		;indir
  3946   001208                     i2u125_49:
  3947   001208  6E3B               	movwf	??_I2C_DO_RX^0,c
  3948   00120A  6A3C               	clrf	(??_I2C_DO_RX+1)^0,c
  3949                           
  3950                           ; Switch on 2 bytes has been partitioned into a top level switch of size 1, and 1 sub-sw
      +                          itches
  3951                           ; Switch size 1, requested type "simple"
  3952                           ; Number of cases is 1, Range of values is 0 to 0
  3953                           ; switch strategies available:
  3954                           ; Name         Instructions Cycles
  3955                           ; simple_byte            4     3 (average)
  3956                           ;	Chosen strategy is simple_byte
  3957   00120C  503C               	movf	(??_I2C_DO_RX+1)^0,w,c
  3958   00120E  0A00               	xorlw	0	; case 0
  3959   001210  B4D8               	btfsc	status,2,c
  3960   001212  EF0D  F009         	goto	i2l3730
  3961   001216  EFF0  F008         	goto	i2l3310
  3962   00121A                     i2l3730:
  3963                           
  3964                           ; Switch size 1, requested type "simple"
  3965                           ; Number of cases is 4, Range of values is 1 to 4
  3966                           ; switch strategies available:
  3967                           ; Name         Instructions Cycles
  3968                           ; simple_byte           13     7 (average)
  3969                           ;	Chosen strategy is simple_byte
  3970   00121A  503B               	movf	??_I2C_DO_RX^0,w,c
  3971   00121C  0A01               	xorlw	1	; case 1
  3972   00121E  B4D8               	btfsc	status,2,c
  3973   001220  EFF0  F008         	goto	i2l3310
  3974   001224  0A03               	xorlw	3	; case 2
  3975   001226  B4D8               	btfsc	status,2,c
  3976   001228  EFEC  F008         	goto	i2l3306
  3977   00122C  0A01               	xorlw	1	; case 3
  3978   00122E  B4D8               	btfsc	status,2,c
  3979   001230  EFEC  F008         	goto	i2l3306
  3980   001234  0A07               	xorlw	7	; case 4
  3981   001236  B4D8               	btfsc	status,2,c
  3982   001238  EFF0  F008         	goto	i2l3310
  3983   00123C  EFF0  F008         	goto	i2l3310
  3984   001240                     i2l522:
  3985   001240  0012               	return		;funcret
  3986   001242                     __end_of_I2C_DO_RX:
  3987                           	callstack 0
  3988                           
  3989 ;; *************** function _I2C_DO_TX *****************
  3990 ;; Defined at:
  3991 ;;		line 356 in file "mcc_generated_files/i2c_master.c"
  3992 ;; Parameters:    Size  Location     Type
  3993 ;;		None
  3994 ;; Auto vars:     Size  Location     Type
  3995 ;;		None
  3996 ;; Return value:  Size  Location     Type
  3997 ;;                  1    wreg      enum E3118
  3998 ;; Registers used:
  3999 ;;		wreg, fsr2l, fsr2h, status,2, status,0, pcl, pclath, pclatu, tosl, prodl, prodh, cstack
  4000 ;; Tracked objects:
  4001 ;;		On entry : 0/0
  4002 ;;		On exit  : 0/0
  4003 ;;		Unchanged: 0/0
  4004 ;; Data sizes:     COMRAM   BANK0   BANK1   BANK2   BANK3   BANK4   BANK5   BANK6   BANK7   BANK8   BANK9  BANK10  BANK1
      +1  BANK12  BANK13  BANK14  BANK15
  4005 ;;      Params:         0       0       0       0       0       0       0       0       0       0       0       0       
      +0       0       0       0       0
  4006 ;;      Locals:         0       0       0       0       0       0       0       0       0       0       0       0       
      +0       0       0       0       0
  4007 ;;      Temps:          2       0       0       0       0       0       0       0       0       0       0       0       
      +0       0       0       0       0
  4008 ;;      Totals:         2       0       0       0       0       0       0       0       0       0       0       0       
      +0       0       0       0       0
  4009 ;;Total ram usage:        2 bytes
  4010 ;; Hardware stack levels used: 1
  4011 ;; Hardware stack levels required when called: 3
  4012 ;; This function calls:
  4013 ;;		Absolute function
  4014 ;;		_I2C_CallbackReturnReset
  4015 ;;		_I2C_CallbackReturnStop
  4016 ;;		_I2C_DO_SEND_RESTART_READ
  4017 ;;		_I2C_DO_SEND_RESTART_WRITE
  4018 ;;		_I2C_DO_SEND_STOP
  4019 ;;		_I2C_MasterIsNack
  4020 ;;		_I2C_MasterSendTxData
  4021 ;;		_rd1RegCompleteHandler
  4022 ;;		_rd2RegCompleteHandler
  4023 ;;		_rdBlkRegCompleteHandler
  4024 ;;		_wr1RegCompleteHandler
  4025 ;;		_wr2RegCompleteHandler
  4026 ;; This function is called by:
  4027 ;;		_I2C_MasterFsm
  4028 ;; This function uses a non-reentrant model
  4029 ;;
  4030                           
  4031                           	psect	text48
  4032   00103A                     __ptext48:
  4033                           	callstack 0
  4034   00103A                     _I2C_DO_TX:
  4035                           	callstack 19
  4036   00103A                     
  4037                           ;mcc_generated_files/i2c_master.c: 358:     if(I2C_MasterIsNack())
  4038   00103A  EC38  F00D         	call	_I2C_MasterIsNack	;wreg free
  4039   00103E  0900               	iorlw	0
  4040   001040  B4D8               	btfsc	status,2,c
  4041   001042  EF25  F008         	goto	i2u121_41
  4042   001046  EF27  F008         	goto	i2u121_40
  4043   00104A                     i2u121_41:
  4044   00104A  EF61  F008         	goto	i2l505
  4045   00104E                     i2u121_40:
  4046   00104E  EF35  F008         	goto	i2l3276
  4047   001052                     i2l3262:
  4048                           
  4049                           ;mcc_generated_files/i2c_master.c: 363:                 return I2C_DO_SEND_RESTART_READ(
      +                          );
  4050   001052  EC93  F00D         	call	_I2C_DO_SEND_RESTART_READ	;wreg free
  4051   001056  EF7B  F008         	goto	i2l508
  4052   00105A                     i2l3266:
  4053                           
  4054                           ;mcc_generated_files/i2c_master.c: 365:                   return I2C_DO_SEND_RESTART_WRI
      +                          TE();
  4055   00105A  EC8F  F00D         	call	_I2C_DO_SEND_RESTART_WRITE	;wreg free
  4056   00105E  EF7B  F008         	goto	i2l508
  4057   001062                     i2l3270:
  4058                           
  4059                           ;mcc_generated_files/i2c_master.c: 369:                 return I2C_DO_SEND_STOP();
  4060   001062  EC87  F00D         	call	_I2C_DO_SEND_STOP	;wreg free
  4061   001066  EF7B  F008         	goto	i2l508
  4062   00106A                     i2l3276:
  4063   00106A  C013  F039         	movff	_I2C_Status+18,I2C_CallbackReturnReset@funPtr
  4064   00106E  C014  F03A         	movff	_I2C_Status+19,I2C_CallbackReturnReset@funPtr+1
  4065   001072  D802               	call	i2u122_48
  4066   001074  EF45  F008         	goto	i2u122_49
  4067   001078                     i2u122_48:
  4068   001078  0005               	push	
  4069   00107A  6EFA               	movwf	pclath,c
  4070   00107C  5007               	movf	(_I2C_Status+6)^0,w,c
  4071   00107E  6EFD               	movwf	tosl,c
  4072   001080  5008               	movf	(_I2C_Status+7)^0,w,c
  4073   001082  6EFE               	movwf	tosh,c
  4074   001084  6AFF               	clrf	tosu,c
  4075   001086  50FA               	movf	pclath,w,c
  4076   001088  0012               	return		;indir
  4077   00108A                     i2u122_49:
  4078   00108A  6E3B               	movwf	??_I2C_DO_TX^0,c
  4079   00108C  6A3C               	clrf	(??_I2C_DO_TX+1)^0,c
  4080                           
  4081                           ; Switch on 2 bytes has been partitioned into a top level switch of size 1, and 1 sub-sw
      +                          itches
  4082                           ; Switch size 1, requested type "simple"
  4083                           ; Number of cases is 1, Range of values is 0 to 0
  4084                           ; switch strategies available:
  4085                           ; Name         Instructions Cycles
  4086                           ; simple_byte            4     3 (average)
  4087                           ;	Chosen strategy is simple_byte
  4088   00108E  503C               	movf	(??_I2C_DO_TX+1)^0,w,c
  4089   001090  0A00               	xorlw	0	; case 0
  4090   001092  B4D8               	btfsc	status,2,c
  4091   001094  EF4E  F008         	goto	i2l3732
  4092   001098  EF31  F008         	goto	i2l3270
  4093   00109C                     i2l3732:
  4094                           
  4095                           ; Switch size 1, requested type "simple"
  4096                           ; Number of cases is 4, Range of values is 1 to 4
  4097                           ; switch strategies available:
  4098                           ; Name         Instructions Cycles
  4099                           ; simple_byte           13     7 (average)
  4100                           ;	Chosen strategy is simple_byte
  4101   00109C  503B               	movf	??_I2C_DO_TX^0,w,c
  4102   00109E  0A01               	xorlw	1	; case 1
  4103   0010A0  B4D8               	btfsc	status,2,c
  4104   0010A2  EF31  F008         	goto	i2l3270
  4105   0010A6  0A03               	xorlw	3	; case 2
  4106   0010A8  B4D8               	btfsc	status,2,c
  4107   0010AA  EF29  F008         	goto	i2l3262
  4108   0010AE  0A01               	xorlw	1	; case 3
  4109   0010B0  B4D8               	btfsc	status,2,c
  4110   0010B2  EF2D  F008         	goto	i2l3266
  4111   0010B6  0A07               	xorlw	7	; case 4
  4112   0010B8  B4D8               	btfsc	status,2,c
  4113   0010BA  EF31  F008         	goto	i2l3270
  4114   0010BE  EF31  F008         	goto	i2l3270
  4115   0010C2                     i2l505:
  4116                           
  4117                           ;mcc_generated_files/i2c_master.c: 373:     {;mcc_generated_files/i2c_master.c: 374:    
      +                               I2C_Status.addressNackCheck = 0;
  4118   0010C2  9024               	bcf	(_I2C_Status+35)^0,0,c
  4119   0010C4                     
  4120                           ;mcc_generated_files/i2c_master.c: 375:         I2C_MasterSendTxData(*I2C_Status.data_pt
      +                          r++);
  4121   0010C4  C01E  FFD9         	movff	_I2C_Status+29,fsr2l
  4122   0010C8  C01F  FFDA         	movff	_I2C_Status+30,fsr2h
  4123   0010CC  4A1E               	infsnz	(_I2C_Status+29)^0,f,c
  4124   0010CE  2A1F               	incf	(_I2C_Status+30)^0,f,c
  4125   0010D0  50DF               	movf	indf2,w,c
  4126   0010D2  EC97  F00D         	call	_I2C_MasterSendTxData
  4127   0010D6                     
  4128                           ;mcc_generated_files/i2c_master.c: 376:         return (--I2C_Status.data_length)?I2C_TX
      +                          :I2C_TX_EMPTY;
  4129   0010D6  0620               	decf	(_I2C_Status+31)^0,f,c
  4130   0010D8  A0D8               	btfss	status,0,c
  4131   0010DA  0621               	decf	(_I2C_Status+32)^0,f,c
  4132   0010DC  5020               	movf	(_I2C_Status+31)^0,w,c
  4133   0010DE  1021               	iorwf	(_I2C_Status+32)^0,w,c
  4134   0010E0  A4D8               	btfss	status,2,c
  4135   0010E2  EF75  F008         	goto	i2u123_41
  4136   0010E6  EF77  F008         	goto	i2u123_40
  4137   0010EA                     i2u123_41:
  4138   0010EA  EF7A  F008         	goto	i2l3284
  4139   0010EE                     i2u123_40:
  4140   0010EE  0E06               	movlw	6
  4141   0010F0  EF7B  F008         	goto	i2l508
  4142   0010F4                     i2l3284:
  4143   0010F4  0E03               	movlw	3
  4144   0010F6                     i2l508:
  4145   0010F6  0012               	return		;funcret
  4146   0010F8                     __end_of_I2C_DO_TX:
  4147                           	callstack 0
  4148                           
  4149 ;; *************** function _I2C_DO_SEND_ADR_WRITE *****************
  4150 ;; Defined at:
  4151 ;;		line 349 in file "mcc_generated_files/i2c_master.c"
  4152 ;; Parameters:    Size  Location     Type
  4153 ;;		None
  4154 ;; Auto vars:     Size  Location     Type
  4155 ;;		None
  4156 ;; Return value:  Size  Location     Type
  4157 ;;                  1    wreg      enum E3118
  4158 ;; Registers used:
  4159 ;;		wreg, status,2, cstack
  4160 ;; Tracked objects:
  4161 ;;		On entry : 0/0
  4162 ;;		On exit  : 0/0
  4163 ;;		Unchanged: 0/0
  4164 ;; Data sizes:     COMRAM   BANK0   BANK1   BANK2   BANK3   BANK4   BANK5   BANK6   BANK7   BANK8   BANK9  BANK10  BANK1
      +1  BANK12  BANK13  BANK14  BANK15
  4165 ;;      Params:         0       0       0       0       0       0       0       0       0       0       0       0       
      +0       0       0       0       0
  4166 ;;      Locals:         0       0       0       0       0       0       0       0       0       0       0       0       
      +0       0       0       0       0
  4167 ;;      Temps:          0       0       0       0       0       0       0       0       0       0       0       0       
      +0       0       0       0       0
  4168 ;;      Totals:         0       0       0       0       0       0       0       0       0       0       0       0       
      +0       0       0       0       0
  4169 ;;Total ram usage:        0 bytes
  4170 ;; Hardware stack levels used: 1
  4171 ;; Hardware stack levels required when called: 1
  4172 ;; This function calls:
  4173 ;;		_I2C_MasterSendTxData
  4174 ;; This function is called by:
  4175 ;;		_I2C_MasterFsm
  4176 ;; This function uses a non-reentrant model
  4177 ;;
  4178                           
  4179                           	psect	text49
  4180   001A92                     __ptext49:
  4181                           	callstack 0
  4182   001A92                     _I2C_DO_SEND_ADR_WRITE:
  4183                           	callstack 21
  4184   001A92                     
  4185                           ;mcc_generated_files/i2c_master.c: 351:     I2C_Status.addressNackCheck = 1;
  4186   001A92  8024               	bsf	(_I2C_Status+35)^0,0,c
  4187   001A94                     
  4188                           ;mcc_generated_files/i2c_master.c: 352:     I2C_MasterSendTxData((uint8_t) (I2C_Status.a
      +                          ddress ));
  4189   001A94  501D               	movf	(_I2C_Status+28)^0,w,c
  4190   001A96  EC97  F00D         	call	_I2C_MasterSendTxData
  4191   001A9A                     
  4192                           ;mcc_generated_files/i2c_master.c: 353:     return I2C_TX;
  4193   001A9A  0E03               	movlw	3
  4194   001A9C  0012               	return		;funcret
  4195   001A9E                     __end_of_I2C_DO_SEND_ADR_WRITE:
  4196                           	callstack 0
  4197                           
  4198 ;; *************** function _I2C_DO_SEND_ADR_READ *****************
  4199 ;; Defined at:
  4200 ;;		line 342 in file "mcc_generated_files/i2c_master.c"
  4201 ;; Parameters:    Size  Location     Type
  4202 ;;		None
  4203 ;; Auto vars:     Size  Location     Type
  4204 ;;		None
  4205 ;; Return value:  Size  Location     Type
  4206 ;;                  1    wreg      enum E3118
  4207 ;; Registers used:
  4208 ;;		wreg, status,2, status,0, cstack
  4209 ;; Tracked objects:
  4210 ;;		On entry : 0/0
  4211 ;;		On exit  : 0/0
  4212 ;;		Unchanged: 0/0
  4213 ;; Data sizes:     COMRAM   BANK0   BANK1   BANK2   BANK3   BANK4   BANK5   BANK6   BANK7   BANK8   BANK9  BANK10  BANK1
      +1  BANK12  BANK13  BANK14  BANK15
  4214 ;;      Params:         0       0       0       0       0       0       0       0       0       0       0       0       
      +0       0       0       0       0
  4215 ;;      Locals:         0       0       0       0       0       0       0       0       0       0       0       0       
      +0       0       0       0       0
  4216 ;;      Temps:          0       0       0       0       0       0       0       0       0       0       0       0       
      +0       0       0       0       0
  4217 ;;      Totals:         0       0       0       0       0       0       0       0       0       0       0       0       
      +0       0       0       0       0
  4218 ;;Total ram usage:        0 bytes
  4219 ;; Hardware stack levels used: 1
  4220 ;; Hardware stack levels required when called: 1
  4221 ;; This function calls:
  4222 ;;		_I2C_MasterSendTxData
  4223 ;; This function is called by:
  4224 ;;		_I2C_MasterFsm
  4225 ;; This function uses a non-reentrant model
  4226 ;;
  4227                           
  4228                           	psect	text50
  4229   001A84                     __ptext50:
  4230                           	callstack 0
  4231   001A84                     _I2C_DO_SEND_ADR_READ:
  4232                           	callstack 21
  4233   001A84                     
  4234                           ;mcc_generated_files/i2c_master.c: 344:     I2C_Status.addressNackCheck = 1;
  4235   001A84  8024               	bsf	(_I2C_Status+35)^0,0,c
  4236   001A86                     
  4237                           ;mcc_generated_files/i2c_master.c: 345:     I2C_MasterSendTxData((uint8_t) (I2C_Status.a
      +                          ddress | 1));
  4238   001A86  501D               	movf	(_I2C_Status+28)^0,w,c
  4239   001A88  0901               	iorlw	1
  4240   001A8A  EC97  F00D         	call	_I2C_MasterSendTxData
  4241   001A8E                     
  4242                           ;mcc_generated_files/i2c_master.c: 346:     return I2C_RCEN;
  4243   001A8E  0E05               	movlw	5
  4244   001A90  0012               	return		;funcret
  4245   001A92                     __end_of_I2C_DO_SEND_ADR_READ:
  4246                           	callstack 0
  4247                           
  4248 ;; *************** function _I2C_DO_IDLE *****************
  4249 ;; Defined at:
  4250 ;;		line 335 in file "mcc_generated_files/i2c_master.c"
  4251 ;; Parameters:    Size  Location     Type
  4252 ;;		None
  4253 ;; Auto vars:     Size  Location     Type
  4254 ;;		None
  4255 ;; Return value:  Size  Location     Type
  4256 ;;                  1    wreg      enum E3118
  4257 ;; Registers used:
  4258 ;;		wreg, status,2
  4259 ;; Tracked objects:
  4260 ;;		On entry : 0/0
  4261 ;;		On exit  : 0/0
  4262 ;;		Unchanged: 0/0
  4263 ;; Data sizes:     COMRAM   BANK0   BANK1   BANK2   BANK3   BANK4   BANK5   BANK6   BANK7   BANK8   BANK9  BANK10  BANK1
      +1  BANK12  BANK13  BANK14  BANK15
  4264 ;;      Params:         0       0       0       0       0       0       0       0       0       0       0       0       
      +0       0       0       0       0
  4265 ;;      Locals:         0       0       0       0       0       0       0       0       0       0       0       0       
      +0       0       0       0       0
  4266 ;;      Temps:          0       0       0       0       0       0       0       0       0       0       0       0       
      +0       0       0       0       0
  4267 ;;      Totals:         0       0       0       0       0       0       0       0       0       0       0       0       
      +0       0       0       0       0
  4268 ;;Total ram usage:        0 bytes
  4269 ;; Hardware stack levels used: 1
  4270 ;; This function calls:
  4271 ;;		Nothing
  4272 ;; This function is called by:
  4273 ;;		_I2C_MasterFsm
  4274 ;; This function uses a non-reentrant model
  4275 ;;
  4276                           
  4277                           	psect	text51
  4278   001AE4                     __ptext51:
  4279                           	callstack 0
  4280   001AE4                     _I2C_DO_IDLE:
  4281                           	callstack 22
  4282   001AE4                     
  4283                           ;mcc_generated_files/i2c_master.c: 337:     I2C_Status.busy = 0;
  4284   001AE4  9224               	bcf	(_I2C_Status+35)^0,1,c
  4285   001AE6                     
  4286                           ;mcc_generated_files/i2c_master.c: 338:     I2C_Status.error = I2C_NOERR;
  4287   001AE6  0E00               	movlw	0
  4288   001AE8  6E23               	movwf	(_I2C_Status+34)^0,c
  4289   001AEA                     
  4290                           ;mcc_generated_files/i2c_master.c: 339:     return I2C_RESET;
  4291   001AEA  0E0E               	movlw	14
  4292   001AEC  0012               	return		;funcret
  4293   001AEE                     __end_of_I2C_DO_IDLE:
  4294                           	callstack 0
  4295                           
  4296 ;; *************** function _I2C_DO_TX_EMPTY *****************
  4297 ;; Defined at:
  4298 ;;		line 411 in file "mcc_generated_files/i2c_master.c"
  4299 ;; Parameters:    Size  Location     Type
  4300 ;;		None
  4301 ;; Auto vars:     Size  Location     Type
  4302 ;;		None
  4303 ;; Return value:  Size  Location     Type
  4304 ;;                  1    wreg      enum E3118
  4305 ;; Registers used:
  4306 ;;		wreg, fsr2l, fsr2h, status,2, status,0, pcl, pclath, pclatu, tosl, prodl, prodh, cstack
  4307 ;; Tracked objects:
  4308 ;;		On entry : 0/0
  4309 ;;		On exit  : 0/0
  4310 ;;		Unchanged: 0/0
  4311 ;; Data sizes:     COMRAM   BANK0   BANK1   BANK2   BANK3   BANK4   BANK5   BANK6   BANK7   BANK8   BANK9  BANK10  BANK1
      +1  BANK12  BANK13  BANK14  BANK15
  4312 ;;      Params:         0       0       0       0       0       0       0       0       0       0       0       0       
      +0       0       0       0       0
  4313 ;;      Locals:         0       0       0       0       0       0       0       0       0       0       0       0       
      +0       0       0       0       0
  4314 ;;      Temps:          2       0       0       0       0       0       0       0       0       0       0       0       
      +0       0       0       0       0
  4315 ;;      Totals:         2       0       0       0       0       0       0       0       0       0       0       0       
      +0       0       0       0       0
  4316 ;;Total ram usage:        2 bytes
  4317 ;; Hardware stack levels used: 1
  4318 ;; Hardware stack levels required when called: 3
  4319 ;; This function calls:
  4320 ;;		Absolute function
  4321 ;;		_I2C_CallbackReturnReset
  4322 ;;		_I2C_CallbackReturnStop
  4323 ;;		_I2C_DO_SEND_RESTART
  4324 ;;		_I2C_DO_SEND_STOP
  4325 ;;		_I2C_MasterSetIrq
  4326 ;;		_rd1RegCompleteHandler
  4327 ;;		_rd2RegCompleteHandler
  4328 ;;		_rdBlkRegCompleteHandler
  4329 ;;		_wr1RegCompleteHandler
  4330 ;;		_wr2RegCompleteHandler
  4331 ;; This function is called by:
  4332 ;;		_I2C_MasterFsm
  4333 ;; This function uses a non-reentrant model
  4334 ;;
  4335                           
  4336                           	psect	text52
  4337   0013E4                     __ptext52:
  4338                           	callstack 0
  4339   0013E4                     _I2C_DO_TX_EMPTY:
  4340                           	callstack 19
  4341   0013E4                     
  4342                           ;mcc_generated_files/i2c_master.c: 413:     I2C_Status.bufferFree = 1;
  4343   0013E4  8624               	bsf	(_I2C_Status+35)^0,3,c
  4344                           
  4345                           ;mcc_generated_files/i2c_master.c: 414:     switch(I2C_Status.callbackTable[I2C_DATA_COM
      +                          PLETE](I2C_Status.callbackPayload[I2C_DATA_COMPLETE]))
  4346   0013E6  EF02  F00A         	goto	i2l3340
  4347   0013EA                     i2l3324:
  4348                           
  4349                           ;mcc_generated_files/i2c_master.c: 418:             return I2C_DO_SEND_RESTART();
  4350   0013EA  EC8B  F00D         	call	_I2C_DO_SEND_RESTART	;wreg free
  4351   0013EE  EF2E  F00A         	goto	i2l539
  4352   0013F2                     i2l3328:
  4353                           
  4354                           ;mcc_generated_files/i2c_master.c: 420:             I2C_MasterSetIrq();
  4355   0013F2  ECB2  F00D         	call	_I2C_MasterSetIrq	;wreg free
  4356   0013F6                     
  4357                           ;mcc_generated_files/i2c_master.c: 421:             return I2C_TX;
  4358   0013F6  0E03               	movlw	3
  4359   0013F8  EF2E  F00A         	goto	i2l539
  4360   0013FC                     i2l3334:
  4361                           
  4362                           ;mcc_generated_files/i2c_master.c: 424:             return I2C_DO_SEND_STOP();
  4363   0013FC  EC87  F00D         	call	_I2C_DO_SEND_STOP	;wreg free
  4364   001400  EF2E  F00A         	goto	i2l539
  4365   001404                     i2l3340:
  4366   001404  C00D  F039         	movff	_I2C_Status+12,I2C_CallbackReturnReset@funPtr
  4367   001408  C00E  F03A         	movff	_I2C_Status+13,I2C_CallbackReturnReset@funPtr+1
  4368   00140C  D802               	call	i2u126_48
  4369   00140E  EF12  F00A         	goto	i2u126_49
  4370   001412                     i2u126_48:
  4371   001412  0005               	push	
  4372   001414  6EFA               	movwf	pclath,c
  4373   001416  5001               	movf	_I2C_Status^0,w,c
  4374   001418  6EFD               	movwf	tosl,c
  4375   00141A  5002               	movf	(_I2C_Status+1)^0,w,c
  4376   00141C  6EFE               	movwf	tosh,c
  4377   00141E  6AFF               	clrf	tosu,c
  4378   001420  50FA               	movf	pclath,w,c
  4379   001422  0012               	return		;indir
  4380   001424                     i2u126_49:
  4381   001424  6E3B               	movwf	??_I2C_DO_TX_EMPTY^0,c
  4382   001426  6A3C               	clrf	(??_I2C_DO_TX_EMPTY+1)^0,c
  4383                           
  4384                           ; Switch on 2 bytes has been partitioned into a top level switch of size 1, and 1 sub-sw
      +                          itches
  4385                           ; Switch size 1, requested type "simple"
  4386                           ; Number of cases is 1, Range of values is 0 to 0
  4387                           ; switch strategies available:
  4388                           ; Name         Instructions Cycles
  4389                           ; simple_byte            4     3 (average)
  4390                           ;	Chosen strategy is simple_byte
  4391   001428  503C               	movf	(??_I2C_DO_TX_EMPTY+1)^0,w,c
  4392   00142A  0A00               	xorlw	0	; case 0
  4393   00142C  B4D8               	btfsc	status,2,c
  4394   00142E  EF1B  F00A         	goto	i2l3734
  4395   001432  EFFE  F009         	goto	i2l3334
  4396   001436                     i2l3734:
  4397                           
  4398                           ; Switch size 1, requested type "simple"
  4399                           ; Number of cases is 4, Range of values is 1 to 4
  4400                           ; switch strategies available:
  4401                           ; Name         Instructions Cycles
  4402                           ; simple_byte           13     7 (average)
  4403                           ;	Chosen strategy is simple_byte
  4404   001436  503B               	movf	??_I2C_DO_TX_EMPTY^0,w,c
  4405   001438  0A01               	xorlw	1	; case 1
  4406   00143A  B4D8               	btfsc	status,2,c
  4407   00143C  EFFE  F009         	goto	i2l3334
  4408   001440  0A03               	xorlw	3	; case 2
  4409   001442  B4D8               	btfsc	status,2,c
  4410   001444  EFF5  F009         	goto	i2l3324
  4411   001448  0A01               	xorlw	1	; case 3
  4412   00144A  B4D8               	btfsc	status,2,c
  4413   00144C  EFF5  F009         	goto	i2l3324
  4414   001450  0A07               	xorlw	7	; case 4
  4415   001452  B4D8               	btfsc	status,2,c
  4416   001454  EFF9  F009         	goto	i2l3328
  4417   001458  EFFE  F009         	goto	i2l3334
  4418   00145C                     i2l539:
  4419   00145C  0012               	return		;funcret
  4420   00145E                     __end_of_I2C_DO_TX_EMPTY:
  4421                           	callstack 0
  4422                           
  4423 ;; *************** function _I2C_MasterSetIrq *****************
  4424 ;; Defined at:
  4425 ;;		line 647 in file "mcc_generated_files/i2c_master.c"
  4426 ;; Parameters:    Size  Location     Type
  4427 ;;		None
  4428 ;; Auto vars:     Size  Location     Type
  4429 ;;		None
  4430 ;; Return value:  Size  Location     Type
  4431 ;;                  1    wreg      void 
  4432 ;; Registers used:
  4433 ;;		None
  4434 ;; Tracked objects:
  4435 ;;		On entry : 0/0
  4436 ;;		On exit  : 0/0
  4437 ;;		Unchanged: 0/0
  4438 ;; Data sizes:     COMRAM   BANK0   BANK1   BANK2   BANK3   BANK4   BANK5   BANK6   BANK7   BANK8   BANK9  BANK10  BANK1
      +1  BANK12  BANK13  BANK14  BANK15
  4439 ;;      Params:         0       0       0       0       0       0       0       0       0       0       0       0       
      +0       0       0       0       0
  4440 ;;      Locals:         0       0       0       0       0       0       0       0       0       0       0       0       
      +0       0       0       0       0
  4441 ;;      Temps:          0       0       0       0       0       0       0       0       0       0       0       0       
      +0       0       0       0       0
  4442 ;;      Totals:         0       0       0       0       0       0       0       0       0       0       0       0       
      +0       0       0       0       0
  4443 ;;Total ram usage:        0 bytes
  4444 ;; Hardware stack levels used: 1
  4445 ;; This function calls:
  4446 ;;		Nothing
  4447 ;; This function is called by:
  4448 ;;		_I2C_DO_TX_EMPTY
  4449 ;; This function uses a non-reentrant model
  4450 ;;
  4451                           
  4452                           	psect	text53
  4453   001B64                     __ptext53:
  4454                           	callstack 0
  4455   001B64                     _I2C_MasterSetIrq:
  4456                           	callstack 21
  4457   001B64                     
  4458                           ;mcc_generated_files/i2c_master.c: 649:     PIR1bits.SSPIF = 1;
  4459   001B64  869E               	bsf	158,3,c	;volatile
  4460   001B66  0012               	return		;funcret
  4461   001B68                     __end_of_I2C_MasterSetIrq:
  4462                           	callstack 0
  4463                           
  4464 ;; *************** function _I2C_MasterIsNack *****************
  4465 ;; Defined at:
  4466 ;;		line 599 in file "mcc_generated_files/i2c_master.c"
  4467 ;; Parameters:    Size  Location     Type
  4468 ;;		None
  4469 ;; Auto vars:     Size  Location     Type
  4470 ;;		None
  4471 ;; Return value:  Size  Location     Type
  4472 ;;                  1    wreg      _Bool 
  4473 ;; Registers used:
  4474 ;;		wreg
  4475 ;; Tracked objects:
  4476 ;;		On entry : 0/0
  4477 ;;		On exit  : 0/0
  4478 ;;		Unchanged: 0/0
  4479 ;; Data sizes:     COMRAM   BANK0   BANK1   BANK2   BANK3   BANK4   BANK5   BANK6   BANK7   BANK8   BANK9  BANK10  BANK1
      +1  BANK12  BANK13  BANK14  BANK15
  4480 ;;      Params:         0       0       0       0       0       0       0       0       0       0       0       0       
      +0       0       0       0       0
  4481 ;;      Locals:         0       0       0       0       0       0       0       0       0       0       0       0       
      +0       0       0       0       0
  4482 ;;      Temps:          0       0       0       0       0       0       0       0       0       0       0       0       
      +0       0       0       0       0
  4483 ;;      Totals:         0       0       0       0       0       0       0       0       0       0       0       0       
      +0       0       0       0       0
  4484 ;;Total ram usage:        0 bytes
  4485 ;; Hardware stack levels used: 1
  4486 ;; This function calls:
  4487 ;;		Nothing
  4488 ;; This function is called by:
  4489 ;;		_I2C_MasterFsm
  4490 ;;		_I2C_DO_TX
  4491 ;; This function uses a non-reentrant model
  4492 ;;
  4493                           
  4494                           	psect	text54
  4495   001A70                     __ptext54:
  4496                           	callstack 0
  4497   001A70                     _I2C_MasterIsNack:
  4498                           	callstack 22
  4499   001A70                     
  4500                           ;mcc_generated_files/i2c_master.c: 601:     return SSPCON2bits.ACKSTAT;
  4501   001A70  BCC5               	btfsc	197,6,c	;volatile
  4502   001A72  EF3D  F00D         	goto	i2u116_41
  4503   001A76  EF40  F00D         	goto	i2u116_40
  4504   001A7A                     i2u116_41:
  4505   001A7A  0E01               	movlw	1
  4506   001A7C  EF41  F00D         	goto	i2u116_46
  4507   001A80                     i2u116_40:
  4508   001A80  0E00               	movlw	0
  4509   001A82                     i2u116_46:
  4510   001A82  0012               	return		;funcret
  4511   001A84                     __end_of_I2C_MasterIsNack:
  4512                           	callstack 0
  4513                           
  4514 ;; *************** function _I2C_MasterSendTxData *****************
  4515 ;; Defined at:
  4516 ;;		line 569 in file "mcc_generated_files/i2c_master.c"
  4517 ;; Parameters:    Size  Location     Type
  4518 ;;  data            1    wreg     unsigned char 
  4519 ;; Auto vars:     Size  Location     Type
  4520 ;;  data            1    0[COMRAM] unsigned char 
  4521 ;; Return value:  Size  Location     Type
  4522 ;;                  1    wreg      void 
  4523 ;; Registers used:
  4524 ;;		wreg
  4525 ;; Tracked objects:
  4526 ;;		On entry : 0/0
  4527 ;;		On exit  : 0/0
  4528 ;;		Unchanged: 0/0
  4529 ;; Data sizes:     COMRAM   BANK0   BANK1   BANK2   BANK3   BANK4   BANK5   BANK6   BANK7   BANK8   BANK9  BANK10  BANK1
      +1  BANK12  BANK13  BANK14  BANK15
  4530 ;;      Params:         0       0       0       0       0       0       0       0       0       0       0       0       
      +0       0       0       0       0
  4531 ;;      Locals:         1       0       0       0       0       0       0       0       0       0       0       0       
      +0       0       0       0       0
  4532 ;;      Temps:          0       0       0       0       0       0       0       0       0       0       0       0       
      +0       0       0       0       0
  4533 ;;      Totals:         1       0       0       0       0       0       0       0       0       0       0       0       
      +0       0       0       0       0
  4534 ;;Total ram usage:        1 bytes
  4535 ;; Hardware stack levels used: 1
  4536 ;; This function calls:
  4537 ;;		Nothing
  4538 ;; This function is called by:
  4539 ;;		_I2C_DO_SEND_ADR_READ
  4540 ;;		_I2C_DO_SEND_ADR_WRITE
  4541 ;;		_I2C_DO_TX
  4542 ;; This function uses a non-reentrant model
  4543 ;;
  4544                           
  4545                           	psect	text55
  4546   001B2E                     __ptext55:
  4547                           	callstack 0
  4548   001B2E                     _I2C_MasterSendTxData:
  4549                           	callstack 21
  4550                           
  4551                           ;incstack = 0
  4552                           ;I2C_MasterSendTxData@data stored from wreg
  4553   001B2E  6E30               	movwf	I2C_MasterSendTxData@data^0,c
  4554   001B30                     
  4555                           ;mcc_generated_files/i2c_master.c: 569: static __attribute__((inline)) void I2C_MasterSe
      +                          ndTxData(uint8_t data);mcc_generated_files/i2c_master.c: 570: {;mcc_generated_files/i2c_
      +                          master.c: 571:     SSPBUF = data;
  4556   001B30  C030  FFC9         	movff	I2C_MasterSendTxData@data,4041	;volatile
  4557   001B34  0012               	return		;funcret
  4558   001B36                     __end_of_I2C_MasterSendTxData:
  4559                           	callstack 0
  4560                           
  4561 ;; *************** function _I2C_MasterSendAck *****************
  4562 ;; Defined at:
  4563 ;;		line 604 in file "mcc_generated_files/i2c_master.c"
  4564 ;; Parameters:    Size  Location     Type
  4565 ;;		None
  4566 ;; Auto vars:     Size  Location     Type
  4567 ;;		None
  4568 ;; Return value:  Size  Location     Type
  4569 ;;                  1    wreg      void 
  4570 ;; Registers used:
  4571 ;;		None
  4572 ;; Tracked objects:
  4573 ;;		On entry : 0/0
  4574 ;;		On exit  : 0/0
  4575 ;;		Unchanged: 0/0
  4576 ;; Data sizes:     COMRAM   BANK0   BANK1   BANK2   BANK3   BANK4   BANK5   BANK6   BANK7   BANK8   BANK9  BANK10  BANK1
      +1  BANK12  BANK13  BANK14  BANK15
  4577 ;;      Params:         0       0       0       0       0       0       0       0       0       0       0       0       
      +0       0       0       0       0
  4578 ;;      Locals:         0       0       0       0       0       0       0       0       0       0       0       0       
      +0       0       0       0       0
  4579 ;;      Temps:          0       0       0       0       0       0       0       0       0       0       0       0       
      +0       0       0       0       0
  4580 ;;      Totals:         0       0       0       0       0       0       0       0       0       0       0       0       
      +0       0       0       0       0
  4581 ;;Total ram usage:        0 bytes
  4582 ;; Hardware stack levels used: 1
  4583 ;; This function calls:
  4584 ;;		Nothing
  4585 ;; This function is called by:
  4586 ;;		_I2C_DO_RX
  4587 ;;		_I2C_DO_RX_ACK
  4588 ;; This function uses a non-reentrant model
  4589 ;;
  4590                           
  4591                           	psect	text56
  4592   001B3C                     __ptext56:
  4593                           	callstack 0
  4594   001B3C                     _I2C_MasterSendAck:
  4595                           	callstack 21
  4596   001B3C                     
  4597                           ;mcc_generated_files/i2c_master.c: 606:     SSPCON2bits.ACKDT = 0;
  4598   001B3C  9AC5               	bcf	197,5,c	;volatile
  4599                           
  4600                           ;mcc_generated_files/i2c_master.c: 607:     SSPCON2bits.ACKEN = 1;
  4601   001B3E  88C5               	bsf	197,4,c	;volatile
  4602   001B40  0012               	return		;funcret
  4603   001B42                     __end_of_I2C_MasterSendAck:
  4604                           	callstack 0
  4605                           
  4606 ;; *************** function _I2C_MasterGetRxData *****************
  4607 ;; Defined at:
  4608 ;;		line 564 in file "mcc_generated_files/i2c_master.c"
  4609 ;; Parameters:    Size  Location     Type
  4610 ;;		None
  4611 ;; Auto vars:     Size  Location     Type
  4612 ;;		None
  4613 ;; Return value:  Size  Location     Type
  4614 ;;                  1    wreg      unsigned char 
  4615 ;; Registers used:
  4616 ;;		wreg, status,2
  4617 ;; Tracked objects:
  4618 ;;		On entry : 0/0
  4619 ;;		On exit  : 0/0
  4620 ;;		Unchanged: 0/0
  4621 ;; Data sizes:     COMRAM   BANK0   BANK1   BANK2   BANK3   BANK4   BANK5   BANK6   BANK7   BANK8   BANK9  BANK10  BANK1
      +1  BANK12  BANK13  BANK14  BANK15
  4622 ;;      Params:         0       0       0       0       0       0       0       0       0       0       0       0       
      +0       0       0       0       0
  4623 ;;      Locals:         0       0       0       0       0       0       0       0       0       0       0       0       
      +0       0       0       0       0
  4624 ;;      Temps:          0       0       0       0       0       0       0       0       0       0       0       0       
      +0       0       0       0       0
  4625 ;;      Totals:         0       0       0       0       0       0       0       0       0       0       0       0       
      +0       0       0       0       0
  4626 ;;Total ram usage:        0 bytes
  4627 ;; Hardware stack levels used: 1
  4628 ;; This function calls:
  4629 ;;		Nothing
  4630 ;; This function is called by:
  4631 ;;		_I2C_DO_RX
  4632 ;; This function uses a non-reentrant model
  4633 ;;
  4634                           
  4635                           	psect	text57
  4636   001B68                     __ptext57:
  4637                           	callstack 0
  4638   001B68                     _I2C_MasterGetRxData:
  4639                           	callstack 21
  4640   001B68                     
  4641                           ;mcc_generated_files/i2c_master.c: 566:     return SSPBUF;
  4642   001B68  50C9               	movf	201,w,c	;volatile
  4643   001B6A  0012               	return		;funcret
  4644   001B6C                     __end_of_I2C_MasterGetRxData:
  4645                           	callstack 0
  4646                           
  4647 ;; *************** function _I2C_MasterSendNack *****************
  4648 ;; Defined at:
  4649 ;;		line 610 in file "mcc_generated_files/i2c_master.c"
  4650 ;; Parameters:    Size  Location     Type
  4651 ;;		None
  4652 ;; Auto vars:     Size  Location     Type
  4653 ;;		None
  4654 ;; Return value:  Size  Location     Type
  4655 ;;                  1    wreg      void 
  4656 ;; Registers used:
  4657 ;;		None
  4658 ;; Tracked objects:
  4659 ;;		On entry : 0/0
  4660 ;;		On exit  : 0/0
  4661 ;;		Unchanged: 0/0
  4662 ;; Data sizes:     COMRAM   BANK0   BANK1   BANK2   BANK3   BANK4   BANK5   BANK6   BANK7   BANK8   BANK9  BANK10  BANK1
      +1  BANK12  BANK13  BANK14  BANK15
  4663 ;;      Params:         0       0       0       0       0       0       0       0       0       0       0       0       
      +0       0       0       0       0
  4664 ;;      Locals:         0       0       0       0       0       0       0       0       0       0       0       0       
      +0       0       0       0       0
  4665 ;;      Temps:          0       0       0       0       0       0       0       0       0       0       0       0       
      +0       0       0       0       0
  4666 ;;      Totals:         0       0       0       0       0       0       0       0       0       0       0       0       
      +0       0       0       0       0
  4667 ;;Total ram usage:        0 bytes
  4668 ;; Hardware stack levels used: 1
  4669 ;; This function calls:
  4670 ;;		Nothing
  4671 ;; This function is called by:
  4672 ;;		_I2C_DO_RX_NACK_STOP
  4673 ;;		_I2C_DO_RX_NACK_RESTART
  4674 ;; This function uses a non-reentrant model
  4675 ;;
  4676                           
  4677                           	psect	text58
  4678   001B42                     __ptext58:
  4679                           	callstack 0
  4680   001B42                     _I2C_MasterSendNack:
  4681                           	callstack 21
  4682   001B42                     
  4683                           ;mcc_generated_files/i2c_master.c: 612:     SSPCON2bits.ACKDT = 1;
  4684   001B42  8AC5               	bsf	197,5,c	;volatile
  4685                           
  4686                           ;mcc_generated_files/i2c_master.c: 613:     SSPCON2bits.ACKEN = 1;
  4687   001B44  88C5               	bsf	197,4,c	;volatile
  4688   001B46  0012               	return		;funcret
  4689   001B48                     __end_of_I2C_MasterSendNack:
  4690                           	callstack 0
  4691                           
  4692 ;; *************** function _I2C_MasterStartRx *****************
  4693 ;; Defined at:
  4694 ;;		line 584 in file "mcc_generated_files/i2c_master.c"
  4695 ;; Parameters:    Size  Location     Type
  4696 ;;		None
  4697 ;; Auto vars:     Size  Location     Type
  4698 ;;		None
  4699 ;; Return value:  Size  Location     Type
  4700 ;;                  1    wreg      void 
  4701 ;; Registers used:
  4702 ;;		None
  4703 ;; Tracked objects:
  4704 ;;		On entry : 0/0
  4705 ;;		On exit  : 0/0
  4706 ;;		Unchanged: 0/0
  4707 ;; Data sizes:     COMRAM   BANK0   BANK1   BANK2   BANK3   BANK4   BANK5   BANK6   BANK7   BANK8   BANK9  BANK10  BANK1
      +1  BANK12  BANK13  BANK14  BANK15
  4708 ;;      Params:         0       0       0       0       0       0       0       0       0       0       0       0       
      +0       0       0       0       0
  4709 ;;      Locals:         0       0       0       0       0       0       0       0       0       0       0       0       
      +0       0       0       0       0
  4710 ;;      Temps:          0       0       0       0       0       0       0       0       0       0       0       0       
      +0       0       0       0       0
  4711 ;;      Totals:         0       0       0       0       0       0       0       0       0       0       0       0       
      +0       0       0       0       0
  4712 ;;Total ram usage:        0 bytes
  4713 ;; Hardware stack levels used: 1
  4714 ;; This function calls:
  4715 ;;		Nothing
  4716 ;; This function is called by:
  4717 ;;		_I2C_DO_RCEN
  4718 ;; This function uses a non-reentrant model
  4719 ;;
  4720                           
  4721                           	psect	text59
  4722   001B6C                     __ptext59:
  4723                           	callstack 0
  4724   001B6C                     _I2C_MasterStartRx:
  4725                           	callstack 21
  4726   001B6C                     
  4727                           ;mcc_generated_files/i2c_master.c: 586:     SSPCON2bits.RCEN = 1;
  4728   001B6C  86C5               	bsf	197,3,c	;volatile
  4729   001B6E  0012               	return		;funcret
  4730   001B70                     __end_of_I2C_MasterStartRx:
  4731                           	callstack 0
  4732                           
  4733 ;; *************** function _I2C_CallbackReturnReset *****************
  4734 ;; Defined at:
  4735 ;;		line 526 in file "mcc_generated_files/i2c_master.c"
  4736 ;; Parameters:    Size  Location     Type
  4737 ;;  funPtr          2    9[COMRAM] PTR void 
  4738 ;;		 -> I2C_ReadDataBlock@bufferBlock(4), I2C_Write2ByteRegister@data(2), I2C_Write1ByteRegister@data(1), I2C_Read2ByteR
      +egister@returnValue(2), 
  4739 ;;		 -> NULL(0), I2C_Read1ByteRegister@returnValue(1), 
  4740 ;; Auto vars:     Size  Location     Type
  4741 ;;		None
  4742 ;; Return value:  Size  Location     Type
  4743 ;;                  1    wreg      enum E360
  4744 ;; Registers used:
  4745 ;;		wreg
  4746 ;; Tracked objects:
  4747 ;;		On entry : 0/0
  4748 ;;		On exit  : 0/0
  4749 ;;		Unchanged: 0/0
  4750 ;; Data sizes:     COMRAM   BANK0   BANK1   BANK2   BANK3   BANK4   BANK5   BANK6   BANK7   BANK8   BANK9  BANK10  BANK1
      +1  BANK12  BANK13  BANK14  BANK15
  4751 ;;      Params:         2       0       0       0       0       0       0       0       0       0       0       0       
      +0       0       0       0       0
  4752 ;;      Locals:         0       0       0       0       0       0       0       0       0       0       0       0       
      +0       0       0       0       0
  4753 ;;      Temps:          0       0       0       0       0       0       0       0       0       0       0       0       
      +0       0       0       0       0
  4754 ;;      Totals:         2       0       0       0       0       0       0       0       0       0       0       0       
      +0       0       0       0       0
  4755 ;;Total ram usage:        2 bytes
  4756 ;; Hardware stack levels used: 1
  4757 ;; This function calls:
  4758 ;;		Nothing
  4759 ;; This function is called by:
  4760 ;;		_I2C_Open
  4761 ;;		_I2C_DO_TX
  4762 ;;		_I2C_DO_RX
  4763 ;;		_I2C_DO_TX_EMPTY
  4764 ;;		_I2C_DO_ADDRESS_NACK
  4765 ;;		_I2C_DO_RX_EMPTY
  4766 ;; This function uses a non-reentrant model
  4767 ;;
  4768                           
  4769                           	psect	text60
  4770   001B70                     __ptext60:
  4771                           	callstack 0
  4772   001B70                     _I2C_CallbackReturnReset:
  4773                           	callstack 21
  4774   001B70                     
  4775                           ;mcc_generated_files/i2c_master.c: 526: i2c_operations_t I2C_CallbackReturnReset(void *f
      +                          unPtr);mcc_generated_files/i2c_master.c: 527: {;mcc_generated_files/i2c_master.c: 528:  
      +                             return I2C_RESET_LINK;
  4776   001B70  0E05               	movlw	5
  4777   001B72  0012               	return		;funcret
  4778   001B74                     __end_of_I2C_CallbackReturnReset:
  4779                           	callstack 0
  4780                           
  4781 ;; *************** function _I2C_CallbackReturnStop *****************
  4782 ;; Defined at:
  4783 ;;		line 521 in file "mcc_generated_files/i2c_master.c"
  4784 ;; Parameters:    Size  Location     Type
  4785 ;;  funPtr          2    9[COMRAM] PTR void 
  4786 ;;		 -> I2C_ReadDataBlock@bufferBlock(4), I2C_Write2ByteRegister@data(2), I2C_Write1ByteRegister@data(1), I2C_Read2ByteR
      +egister@returnValue(2), 
  4787 ;;		 -> NULL(0), I2C_Read1ByteRegister@returnValue(1), 
  4788 ;; Auto vars:     Size  Location     Type
  4789 ;;		None
  4790 ;; Return value:  Size  Location     Type
  4791 ;;                  1    wreg      enum E360
  4792 ;; Registers used:
  4793 ;;		wreg
  4794 ;; Tracked objects:
  4795 ;;		On entry : 0/0
  4796 ;;		On exit  : 0/0
  4797 ;;		Unchanged: 0/0
  4798 ;; Data sizes:     COMRAM   BANK0   BANK1   BANK2   BANK3   BANK4   BANK5   BANK6   BANK7   BANK8   BANK9  BANK10  BANK1
      +1  BANK12  BANK13  BANK14  BANK15
  4799 ;;      Params:         2       0       0       0       0       0       0       0       0       0       0       0       
      +0       0       0       0       0
  4800 ;;      Locals:         0       0       0       0       0       0       0       0       0       0       0       0       
      +0       0       0       0       0
  4801 ;;      Temps:          0       0       0       0       0       0       0       0       0       0       0       0       
      +0       0       0       0       0
  4802 ;;      Totals:         2       0       0       0       0       0       0       0       0       0       0       0       
      +0       0       0       0       0
  4803 ;;Total ram usage:        2 bytes
  4804 ;; Hardware stack levels used: 1
  4805 ;; This function calls:
  4806 ;;		Nothing
  4807 ;; This function is called by:
  4808 ;;		_I2C_Open
  4809 ;;		_I2C_SetCallback
  4810 ;;		i2_I2C_SetCallback
  4811 ;;		_I2C_DO_TX
  4812 ;;		_I2C_DO_RX
  4813 ;;		_I2C_DO_TX_EMPTY
  4814 ;;		_I2C_DO_ADDRESS_NACK
  4815 ;;		_I2C_DO_RX_EMPTY
  4816 ;; This function uses a non-reentrant model
  4817 ;;
  4818                           
  4819                           	psect	text61
  4820   001B74                     __ptext61:
  4821                           	callstack 0
  4822   001B74                     _I2C_CallbackReturnStop:
  4823                           	callstack 21
  4824   001B74                     
  4825                           ;mcc_generated_files/i2c_master.c: 521: i2c_operations_t I2C_CallbackReturnStop(void *fu
      +                          nPtr);mcc_generated_files/i2c_master.c: 522: {;mcc_generated_files/i2c_master.c: 523:   
      +                            return I2C_STOP;
  4826   001B74  0E01               	movlw	1
  4827   001B76  0012               	return		;funcret
  4828   001B78                     __end_of_I2C_CallbackReturnStop:
  4829                           	callstack 0
  4830                           
  4831 ;; *************** function _rdBlkRegCompleteHandler *****************
  4832 ;; Defined at:
  4833 ;;		line 170 in file "mcc_generated_files/examples/i2c_master_example.c"
  4834 ;; Parameters:    Size  Location     Type
  4835 ;;  ptr             2    9[COMRAM] PTR void 
  4836 ;;		 -> I2C_ReadDataBlock@bufferBlock(4), I2C_Write2ByteRegister@data(2), I2C_Write1ByteRegister@data(1), I2C_Read2ByteR
      +egister@returnValue(2), 
  4837 ;;		 -> NULL(0), I2C_Read1ByteRegister@returnValue(1), 
  4838 ;; Auto vars:     Size  Location     Type
  4839 ;;		None
  4840 ;; Return value:  Size  Location     Type
  4841 ;;                  1    wreg      enum E360
  4842 ;; Registers used:
  4843 ;;		wreg, fsr2l, fsr2h, status,2, status,0, prodl, prodh, cstack
  4844 ;; Tracked objects:
  4845 ;;		On entry : 0/0
  4846 ;;		On exit  : 0/0
  4847 ;;		Unchanged: 0/0
  4848 ;; Data sizes:     COMRAM   BANK0   BANK1   BANK2   BANK3   BANK4   BANK5   BANK6   BANK7   BANK8   BANK9  BANK10  BANK1
      +1  BANK12  BANK13  BANK14  BANK15
  4849 ;;      Params:         2       0       0       0       0       0       0       0       0       0       0       0       
      +0       0       0       0       0
  4850 ;;      Locals:         0       0       0       0       0       0       0       0       0       0       0       0       
      +0       0       0       0       0
  4851 ;;      Temps:          0       0       0       0       0       0       0       0       0       0       0       0       
      +0       0       0       0       0
  4852 ;;      Totals:         2       0       0       0       0       0       0       0       0       0       0       0       
      +0       0       0       0       0
  4853 ;;Total ram usage:        2 bytes
  4854 ;; Hardware stack levels used: 1
  4855 ;; Hardware stack levels required when called: 2
  4856 ;; This function calls:
  4857 ;;		i2_I2C_SetBuffer
  4858 ;;		i2_I2C_SetDataCompleteCallback
  4859 ;; This function is called by:
  4860 ;;		_I2C_ReadDataBlock
  4861 ;;		_I2C_DO_TX
  4862 ;;		_I2C_DO_RX
  4863 ;;		_I2C_DO_TX_EMPTY
  4864 ;;		_I2C_DO_ADDRESS_NACK
  4865 ;;		_I2C_DO_RX_EMPTY
  4866 ;; This function uses a non-reentrant model
  4867 ;;
  4868                           
  4869                           	psect	text62
  4870   0017E2                     __ptext62:
  4871                           	callstack 0
  4872   0017E2                     _rdBlkRegCompleteHandler:
  4873                           	callstack 19
  4874   0017E2                     
  4875                           ;mcc_generated_files/examples/i2c_master_example.c: 170: static i2c_operations_t rdBlkRe
      +                          gCompleteHandler(void *ptr);mcc_generated_files/examples/i2c_master_example.c: 171: {;mc
      +                          c_generated_files/examples/i2c_master_example.c: 172:     I2C_SetBuffer(((i2c_buffer_t *
      +                          )ptr)->data,((i2c_buffer_t*)ptr)->len);
  4876   0017E2  EE20 F002          	lfsr	2,2
  4877   0017E6  5039               	movf	rdBlkRegCompleteHandler@ptr^0,w,c
  4878   0017E8  26D9               	addwf	fsr2l,f,c
  4879   0017EA  503A               	movf	(rdBlkRegCompleteHandler@ptr+1)^0,w,c
  4880   0017EC  22DA               	addwfc	fsr2h,f,c
  4881   0017EE  CFDE F030          	movff	postinc2,i2I2C_SetBuffer@buffer
  4882   0017F2  CFDD F031          	movff	postdec2,i2I2C_SetBuffer@buffer+1
  4883   0017F6  C039  FFD9         	movff	rdBlkRegCompleteHandler@ptr,fsr2l
  4884   0017FA  C03A  FFDA         	movff	rdBlkRegCompleteHandler@ptr+1,fsr2h
  4885   0017FE  CFDE F032          	movff	postinc2,i2I2C_SetBuffer@bufferSize
  4886   001802  CFDD F033          	movff	postdec2,i2I2C_SetBuffer@bufferSize+1
  4887   001806  ECCB  F00C         	call	i2_I2C_SetBuffer	;wreg free
  4888   00180A                     
  4889                           ;mcc_generated_files/examples/i2c_master_example.c: 173:     I2C_SetDataCompleteCallback
      +                          (((void*)0),((void*)0));
  4890   00180A  0E00               	movlw	0
  4891   00180C  6E35               	movwf	i2I2C_SetDataCompleteCallback@cb^0,c
  4892   00180E  0E00               	movlw	0
  4893   001810  6E36               	movwf	(i2I2C_SetDataCompleteCallback@cb+1)^0,c
  4894   001812  0E00               	movlw	0
  4895   001814  6E37               	movwf	i2I2C_SetDataCompleteCallback@ptr^0,c
  4896   001816  0E00               	movlw	0
  4897   001818  6E38               	movwf	(i2I2C_SetDataCompleteCallback@ptr+1)^0,c
  4898   00181A  EC0C  F00D         	call	i2_I2C_SetDataCompleteCallback	;wreg free
  4899   00181E                     
  4900                           ;mcc_generated_files/examples/i2c_master_example.c: 174:     return I2C_RESTART_READ;
  4901   00181E  0E02               	movlw	2
  4902   001820  0012               	return		;funcret
  4903   001822                     __end_of_rdBlkRegCompleteHandler:
  4904                           	callstack 0
  4905                           
  4906 ;; *************** function _wr1RegCompleteHandler *****************
  4907 ;; Defined at:
  4908 ;;		line 156 in file "mcc_generated_files/examples/i2c_master_example.c"
  4909 ;; Parameters:    Size  Location     Type
  4910 ;;  ptr             2    9[COMRAM] PTR void 
  4911 ;;		 -> I2C_ReadDataBlock@bufferBlock(4), I2C_Write2ByteRegister@data(2), I2C_Write1ByteRegister@data(1), I2C_Read2ByteR
      +egister@returnValue(2), 
  4912 ;;		 -> NULL(0), I2C_Read1ByteRegister@returnValue(1), 
  4913 ;; Auto vars:     Size  Location     Type
  4914 ;;		None
  4915 ;; Return value:  Size  Location     Type
  4916 ;;                  1    wreg      enum E360
  4917 ;; Registers used:
  4918 ;;		wreg, fsr2l, fsr2h, status,2, status,0, prodl, prodh, cstack
  4919 ;; Tracked objects:
  4920 ;;		On entry : 0/0
  4921 ;;		On exit  : 0/0
  4922 ;;		Unchanged: 0/0
  4923 ;; Data sizes:     COMRAM   BANK0   BANK1   BANK2   BANK3   BANK4   BANK5   BANK6   BANK7   BANK8   BANK9  BANK10  BANK1
      +1  BANK12  BANK13  BANK14  BANK15
  4924 ;;      Params:         2       0       0       0       0       0       0       0       0       0       0       0       
      +0       0       0       0       0
  4925 ;;      Locals:         0       0       0       0       0       0       0       0       0       0       0       0       
      +0       0       0       0       0
  4926 ;;      Temps:          0       0       0       0       0       0       0       0       0       0       0       0       
      +0       0       0       0       0
  4927 ;;      Totals:         2       0       0       0       0       0       0       0       0       0       0       0       
      +0       0       0       0       0
  4928 ;;Total ram usage:        2 bytes
  4929 ;; Hardware stack levels used: 1
  4930 ;; Hardware stack levels required when called: 2
  4931 ;; This function calls:
  4932 ;;		i2_I2C_SetBuffer
  4933 ;;		i2_I2C_SetDataCompleteCallback
  4934 ;; This function is called by:
  4935 ;;		_I2C_Write1ByteRegister
  4936 ;;		_I2C_DO_TX
  4937 ;;		_I2C_DO_RX
  4938 ;;		_I2C_DO_TX_EMPTY
  4939 ;;		_I2C_DO_ADDRESS_NACK
  4940 ;;		_I2C_DO_RX_EMPTY
  4941 ;; This function uses a non-reentrant model
  4942 ;;
  4943                           
  4944                           	psect	text63
  4945   001880                     __ptext63:
  4946                           	callstack 0
  4947   001880                     _wr1RegCompleteHandler:
  4948                           	callstack 19
  4949   001880                     
  4950                           ;mcc_generated_files/examples/i2c_master_example.c: 156: static i2c_operations_t wr1RegC
      +                          ompleteHandler(void *ptr);mcc_generated_files/examples/i2c_master_example.c: 157: {;mcc_
      +                          generated_files/examples/i2c_master_example.c: 158:     I2C_SetBuffer(ptr,1);
  4951   001880  C039  F030         	movff	wr1RegCompleteHandler@ptr,i2I2C_SetBuffer@buffer
  4952   001884  C03A  F031         	movff	wr1RegCompleteHandler@ptr+1,i2I2C_SetBuffer@buffer+1
  4953   001888  0E00               	movlw	0
  4954   00188A  6E33               	movwf	(i2I2C_SetBuffer@bufferSize+1)^0,c
  4955   00188C  0E01               	movlw	1
  4956   00188E  6E32               	movwf	i2I2C_SetBuffer@bufferSize^0,c
  4957   001890  ECCB  F00C         	call	i2_I2C_SetBuffer	;wreg free
  4958   001894                     
  4959                           ;mcc_generated_files/examples/i2c_master_example.c: 159:     I2C_SetDataCompleteCallback
      +                          (((void*)0),((void*)0));
  4960   001894  0E00               	movlw	0
  4961   001896  6E35               	movwf	i2I2C_SetDataCompleteCallback@cb^0,c
  4962   001898  0E00               	movlw	0
  4963   00189A  6E36               	movwf	(i2I2C_SetDataCompleteCallback@cb+1)^0,c
  4964   00189C  0E00               	movlw	0
  4965   00189E  6E37               	movwf	i2I2C_SetDataCompleteCallback@ptr^0,c
  4966   0018A0  0E00               	movlw	0
  4967   0018A2  6E38               	movwf	(i2I2C_SetDataCompleteCallback@ptr+1)^0,c
  4968   0018A4  EC0C  F00D         	call	i2_I2C_SetDataCompleteCallback	;wreg free
  4969   0018A8                     
  4970                           ;mcc_generated_files/examples/i2c_master_example.c: 160:     return I2C_CONTINUE;
  4971   0018A8  0E04               	movlw	4
  4972   0018AA  0012               	return		;funcret
  4973   0018AC                     __end_of_wr1RegCompleteHandler:
  4974                           	callstack 0
  4975                           
  4976 ;; *************** function _rd2RegCompleteHandler *****************
  4977 ;; Defined at:
  4978 ;;		line 149 in file "mcc_generated_files/examples/i2c_master_example.c"
  4979 ;; Parameters:    Size  Location     Type
  4980 ;;  ptr             2    9[COMRAM] PTR void 
  4981 ;;		 -> I2C_ReadDataBlock@bufferBlock(4), I2C_Write2ByteRegister@data(2), I2C_Write1ByteRegister@data(1), I2C_Read2ByteR
      +egister@returnValue(2), 
  4982 ;;		 -> NULL(0), I2C_Read1ByteRegister@returnValue(1), 
  4983 ;; Auto vars:     Size  Location     Type
  4984 ;;		None
  4985 ;; Return value:  Size  Location     Type
  4986 ;;                  1    wreg      enum E360
  4987 ;; Registers used:
  4988 ;;		wreg, fsr2l, fsr2h, status,2, status,0, prodl, prodh, cstack
  4989 ;; Tracked objects:
  4990 ;;		On entry : 0/0
  4991 ;;		On exit  : 0/0
  4992 ;;		Unchanged: 0/0
  4993 ;; Data sizes:     COMRAM   BANK0   BANK1   BANK2   BANK3   BANK4   BANK5   BANK6   BANK7   BANK8   BANK9  BANK10  BANK1
      +1  BANK12  BANK13  BANK14  BANK15
  4994 ;;      Params:         2       0       0       0       0       0       0       0       0       0       0       0       
      +0       0       0       0       0
  4995 ;;      Locals:         0       0       0       0       0       0       0       0       0       0       0       0       
      +0       0       0       0       0
  4996 ;;      Temps:          0       0       0       0       0       0       0       0       0       0       0       0       
      +0       0       0       0       0
  4997 ;;      Totals:         2       0       0       0       0       0       0       0       0       0       0       0       
      +0       0       0       0       0
  4998 ;;Total ram usage:        2 bytes
  4999 ;; Hardware stack levels used: 1
  5000 ;; Hardware stack levels required when called: 2
  5001 ;; This function calls:
  5002 ;;		i2_I2C_SetBuffer
  5003 ;;		i2_I2C_SetDataCompleteCallback
  5004 ;; This function is called by:
  5005 ;;		_I2C_Read2ByteRegister
  5006 ;;		_I2C_DO_TX
  5007 ;;		_I2C_DO_RX
  5008 ;;		_I2C_DO_TX_EMPTY
  5009 ;;		_I2C_DO_ADDRESS_NACK
  5010 ;;		_I2C_DO_RX_EMPTY
  5011 ;; This function uses a non-reentrant model
  5012 ;;
  5013                           
  5014                           	psect	text64
  5015   0018AC                     __ptext64:
  5016                           	callstack 0
  5017   0018AC                     _rd2RegCompleteHandler:
  5018                           	callstack 19
  5019   0018AC                     
  5020                           ;mcc_generated_files/examples/i2c_master_example.c: 149: static i2c_operations_t rd2RegC
      +                          ompleteHandler(void *ptr);mcc_generated_files/examples/i2c_master_example.c: 150: {;mcc_
      +                          generated_files/examples/i2c_master_example.c: 151:     I2C_SetBuffer(ptr,2);
  5021   0018AC  C039  F030         	movff	rd2RegCompleteHandler@ptr,i2I2C_SetBuffer@buffer
  5022   0018B0  C03A  F031         	movff	rd2RegCompleteHandler@ptr+1,i2I2C_SetBuffer@buffer+1
  5023   0018B4  0E00               	movlw	0
  5024   0018B6  6E33               	movwf	(i2I2C_SetBuffer@bufferSize+1)^0,c
  5025   0018B8  0E02               	movlw	2
  5026   0018BA  6E32               	movwf	i2I2C_SetBuffer@bufferSize^0,c
  5027   0018BC  ECCB  F00C         	call	i2_I2C_SetBuffer	;wreg free
  5028   0018C0                     
  5029                           ;mcc_generated_files/examples/i2c_master_example.c: 152:     I2C_SetDataCompleteCallback
      +                          (((void*)0),((void*)0));
  5030   0018C0  0E00               	movlw	0
  5031   0018C2  6E35               	movwf	i2I2C_SetDataCompleteCallback@cb^0,c
  5032   0018C4  0E00               	movlw	0
  5033   0018C6  6E36               	movwf	(i2I2C_SetDataCompleteCallback@cb+1)^0,c
  5034   0018C8  0E00               	movlw	0
  5035   0018CA  6E37               	movwf	i2I2C_SetDataCompleteCallback@ptr^0,c
  5036   0018CC  0E00               	movlw	0
  5037   0018CE  6E38               	movwf	(i2I2C_SetDataCompleteCallback@ptr+1)^0,c
  5038   0018D0  EC0C  F00D         	call	i2_I2C_SetDataCompleteCallback	;wreg free
  5039   0018D4                     
  5040                           ;mcc_generated_files/examples/i2c_master_example.c: 153:     return I2C_RESTART_READ;
  5041   0018D4  0E02               	movlw	2
  5042   0018D6  0012               	return		;funcret
  5043   0018D8                     __end_of_rd2RegCompleteHandler:
  5044                           	callstack 0
  5045                           
  5046 ;; *************** function _rd1RegCompleteHandler *****************
  5047 ;; Defined at:
  5048 ;;		line 142 in file "mcc_generated_files/examples/i2c_master_example.c"
  5049 ;; Parameters:    Size  Location     Type
  5050 ;;  ptr             2    9[COMRAM] PTR void 
  5051 ;;		 -> I2C_ReadDataBlock@bufferBlock(4), I2C_Write2ByteRegister@data(2), I2C_Write1ByteRegister@data(1), I2C_Read2ByteR
      +egister@returnValue(2), 
  5052 ;;		 -> NULL(0), I2C_Read1ByteRegister@returnValue(1), 
  5053 ;; Auto vars:     Size  Location     Type
  5054 ;;		None
  5055 ;; Return value:  Size  Location     Type
  5056 ;;                  1    wreg      enum E360
  5057 ;; Registers used:
  5058 ;;		wreg, fsr2l, fsr2h, status,2, status,0, prodl, prodh, cstack
  5059 ;; Tracked objects:
  5060 ;;		On entry : 0/0
  5061 ;;		On exit  : 0/0
  5062 ;;		Unchanged: 0/0
  5063 ;; Data sizes:     COMRAM   BANK0   BANK1   BANK2   BANK3   BANK4   BANK5   BANK6   BANK7   BANK8   BANK9  BANK10  BANK1
      +1  BANK12  BANK13  BANK14  BANK15
  5064 ;;      Params:         2       0       0       0       0       0       0       0       0       0       0       0       
      +0       0       0       0       0
  5065 ;;      Locals:         0       0       0       0       0       0       0       0       0       0       0       0       
      +0       0       0       0       0
  5066 ;;      Temps:          0       0       0       0       0       0       0       0       0       0       0       0       
      +0       0       0       0       0
  5067 ;;      Totals:         2       0       0       0       0       0       0       0       0       0       0       0       
      +0       0       0       0       0
  5068 ;;Total ram usage:        2 bytes
  5069 ;; Hardware stack levels used: 1
  5070 ;; Hardware stack levels required when called: 2
  5071 ;; This function calls:
  5072 ;;		i2_I2C_SetBuffer
  5073 ;;		i2_I2C_SetDataCompleteCallback
  5074 ;; This function is called by:
  5075 ;;		_I2C_Read1ByteRegister
  5076 ;;		_I2C_DO_TX
  5077 ;;		_I2C_DO_RX
  5078 ;;		_I2C_DO_TX_EMPTY
  5079 ;;		_I2C_DO_ADDRESS_NACK
  5080 ;;		_I2C_DO_RX_EMPTY
  5081 ;; This function uses a non-reentrant model
  5082 ;;
  5083                           
  5084                           	psect	text65
  5085   0018D8                     __ptext65:
  5086                           	callstack 0
  5087   0018D8                     _rd1RegCompleteHandler:
  5088                           	callstack 19
  5089   0018D8                     
  5090                           ;mcc_generated_files/examples/i2c_master_example.c: 142: static i2c_operations_t rd1RegC
      +                          ompleteHandler(void *ptr);mcc_generated_files/examples/i2c_master_example.c: 143: {;mcc_
      +                          generated_files/examples/i2c_master_example.c: 144:     I2C_SetBuffer(ptr,1);
  5091   0018D8  C039  F030         	movff	rd1RegCompleteHandler@ptr,i2I2C_SetBuffer@buffer
  5092   0018DC  C03A  F031         	movff	rd1RegCompleteHandler@ptr+1,i2I2C_SetBuffer@buffer+1
  5093   0018E0  0E00               	movlw	0
  5094   0018E2  6E33               	movwf	(i2I2C_SetBuffer@bufferSize+1)^0,c
  5095   0018E4  0E01               	movlw	1
  5096   0018E6  6E32               	movwf	i2I2C_SetBuffer@bufferSize^0,c
  5097   0018E8  ECCB  F00C         	call	i2_I2C_SetBuffer	;wreg free
  5098   0018EC                     
  5099                           ;mcc_generated_files/examples/i2c_master_example.c: 145:     I2C_SetDataCompleteCallback
      +                          (((void*)0),((void*)0));
  5100   0018EC  0E00               	movlw	0
  5101   0018EE  6E35               	movwf	i2I2C_SetDataCompleteCallback@cb^0,c
  5102   0018F0  0E00               	movlw	0
  5103   0018F2  6E36               	movwf	(i2I2C_SetDataCompleteCallback@cb+1)^0,c
  5104   0018F4  0E00               	movlw	0
  5105   0018F6  6E37               	movwf	i2I2C_SetDataCompleteCallback@ptr^0,c
  5106   0018F8  0E00               	movlw	0
  5107   0018FA  6E38               	movwf	(i2I2C_SetDataCompleteCallback@ptr+1)^0,c
  5108   0018FC  EC0C  F00D         	call	i2_I2C_SetDataCompleteCallback	;wreg free
  5109   001900                     
  5110                           ;mcc_generated_files/examples/i2c_master_example.c: 146:     return I2C_RESTART_READ;
  5111   001900  0E02               	movlw	2
  5112   001902  0012               	return		;funcret
  5113   001904                     __end_of_rd1RegCompleteHandler:
  5114                           	callstack 0
  5115                           
  5116 ;; *************** function _wr2RegCompleteHandler *****************
  5117 ;; Defined at:
  5118 ;;		line 163 in file "mcc_generated_files/examples/i2c_master_example.c"
  5119 ;; Parameters:    Size  Location     Type
  5120 ;;  ptr             2    9[COMRAM] PTR void 
  5121 ;;		 -> I2C_ReadDataBlock@bufferBlock(4), I2C_Write2ByteRegister@data(2), I2C_Write1ByteRegister@data(1), I2C_Read2ByteR
      +egister@returnValue(2), 
  5122 ;;		 -> NULL(0), I2C_Read1ByteRegister@returnValue(1), 
  5123 ;; Auto vars:     Size  Location     Type
  5124 ;;		None
  5125 ;; Return value:  Size  Location     Type
  5126 ;;                  1    wreg      enum E360
  5127 ;; Registers used:
  5128 ;;		wreg, fsr2l, fsr2h, status,2, status,0, prodl, prodh, cstack
  5129 ;; Tracked objects:
  5130 ;;		On entry : 0/0
  5131 ;;		On exit  : 0/0
  5132 ;;		Unchanged: 0/0
  5133 ;; Data sizes:     COMRAM   BANK0   BANK1   BANK2   BANK3   BANK4   BANK5   BANK6   BANK7   BANK8   BANK9  BANK10  BANK1
      +1  BANK12  BANK13  BANK14  BANK15
  5134 ;;      Params:         2       0       0       0       0       0       0       0       0       0       0       0       
      +0       0       0       0       0
  5135 ;;      Locals:         0       0       0       0       0       0       0       0       0       0       0       0       
      +0       0       0       0       0
  5136 ;;      Temps:          0       0       0       0       0       0       0       0       0       0       0       0       
      +0       0       0       0       0
  5137 ;;      Totals:         2       0       0       0       0       0       0       0       0       0       0       0       
      +0       0       0       0       0
  5138 ;;Total ram usage:        2 bytes
  5139 ;; Hardware stack levels used: 1
  5140 ;; Hardware stack levels required when called: 2
  5141 ;; This function calls:
  5142 ;;		i2_I2C_SetBuffer
  5143 ;;		i2_I2C_SetDataCompleteCallback
  5144 ;; This function is called by:
  5145 ;;		_I2C_Write2ByteRegister
  5146 ;;		_I2C_DO_TX
  5147 ;;		_I2C_DO_RX
  5148 ;;		_I2C_DO_TX_EMPTY
  5149 ;;		_I2C_DO_ADDRESS_NACK
  5150 ;;		_I2C_DO_RX_EMPTY
  5151 ;; This function uses a non-reentrant model
  5152 ;;
  5153                           
  5154                           	psect	text66
  5155   001904                     __ptext66:
  5156                           	callstack 0
  5157   001904                     _wr2RegCompleteHandler:
  5158                           	callstack 19
  5159   001904                     
  5160                           ;mcc_generated_files/examples/i2c_master_example.c: 163: static i2c_operations_t wr2RegC
      +                          ompleteHandler(void *ptr);mcc_generated_files/examples/i2c_master_example.c: 164: {;mcc_
      +                          generated_files/examples/i2c_master_example.c: 165:     I2C_SetBuffer(ptr,2);
  5161   001904  C039  F030         	movff	wr2RegCompleteHandler@ptr,i2I2C_SetBuffer@buffer
  5162   001908  C03A  F031         	movff	wr2RegCompleteHandler@ptr+1,i2I2C_SetBuffer@buffer+1
  5163   00190C  0E00               	movlw	0
  5164   00190E  6E33               	movwf	(i2I2C_SetBuffer@bufferSize+1)^0,c
  5165   001910  0E02               	movlw	2
  5166   001912  6E32               	movwf	i2I2C_SetBuffer@bufferSize^0,c
  5167   001914  ECCB  F00C         	call	i2_I2C_SetBuffer	;wreg free
  5168   001918                     
  5169                           ;mcc_generated_files/examples/i2c_master_example.c: 166:     I2C_SetDataCompleteCallback
      +                          (((void*)0),((void*)0));
  5170   001918  0E00               	movlw	0
  5171   00191A  6E35               	movwf	i2I2C_SetDataCompleteCallback@cb^0,c
  5172   00191C  0E00               	movlw	0
  5173   00191E  6E36               	movwf	(i2I2C_SetDataCompleteCallback@cb+1)^0,c
  5174   001920  0E00               	movlw	0
  5175   001922  6E37               	movwf	i2I2C_SetDataCompleteCallback@ptr^0,c
  5176   001924  0E00               	movlw	0
  5177   001926  6E38               	movwf	(i2I2C_SetDataCompleteCallback@ptr+1)^0,c
  5178   001928  EC0C  F00D         	call	i2_I2C_SetDataCompleteCallback	;wreg free
  5179   00192C                     
  5180                           ;mcc_generated_files/examples/i2c_master_example.c: 167:     return I2C_CONTINUE;
  5181   00192C  0E04               	movlw	4
  5182   00192E  0012               	return		;funcret
  5183   001930                     __end_of_wr2RegCompleteHandler:
  5184                           	callstack 0
  5185                           
  5186 ;; *************** function i2_I2C_SetDataCompleteCallback *****************
  5187 ;; Defined at:
  5188 ;;		line 274 in file "mcc_generated_files/i2c_master.c"
  5189 ;; Parameters:    Size  Location     Type
  5190 ;;  cb              2    5[COMRAM] PTR FTN(PTR void ,)enum 
  5191 ;;		 -> Absolute function(1), rdBlkRegCompleteHandler(1), wr2RegCompleteHandler(1), wr1RegCompleteHandler(1), 
  5192 ;;		 -> rd2RegCompleteHandler(1), rd1RegCompleteHandler(1), 
  5193 ;;  ptr             2    7[COMRAM] PTR void 
  5194 ;;		 -> I2C_ReadDataBlock@bufferBlock(4), I2C_Write2ByteRegister@data(2), I2C_Write1ByteRegister@data(1), I2C_Read2ByteR
      +egister@returnValue(2), 
  5195 ;;		 -> NULL(0), I2C_Read1ByteRegister@returnValue(1), 
  5196 ;; Auto vars:     Size  Location     Type
  5197 ;;		None
  5198 ;; Return value:  Size  Location     Type
  5199 ;;                  1    wreg      void 
  5200 ;; Registers used:
  5201 ;;		wreg, fsr2l, fsr2h, status,2, status,0, prodl, prodh, cstack
  5202 ;; Tracked objects:
  5203 ;;		On entry : 0/0
  5204 ;;		On exit  : 0/0
  5205 ;;		Unchanged: 0/0
  5206 ;; Data sizes:     COMRAM   BANK0   BANK1   BANK2   BANK3   BANK4   BANK5   BANK6   BANK7   BANK8   BANK9  BANK10  BANK1
      +1  BANK12  BANK13  BANK14  BANK15
  5207 ;;      Params:         4       0       0       0       0       0       0       0       0       0       0       0       
      +0       0       0       0       0
  5208 ;;      Locals:         0       0       0       0       0       0       0       0       0       0       0       0       
      +0       0       0       0       0
  5209 ;;      Temps:          0       0       0       0       0       0       0       0       0       0       0       0       
      +0       0       0       0       0
  5210 ;;      Totals:         4       0       0       0       0       0       0       0       0       0       0       0       
      +0       0       0       0       0
  5211 ;;Total ram usage:        4 bytes
  5212 ;; Hardware stack levels used: 1
  5213 ;; Hardware stack levels required when called: 1
  5214 ;; This function calls:
  5215 ;;		i2_I2C_SetCallback
  5216 ;; This function is called by:
  5217 ;;		_rd1RegCompleteHandler
  5218 ;;		_rd2RegCompleteHandler
  5219 ;;		_wr1RegCompleteHandler
  5220 ;;		_wr2RegCompleteHandler
  5221 ;;		_rdBlkRegCompleteHandler
  5222 ;; This function uses a non-reentrant model
  5223 ;;
  5224                           
  5225                           	psect	text67
  5226   001A18                     __ptext67:
  5227                           	callstack 0
  5228   001A18                     i2_I2C_SetDataCompleteCallback:
  5229                           	callstack 19
  5230   001A18                     
  5231                           ;mcc_generated_files/i2c_master.c: 274: void I2C_SetDataCompleteCallback(i2c_callback_t 
      +                          cb, void *ptr);mcc_generated_files/i2c_master.c: 275: {;mcc_generated_files/i2c_master.c
      +                          : 276:     I2C_SetCallback(I2C_DATA_COMPLETE, cb, ptr);
  5232   001A18  C035  F030         	movff	i2I2C_SetDataCompleteCallback@cb,i2I2C_SetCallback@cb
  5233   001A1C  C036  F031         	movff	i2I2C_SetDataCompleteCallback@cb+1,i2I2C_SetCallback@cb+1
  5234   001A20  C037  F032         	movff	i2I2C_SetDataCompleteCallback@ptr,i2I2C_SetCallback@ptr
  5235   001A24  C038  F033         	movff	i2I2C_SetDataCompleteCallback@ptr+1,i2I2C_SetCallback@ptr+1
  5236   001A28  0E00               	movlw	0
  5237   001A2A  EC2F  F00A         	call	i2_I2C_SetCallback
  5238   001A2E  0012               	return		;funcret
  5239   001A30                     __end_ofi2_I2C_SetDataCompleteCallback:
  5240                           	callstack 0
  5241                           
  5242 ;; *************** function i2_I2C_SetCallback *****************
  5243 ;; Defined at:
  5244 ;;		line 304 in file "mcc_generated_files/i2c_master.c"
  5245 ;; Parameters:    Size  Location     Type
  5246 ;;  idx             1    wreg     enum E3136
  5247 ;;  cb              2    0[COMRAM] PTR FTN(PTR void ,)enum 
  5248 ;;		 -> Absolute function(1), rdBlkRegCompleteHandler(1), wr2RegCompleteHandler(1), wr1RegCompleteHandler(1), 
  5249 ;;		 -> rd2RegCompleteHandler(1), rd1RegCompleteHandler(1), 
  5250 ;;  ptr             2    2[COMRAM] PTR void 
  5251 ;;		 -> I2C_ReadDataBlock@bufferBlock(4), I2C_Write2ByteRegister@data(2), I2C_Write1ByteRegister@data(1), I2C_Read2ByteR
      +egister@returnValue(2), 
  5252 ;;		 -> NULL(0), I2C_Read1ByteRegister@returnValue(1), 
  5253 ;; Auto vars:     Size  Location     Type
  5254 ;;  idx             1    4[COMRAM] enum E3136
  5255 ;; Return value:  Size  Location     Type
  5256 ;;                  1    wreg      void 
  5257 ;; Registers used:
  5258 ;;		wreg, fsr2l, fsr2h, status,2, status,0, prodl, prodh
  5259 ;; Tracked objects:
  5260 ;;		On entry : 0/0
  5261 ;;		On exit  : 0/0
  5262 ;;		Unchanged: 0/0
  5263 ;; Data sizes:     COMRAM   BANK0   BANK1   BANK2   BANK3   BANK4   BANK5   BANK6   BANK7   BANK8   BANK9  BANK10  BANK1
      +1  BANK12  BANK13  BANK14  BANK15
  5264 ;;      Params:         4       0       0       0       0       0       0       0       0       0       0       0       
      +0       0       0       0       0
  5265 ;;      Locals:         1       0       0       0       0       0       0       0       0       0       0       0       
      +0       0       0       0       0
  5266 ;;      Temps:          0       0       0       0       0       0       0       0       0       0       0       0       
      +0       0       0       0       0
  5267 ;;      Totals:         5       0       0       0       0       0       0       0       0       0       0       0       
      +0       0       0       0       0
  5268 ;;Total ram usage:        5 bytes
  5269 ;; Hardware stack levels used: 1
  5270 ;; This function calls:
  5271 ;;		Nothing
  5272 ;; This function is called by:
  5273 ;;		i2_I2C_SetDataCompleteCallback
  5274 ;; This function uses a non-reentrant model
  5275 ;;
  5276                           
  5277                           	psect	text68
  5278   00145E                     __ptext68:
  5279                           	callstack 0
  5280   00145E                     i2_I2C_SetCallback:
  5281                           	callstack 19
  5282                           
  5283                           ;incstack = 0
  5284                           ;i2I2C_SetCallback@idx stored from wreg
  5285   00145E  6E34               	movwf	i2I2C_SetCallback@idx^0,c
  5286   001460                     
  5287                           ;mcc_generated_files/i2c_master.c: 304: static void I2C_SetCallback(i2c_callbackIndex_t 
      +                          idx, i2c_callback_t cb, void *ptr);mcc_generated_files/i2c_master.c: 305: {;mcc_generate
      +                          d_files/i2c_master.c: 306:     if(cb)
  5288   001460  5030               	movf	i2I2C_SetCallback@cb^0,w,c
  5289   001462  1031               	iorwf	(i2I2C_SetCallback@cb+1)^0,w,c
  5290   001464  B4D8               	btfsc	status,2,c
  5291   001466  EF37  F00A         	goto	i2u110_41
  5292   00146A  EF39  F00A         	goto	i2u110_40
  5293   00146E                     i2u110_41:
  5294   00146E  EF53  F00A         	goto	i2l2990
  5295   001472                     i2u110_40:
  5296   001472                     
  5297                           ;mcc_generated_files/i2c_master.c: 307:     {;mcc_generated_files/i2c_master.c: 308:    
      +                               I2C_Status.callbackTable[idx] = cb;
  5298   001472  5034               	movf	i2I2C_SetCallback@idx^0,w,c
  5299   001474  0D02               	mullw	2
  5300   001476  0E01               	movlw	low _I2C_Status
  5301   001478  24F3               	addwf	243,w,c
  5302   00147A  6ED9               	movwf	fsr2l,c
  5303   00147C  0E00               	movlw	high _I2C_Status
  5304   00147E  20F4               	addwfc	prodh,w,c
  5305   001480  6EDA               	movwf	fsr2h,c
  5306   001482  C030  FFDE         	movff	i2I2C_SetCallback@cb,postinc2
  5307   001486  C031  FFDD         	movff	i2I2C_SetCallback@cb+1,postdec2
  5308                           
  5309                           ;mcc_generated_files/i2c_master.c: 309:         I2C_Status.callbackPayload[idx] = ptr;
  5310   00148A  5034               	movf	i2I2C_SetCallback@idx^0,w,c
  5311   00148C  0D02               	mullw	2
  5312   00148E  0E0D               	movlw	low (_I2C_Status+12)
  5313   001490  24F3               	addwf	243,w,c
  5314   001492  6ED9               	movwf	fsr2l,c
  5315   001494  0E00               	movlw	high (_I2C_Status+12)
  5316   001496  20F4               	addwfc	prodh,w,c
  5317   001498  6EDA               	movwf	fsr2h,c
  5318   00149A  C032  FFDE         	movff	i2I2C_SetCallback@ptr,postinc2
  5319   00149E  C033  FFDD         	movff	i2I2C_SetCallback@ptr+1,postdec2
  5320                           
  5321                           ;mcc_generated_files/i2c_master.c: 310:     }
  5322   0014A2  EF6B  F00A         	goto	i2l486
  5323   0014A6                     i2l2990:
  5324                           
  5325                           ;mcc_generated_files/i2c_master.c: 312:     {;mcc_generated_files/i2c_master.c: 313:    
      +                               I2C_Status.callbackTable[idx] = I2C_CallbackReturnStop;
  5326   0014A6  5034               	movf	i2I2C_SetCallback@idx^0,w,c
  5327   0014A8  0D02               	mullw	2
  5328   0014AA  0E01               	movlw	low _I2C_Status
  5329   0014AC  24F3               	addwf	243,w,c
  5330   0014AE  6ED9               	movwf	fsr2l,c
  5331   0014B0  0E00               	movlw	high _I2C_Status
  5332   0014B2  20F4               	addwfc	prodh,w,c
  5333   0014B4  6EDA               	movwf	fsr2h,c
  5334   0014B6  0E74               	movlw	low _I2C_CallbackReturnStop
  5335   0014B8  6EDE               	movwf	postinc2,c
  5336   0014BA  0E1B               	movlw	high _I2C_CallbackReturnStop
  5337   0014BC  6EDD               	movwf	postdec2,c
  5338                           
  5339                           ;mcc_generated_files/i2c_master.c: 314:         I2C_Status.callbackPayload[idx] = ((void
      +                          *)0);
  5340   0014BE  5034               	movf	i2I2C_SetCallback@idx^0,w,c
  5341   0014C0  0D02               	mullw	2
  5342   0014C2  0E0D               	movlw	low (_I2C_Status+12)
  5343   0014C4  24F3               	addwf	243,w,c
  5344   0014C6  6ED9               	movwf	fsr2l,c
  5345   0014C8  0E00               	movlw	high (_I2C_Status+12)
  5346   0014CA  20F4               	addwfc	prodh,w,c
  5347   0014CC  6EDA               	movwf	fsr2h,c
  5348   0014CE  0E00               	movlw	0
  5349   0014D0  6EDE               	movwf	postinc2,c
  5350   0014D2  0E00               	movlw	0
  5351   0014D4  6EDD               	movwf	postdec2,c
  5352   0014D6                     i2l486:
  5353   0014D6  0012               	return		;funcret
  5354   0014D8                     __end_ofi2_I2C_SetCallback:
  5355                           	callstack 0
  5356                           
  5357 ;; *************** function i2_I2C_SetBuffer *****************
  5358 ;; Defined at:
  5359 ;;		line 264 in file "mcc_generated_files/i2c_master.c"
  5360 ;; Parameters:    Size  Location     Type
  5361 ;;  buffer          2    0[COMRAM] PTR void 
  5362 ;;		 -> I2C_Read1ByteRegister@returnValue.data(3), I2C_Read2ByteRegister@returnValue.data(3), I2C_Write1ByteRegister@dat
      +a.data(3), I2C_Write2ByteRegister@data.data(3), 
  5363 ;;		 -> I2C_ReadDataBlock@reg(1), I2C_ReadDataBlock@bufferBlock(4), bufferBlock.data(3), I2C_Write2ByteRegister@reg(1), 
  5364 ;;		 -> I2C_Write2ByteRegister@data(2), I2C_Write1ByteRegister@reg(1), I2C_Write1ByteRegister@data(1), I2C_Read2ByteRegi
      +ster@reg(1), 
  5365 ;;		 -> I2C_Read2ByteRegister@returnValue(2), NULL(0), I2C_Read1ByteRegister@reg(1), I2C_Read1ByteRegister@returnValue(1
      +), 
  5366 ;;  bufferSize      2    2[COMRAM] unsigned int 
  5367 ;; Auto vars:     Size  Location     Type
  5368 ;;		None
  5369 ;; Return value:  Size  Location     Type
  5370 ;;                  1    wreg      void 
  5371 ;; Registers used:
  5372 ;;		wreg, status,2, status,0
  5373 ;; Tracked objects:
  5374 ;;		On entry : 0/0
  5375 ;;		On exit  : 0/0
  5376 ;;		Unchanged: 0/0
  5377 ;; Data sizes:     COMRAM   BANK0   BANK1   BANK2   BANK3   BANK4   BANK5   BANK6   BANK7   BANK8   BANK9  BANK10  BANK1
      +1  BANK12  BANK13  BANK14  BANK15
  5378 ;;      Params:         4       0       0       0       0       0       0       0       0       0       0       0       
      +0       0       0       0       0
  5379 ;;      Locals:         0       0       0       0       0       0       0       0       0       0       0       0       
      +0       0       0       0       0
  5380 ;;      Temps:          0       0       0       0       0       0       0       0       0       0       0       0       
      +0       0       0       0       0
  5381 ;;      Totals:         4       0       0       0       0       0       0       0       0       0       0       0       
      +0       0       0       0       0
  5382 ;;Total ram usage:        4 bytes
  5383 ;; Hardware stack levels used: 1
  5384 ;; This function calls:
  5385 ;;		Nothing
  5386 ;; This function is called by:
  5387 ;;		_rd1RegCompleteHandler
  5388 ;;		_rd2RegCompleteHandler
  5389 ;;		_wr1RegCompleteHandler
  5390 ;;		_wr2RegCompleteHandler
  5391 ;;		_rdBlkRegCompleteHandler
  5392 ;; This function uses a non-reentrant model
  5393 ;;
  5394                           
  5395                           	psect	text69
  5396   001996                     __ptext69:
  5397                           	callstack 0
  5398   001996                     i2_I2C_SetBuffer:
  5399                           	callstack 20
  5400   001996                     
  5401                           ;mcc_generated_files/i2c_master.c: 264: void I2C_SetBuffer(void *buffer, size_t bufferSi
      +                          ze);mcc_generated_files/i2c_master.c: 265: {;mcc_generated_files/i2c_master.c: 266:     
      +                          if(I2C_Status.bufferFree)
  5402   001996  A624               	btfss	(_I2C_Status+35)^0,3,c
  5403   001998  EFD0  F00C         	goto	i2u111_41
  5404   00199C  EFD2  F00C         	goto	i2u111_40
  5405   0019A0                     i2u111_41:
  5406   0019A0  EFDB  F00C         	goto	i2l463
  5407   0019A4                     i2u111_40:
  5408   0019A4                     
  5409                           ;mcc_generated_files/i2c_master.c: 267:     {;mcc_generated_files/i2c_master.c: 268:    
      +                               I2C_Status.data_ptr = buffer;
  5410   0019A4  C030  F01E         	movff	i2I2C_SetBuffer@buffer,_I2C_Status+29
  5411   0019A8  C031  F01F         	movff	i2I2C_SetBuffer@buffer+1,_I2C_Status+30
  5412   0019AC                     
  5413                           ;mcc_generated_files/i2c_master.c: 269:         I2C_Status.data_length = bufferSize;
  5414   0019AC  C032  F020         	movff	i2I2C_SetBuffer@bufferSize,_I2C_Status+31
  5415   0019B0  C033  F021         	movff	i2I2C_SetBuffer@bufferSize+1,_I2C_Status+32
  5416   0019B4                     
  5417                           ;mcc_generated_files/i2c_master.c: 270:         I2C_Status.bufferFree = 0;
  5418   0019B4  9624               	bcf	(_I2C_Status+35)^0,3,c
  5419   0019B6                     i2l463:
  5420   0019B6  0012               	return		;funcret
  5421   0019B8                     __end_ofi2_I2C_SetBuffer:
  5422                           	callstack 0
  5423                           
  5424 ;; *************** function _I2C_MasterStop *****************
  5425 ;; Defined at:
  5426 ;;		line 594 in file "mcc_generated_files/i2c_master.c"
  5427 ;; Parameters:    Size  Location     Type
  5428 ;;		None
  5429 ;; Auto vars:     Size  Location     Type
  5430 ;;		None
  5431 ;; Return value:  Size  Location     Type
  5432 ;;                  1    wreg      void 
  5433 ;; Registers used:
  5434 ;;		None
  5435 ;; Tracked objects:
  5436 ;;		On entry : 0/0
  5437 ;;		On exit  : 0/0
  5438 ;;		Unchanged: 0/0
  5439 ;; Data sizes:     COMRAM   BANK0   BANK1   BANK2   BANK3   BANK4   BANK5   BANK6   BANK7   BANK8   BANK9  BANK10  BANK1
      +1  BANK12  BANK13  BANK14  BANK15
  5440 ;;      Params:         0       0       0       0       0       0       0       0       0       0       0       0       
      +0       0       0       0       0
  5441 ;;      Locals:         0       0       0       0       0       0       0       0       0       0       0       0       
      +0       0       0       0       0
  5442 ;;      Temps:          0       0       0       0       0       0       0       0       0       0       0       0       
      +0       0       0       0       0
  5443 ;;      Totals:         0       0       0       0       0       0       0       0       0       0       0       0       
      +0       0       0       0       0
  5444 ;;Total ram usage:        0 bytes
  5445 ;; Hardware stack levels used: 1
  5446 ;; This function calls:
  5447 ;;		Nothing
  5448 ;; This function is called by:
  5449 ;;		_I2C_DO_SEND_STOP
  5450 ;; This function uses a non-reentrant model
  5451 ;;
  5452                           
  5453                           	psect	text70
  5454   001B78                     __ptext70:
  5455                           	callstack 0
  5456   001B78                     _I2C_MasterStop:
  5457                           	callstack 20
  5458   001B78                     
  5459                           ;mcc_generated_files/i2c_master.c: 596:     SSPCON2bits.PEN = 1;
  5460   001B78  84C5               	bsf	197,2,c	;volatile
  5461   001B7A  0012               	return		;funcret
  5462   001B7C                     __end_of_I2C_MasterStop:
  5463                           	callstack 0
  5464                           
  5465 ;; *************** function _I2C_MasterEnableRestart *****************
  5466 ;; Defined at:
  5467 ;;		line 574 in file "mcc_generated_files/i2c_master.c"
  5468 ;; Parameters:    Size  Location     Type
  5469 ;;		None
  5470 ;; Auto vars:     Size  Location     Type
  5471 ;;		None
  5472 ;; Return value:  Size  Location     Type
  5473 ;;                  1    wreg      void 
  5474 ;; Registers used:
  5475 ;;		None
  5476 ;; Tracked objects:
  5477 ;;		On entry : 0/0
  5478 ;;		On exit  : 0/0
  5479 ;;		Unchanged: 0/0
  5480 ;; Data sizes:     COMRAM   BANK0   BANK1   BANK2   BANK3   BANK4   BANK5   BANK6   BANK7   BANK8   BANK9  BANK10  BANK1
      +1  BANK12  BANK13  BANK14  BANK15
  5481 ;;      Params:         0       0       0       0       0       0       0       0       0       0       0       0       
      +0       0       0       0       0
  5482 ;;      Locals:         0       0       0       0       0       0       0       0       0       0       0       0       
      +0       0       0       0       0
  5483 ;;      Temps:          0       0       0       0       0       0       0       0       0       0       0       0       
      +0       0       0       0       0
  5484 ;;      Totals:         0       0       0       0       0       0       0       0       0       0       0       0       
      +0       0       0       0       0
  5485 ;;Total ram usage:        0 bytes
  5486 ;; Hardware stack levels used: 1
  5487 ;; This function calls:
  5488 ;;		Nothing
  5489 ;; This function is called by:
  5490 ;;		_I2C_DO_SEND_RESTART_READ
  5491 ;;		_I2C_DO_SEND_RESTART_WRITE
  5492 ;;		_I2C_DO_SEND_RESTART
  5493 ;;		_I2C_DO_RX_EMPTY
  5494 ;; This function uses a non-reentrant model
  5495 ;;
  5496                           
  5497                           	psect	text71
  5498   001B7C                     __ptext71:
  5499                           	callstack 0
  5500   001B7C                     _I2C_MasterEnableRestart:
  5501                           	callstack 20
  5502   001B7C                     
  5503                           ;mcc_generated_files/i2c_master.c: 576:     SSPCON2bits.RSEN = 1;
  5504   001B7C  82C5               	bsf	197,1,c	;volatile
  5505   001B7E  0012               	return		;funcret
  5506   001B80                     __end_of_I2C_MasterEnableRestart:
  5507                           	callstack 0
  5508                           
  5509                           	psect	text72
  5510   000000                     __ptext72:
  5511                           	callstack 0
  5512   000000                     
  5513                           	psect	rparam
  5514   000000                     
  5515                           	psect	temp
  5516   00004D                     btemp:
  5517                           	callstack 0
  5518   00004D                     	ds	1
  5519   000000                     int$flags	set	btemp
  5520   000000                     wtemp8	set	btemp+1
  5521   000000                     ttemp5	set	btemp+1
  5522   000000                     ttemp6	set	btemp+4
  5523   000000                     ttemp7	set	btemp+8
  5524                           
  5525                           	psect	idloc
  5526                           
  5527                           ;Config register IDLOC0 @ 0x200000
  5528                           ;	unspecified, using default values
  5529   200000                     	org	2097152
  5530   200000  FF                 	db	255
  5531                           
  5532                           ;Config register IDLOC1 @ 0x200001
  5533                           ;	unspecified, using default values
  5534   200001                     	org	2097153
  5535   200001  FF                 	db	255
  5536                           
  5537                           ;Config register IDLOC2 @ 0x200002
  5538                           ;	unspecified, using default values
  5539   200002                     	org	2097154
  5540   200002  FF                 	db	255
  5541                           
  5542                           ;Config register IDLOC3 @ 0x200003
  5543                           ;	unspecified, using default values
  5544   200003                     	org	2097155
  5545   200003  FF                 	db	255
  5546                           
  5547                           ;Config register IDLOC4 @ 0x200004
  5548                           ;	unspecified, using default values
  5549   200004                     	org	2097156
  5550   200004  FF                 	db	255
  5551                           
  5552                           ;Config register IDLOC5 @ 0x200005
  5553                           ;	unspecified, using default values
  5554   200005                     	org	2097157
  5555   200005  FF                 	db	255
  5556                           
  5557                           ;Config register IDLOC6 @ 0x200006
  5558                           ;	unspecified, using default values
  5559   200006                     	org	2097158
  5560   200006  FF                 	db	255
  5561                           
  5562                           ;Config register IDLOC7 @ 0x200007
  5563                           ;	unspecified, using default values
  5564   200007                     	org	2097159
  5565   200007  FF                 	db	255
  5566                           
  5567                           	psect	config
  5568                           
  5569                           ; Padding undefined space
  5570   300000                     	org	3145728
  5571   300000  FF                 	db	255
  5572                           
  5573                           ;Config register CONFIG1H @ 0x300001
  5574                           ;	Oscillator Selection bits
  5575                           ;	FOSC = HS, HS oscillator
  5576                           ;	Fail-Safe Clock Monitor Enable bit
  5577                           ;	FCMEN = OFF, Fail-Safe Clock Monitor disabled
  5578                           ;	Internal/External Oscillator Switchover bit
  5579                           ;	IESO = OFF, Oscillator Switchover mode disabled
  5580   300001                     	org	3145729
  5581   300001  02                 	db	2
  5582                           
  5583                           ;Config register CONFIG2L @ 0x300002
  5584                           ;	Power-up Timer Enable bit
  5585                           ;	PWRT = OFF, PWRT disabled
  5586                           ;	Brown-out Reset Enable bits
  5587                           ;	BOREN = SBORDIS, Brown-out Reset enabled in hardware only (SBOREN is disabled)
  5588                           ;	Brown Out Reset Voltage bits
  5589                           ;	BORV = 18, VBOR set to 1.8 V nominal
  5590   300002                     	org	3145730
  5591   300002  1F                 	db	31
  5592                           
  5593                           ;Config register CONFIG2H @ 0x300003
  5594                           ;	Watchdog Timer Enable bit
  5595                           ;	WDTEN = OFF, WDT is controlled by SWDTEN bit of the WDTCON register
  5596                           ;	Watchdog Timer Postscale Select bits
  5597                           ;	WDTPS = 32768, 1:32768
  5598   300003                     	org	3145731
  5599   300003  1E                 	db	30
  5600                           
  5601                           ; Padding undefined space
  5602   300004                     	org	3145732
  5603   300004  FF                 	db	255
  5604                           
  5605                           ;Config register CONFIG3H @ 0x300005
  5606                           ;	CCP2 MUX bit
  5607                           ;	CCP2MX = PORTC, CCP2 input/output is multiplexed with RC1
  5608                           ;	PORTB A/D Enable bit
  5609                           ;	PBADEN = ON, PORTB<4:0> pins are configured as analog input channels on Reset
  5610                           ;	Low-Power Timer1 Oscillator Enable bit
  5611                           ;	LPT1OSC = OFF, Timer1 configured for higher power operation
  5612                           ;	HFINTOSC Fast Start-up
  5613                           ;	HFOFST = ON, HFINTOSC starts clocking the CPU without waiting for the oscillator to st
      +                          ablize.
  5614                           ;	MCLR Pin Enable bit
  5615                           ;	MCLRE = ON, MCLR pin enabled; RE3 input pin disabled
  5616   300005                     	org	3145733
  5617   300005  8B                 	db	139
  5618                           
  5619                           ;Config register CONFIG4L @ 0x300006
  5620                           ;	Stack Full/Underflow Reset Enable bit
  5621                           ;	STVREN = ON, Stack full/underflow will cause Reset
  5622                           ;	Single-Supply ICSP Enable bit
  5623                           ;	LVP = ON, Single-Supply ICSP enabled
  5624                           ;	Extended Instruction Set Enable bit
  5625                           ;	XINST = OFF, Instruction set extension and Indexed Addressing mode disabled (Legacy mo
      +                          de)
  5626                           ;	Background Debugger Enable bit
  5627                           ;	DEBUG = OFF, Background debugger disabled, RB6 and RB7 configured as general purpose I
      +                          /O pins
  5628   300006                     	org	3145734
  5629   300006  85                 	db	133
  5630                           
  5631                           ; Padding undefined space
  5632   300007                     	org	3145735
  5633   300007  FF                 	db	255
  5634                           
  5635                           ;Config register CONFIG5L @ 0x300008
  5636                           ;	Code Protection Block 0
  5637                           ;	CP0 = OFF, Block 0 (000800-003FFFh) not code-protected
  5638                           ;	Code Protection Block 1
  5639                           ;	CP1 = OFF, Block 1 (004000-007FFFh) not code-protected
  5640                           ;	Code Protection Block 2
  5641                           ;	CP2 = OFF, Block 2 (008000-00BFFFh) not code-protected
  5642                           ;	Code Protection Block 3
  5643                           ;	CP3 = OFF, Block 3 (00C000-00FFFFh) not code-protected
  5644   300008                     	org	3145736
  5645   300008  0F                 	db	15
  5646                           
  5647                           ;Config register CONFIG5H @ 0x300009
  5648                           ;	Boot Block Code Protection bit
  5649                           ;	CPB = OFF, Boot block (000000-0007FFh) not code-protected
  5650                           ;	Data EEPROM Code Protection bit
  5651                           ;	CPD = OFF, Data EEPROM not code-protected
  5652   300009                     	org	3145737
  5653   300009  C0                 	db	192
  5654                           
  5655                           ;Config register CONFIG6L @ 0x30000A
  5656                           ;	Write Protection Block 0
  5657                           ;	WRT0 = OFF, Block 0 (000800-003FFFh) not write-protected
  5658                           ;	Write Protection Block 1
  5659                           ;	WRT1 = OFF, Block 1 (004000-007FFFh) not write-protected
  5660                           ;	Write Protection Block 2
  5661                           ;	WRT2 = OFF, Block 2 (008000-00BFFFh) not write-protected
  5662                           ;	Write Protection Block 3
  5663                           ;	WRT3 = OFF, Block 3 (00C000h-00FFFFh) not write-protected
  5664   30000A                     	org	3145738
  5665   30000A  0F                 	db	15
  5666                           
  5667                           ;Config register CONFIG6H @ 0x30000B
  5668                           ;	Configuration Register Write Protection bit
  5669                           ;	WRTC = OFF, Configuration registers (300000-3000FFh) not write-protected
  5670                           ;	Boot Block Write Protection bit
  5671                           ;	WRTB = OFF, Boot Block (000000-0007FFh) not write-protected
  5672                           ;	Data EEPROM Write Protection bit
  5673                           ;	WRTD = OFF, Data EEPROM not write-protected
  5674   30000B                     	org	3145739
  5675   30000B  E0                 	db	224
  5676                           
  5677                           ;Config register CONFIG7L @ 0x30000C
  5678                           ;	Table Read Protection Block 0
  5679                           ;	EBTR0 = OFF, Block 0 (000800-003FFFh) not protected from table reads executed in other
      +                           blocks
  5680                           ;	Table Read Protection Block 1
  5681                           ;	EBTR1 = OFF, Block 1 (004000-007FFFh) not protected from table reads executed in other
      +                           blocks
  5682                           ;	Table Read Protection Block 2
  5683                           ;	EBTR2 = OFF, Block 2 (008000-00BFFFh) not protected from table reads executed in other
      +                           blocks
  5684                           ;	Table Read Protection Block 3
  5685                           ;	EBTR3 = OFF, Block 3 (00C000-00FFFFh) not protected from table reads executed in other
      +                           blocks
  5686   30000C                     	org	3145740
  5687   30000C  0F                 	db	15
  5688                           
  5689                           ;Config register CONFIG7H @ 0x30000D
  5690                           ;	Boot Block Table Read Protection bit
  5691                           ;	EBTRB = OFF, Boot Block (000000-0007FFh) not protected from table reads executed in ot
      +                          her blocks
  5692   30000D                     	org	3145741
  5693   30000D  40                 	db	64
  5694                           tosu	equ	0xFFF
  5695                           tosh	equ	0xFFE
  5696                           tosl	equ	0xFFD
  5697                           stkptr	equ	0xFFC
  5698                           pclatu	equ	0xFFB
  5699                           pclath	equ	0xFFA
  5700                           pcl	equ	0xFF9
  5701                           tblptru	equ	0xFF8
  5702                           tblptrh	equ	0xFF7
  5703                           tblptrl	equ	0xFF6
  5704                           tablat	equ	0xFF5
  5705                           prodh	equ	0xFF4
  5706                           prodl	equ	0xFF3
  5707                           indf0	equ	0xFEF
  5708                           postinc0	equ	0xFEE
  5709                           postdec0	equ	0xFED
  5710                           preinc0	equ	0xFEC
  5711                           plusw0	equ	0xFEB
  5712                           fsr0h	equ	0xFEA
  5713                           fsr0l	equ	0xFE9
  5714                           wreg	equ	0xFE8
  5715                           indf1	equ	0xFE7
  5716                           postinc1	equ	0xFE6
  5717                           postdec1	equ	0xFE5
  5718                           preinc1	equ	0xFE4
  5719                           plusw1	equ	0xFE3
  5720                           fsr1h	equ	0xFE2
  5721                           fsr1l	equ	0xFE1
  5722                           bsr	equ	0xFE0
  5723                           indf2	equ	0xFDF
  5724                           postinc2	equ	0xFDE
  5725                           postdec2	equ	0xFDD
  5726                           preinc2	equ	0xFDC
  5727                           plusw2	equ	0xFDB
  5728                           fsr2h	equ	0xFDA
  5729                           fsr2l	equ	0xFD9
  5730                           status	equ	0xFD8

Data Sizes:
    Strings     23
    Constant    32
    Data        0
    BSS         71
    Persistent  6
    Stack       0

Auto Spaces:
    Space          Size  Autos    Used
    COMRAM           94     25      76
    BANK0           160     18      44
    BANK1           256      0       0
    BANK2           256      0       0
    BANK3           256      0       0
    BANK4           256      0       0
    BANK5           256      0       0
    BANK6           256      0       0
    BANK7           256      0       0
    BANK8           256      0       0
    BANK9           256      0       0
    BANK10          256      0       0
    BANK11          256      0       0
    BANK12          256      0       0
    BANK13          256      0       0
    BANK14          256      0       0
    BANK15           96      0       0

Pointer List with Targets:

    I2C_Read1ByteRegister@returnValue.data	PTR unsigned char  size(2) Largest target is 0

    I2C_Read2ByteRegister@returnValue.data	PTR unsigned char  size(2) Largest target is 0

    I2C_Write1ByteRegister@data.data	PTR unsigned char  size(2) Largest target is 0

    I2C_Write2ByteRegister@data.data	PTR unsigned char  size(2) Largest target is 0

    I2C_DO_TX$2445$0	PTR void  size(2) Largest target is 5
		 -> I2C_ReadDataBlock@bufferBlock(COMRAM[4]), I2C_Write2ByteRegister@data(COMRAM[2]), I2C_Write1ByteRegister@data(BANK0[1]), I2C_Read2ByteRegister@returnValue(COMRAM[2]), 
		 -> NULL(NULL[0]), I2C_Read1ByteRegister@returnValue(BANK0[1]), 

    I2C_DO_RX$2451$0	PTR void  size(2) Largest target is 5
		 -> I2C_ReadDataBlock@bufferBlock(COMRAM[4]), I2C_Write2ByteRegister@data(COMRAM[2]), I2C_Write1ByteRegister@data(BANK0[1]), I2C_Read2ByteRegister@returnValue(COMRAM[2]), 
		 -> NULL(NULL[0]), I2C_Read1ByteRegister@returnValue(BANK0[1]), 

    I2C_DO_TX_EMPTY$2457$0	PTR void  size(2) Largest target is 5
		 -> I2C_ReadDataBlock@bufferBlock(COMRAM[4]), I2C_Write2ByteRegister@data(COMRAM[2]), I2C_Write1ByteRegister@data(BANK0[1]), I2C_Read2ByteRegister@returnValue(COMRAM[2]), 
		 -> NULL(NULL[0]), I2C_Read1ByteRegister@returnValue(BANK0[1]), 

    I2C_DO_RX_EMPTY$2463$0	PTR void  size(2) Largest target is 5
		 -> I2C_ReadDataBlock@bufferBlock(COMRAM[4]), I2C_Write2ByteRegister@data(COMRAM[2]), I2C_Write1ByteRegister@data(BANK0[1]), I2C_Read2ByteRegister@returnValue(COMRAM[2]), 
		 -> NULL(NULL[0]), I2C_Read1ByteRegister@returnValue(BANK0[1]), 

    I2C_DO_TX_EMPTY$2462	PTR void  size(2) Largest target is 5
		 -> I2C_ReadDataBlock@bufferBlock(COMRAM[4]), I2C_Write2ByteRegister@data(COMRAM[2]), I2C_Write1ByteRegister@data(BANK0[1]), I2C_Read2ByteRegister@returnValue(COMRAM[2]), 
		 -> NULL(NULL[0]), I2C_Read1ByteRegister@returnValue(BANK0[1]), 

    I2C_DO_TX_EMPTY$2457	PTR FTN(PTR void ,)enum E360 size(2) Largest target is 1
		 -> I2C_CallbackReturnReset(), I2C_CallbackReturnStop(), Absolute function(), rdBlkRegCompleteHandler(), 
		 -> wr2RegCompleteHandler(), wr1RegCompleteHandler(), rd2RegCompleteHandler(), rd1RegCompleteHandler(), 

    I2C_DO_RX$2456	PTR void  size(2) Largest target is 5
		 -> I2C_ReadDataBlock@bufferBlock(COMRAM[4]), I2C_Write2ByteRegister@data(COMRAM[2]), I2C_Write1ByteRegister@data(BANK0[1]), I2C_Read2ByteRegister@returnValue(COMRAM[2]), 
		 -> NULL(NULL[0]), I2C_Read1ByteRegister@returnValue(BANK0[1]), 

    I2C_DO_RX$2451	PTR FTN(PTR void ,)enum E360 size(2) Largest target is 1
		 -> I2C_CallbackReturnReset(), I2C_CallbackReturnStop(), Absolute function(), rdBlkRegCompleteHandler(), 
		 -> wr2RegCompleteHandler(), wr1RegCompleteHandler(), rd2RegCompleteHandler(), rd1RegCompleteHandler(), 

    I2C_DO_TX$2450	PTR void  size(2) Largest target is 5
		 -> I2C_ReadDataBlock@bufferBlock(COMRAM[4]), I2C_Write2ByteRegister@data(COMRAM[2]), I2C_Write1ByteRegister@data(BANK0[1]), I2C_Read2ByteRegister@returnValue(COMRAM[2]), 
		 -> NULL(NULL[0]), I2C_Read1ByteRegister@returnValue(BANK0[1]), 

    I2C_DO_TX$2445	PTR FTN(PTR void ,)enum E360 size(2) Largest target is 1
		 -> I2C_CallbackReturnReset(), I2C_CallbackReturnStop(), Absolute function(), rdBlkRegCompleteHandler(), 
		 -> wr2RegCompleteHandler(), wr1RegCompleteHandler(), rd2RegCompleteHandler(), rd1RegCompleteHandler(), 

    I2C_MasterFsm$2444	const PTR FTN()enum E3118 size(2) Largest target is 1
		 -> I2C_DO_ADDRESS_NACK(), I2C_DO_RESET(), I2C_DO_RX_NACK_RESTART(), I2C_DO_RX_NACK_STOP(), 
		 -> I2C_DO_RX_ACK(), I2C_DO_SEND_STOP(), I2C_DO_SEND_RESTART(), I2C_DO_SEND_RESTART_WRITE(), 
		 -> I2C_DO_SEND_RESTART_READ(), I2C_DO_TX_EMPTY(), I2C_DO_RCEN(), I2C_DO_RX(), 
		 -> I2C_DO_TX(), I2C_DO_SEND_ADR_WRITE(), I2C_DO_SEND_ADR_READ(), I2C_DO_IDLE(), 

    I2C_CallbackReturnStop@funPtr	PTR void  size(2) Largest target is 5
		 -> I2C_ReadDataBlock@bufferBlock(COMRAM[4]), I2C_Write2ByteRegister@data(COMRAM[2]), I2C_Write1ByteRegister@data(BANK0[1]), I2C_Read2ByteRegister@returnValue(COMRAM[2]), 
		 -> NULL(NULL[0]), I2C_Read1ByteRegister@returnValue(BANK0[1]), 

    I2C_CallbackReturnReset@funPtr	PTR void  size(2) Largest target is 5
		 -> I2C_ReadDataBlock@bufferBlock(COMRAM[4]), I2C_Write2ByteRegister@data(COMRAM[2]), I2C_Write1ByteRegister@data(BANK0[1]), I2C_Read2ByteRegister@returnValue(COMRAM[2]), 
		 -> NULL(NULL[0]), I2C_Read1ByteRegister@returnValue(BANK0[1]), 

    cb$0	PTR void  size(2) Largest target is 5
		 -> I2C_ReadDataBlock@bufferBlock(COMRAM[4]), I2C_Write2ByteRegister@data(COMRAM[2]), I2C_Write1ByteRegister@data(BANK0[1]), I2C_Read2ByteRegister@returnValue(COMRAM[2]), 
		 -> NULL(NULL[0]), I2C_Read1ByteRegister@returnValue(BANK0[1]), 

    Absolute function$0	PTR void  size(2) Largest target is 5
		 -> I2C_ReadDataBlock@bufferBlock(COMRAM[4]), I2C_Write2ByteRegister@data(COMRAM[2]), I2C_Write1ByteRegister@data(BANK0[1]), I2C_Read2ByteRegister@returnValue(COMRAM[2]), 
		 -> NULL(NULL[0]), I2C_Read1ByteRegister@returnValue(BANK0[1]), 

    cb$0	PTR void  size(2) Largest target is 5
		 -> I2C_ReadDataBlock@bufferBlock(COMRAM[4]), I2C_Write2ByteRegister@data(COMRAM[2]), I2C_Write1ByteRegister@data(BANK0[1]), I2C_Read2ByteRegister@returnValue(COMRAM[2]), 
		 -> NULL(NULL[0]), I2C_Read1ByteRegister@returnValue(BANK0[1]), 

    S820$0$0	PTR void  size(2) Largest target is 5
		 -> I2C_ReadDataBlock@bufferBlock(COMRAM[4]), I2C_Write2ByteRegister@data(COMRAM[2]), I2C_Write1ByteRegister@data(BANK0[1]), I2C_Read2ByteRegister@returnValue(COMRAM[2]), 
		 -> NULL(NULL[0]), I2C_Read1ByteRegister@returnValue(BANK0[1]), 

    UART_LoggingDebugData_Send_String@String	PTR unsigned char  size(2) Largest target is 18
		 -> STR_2(CODE[15]), STR_1(CODE[8]), RealTimeClockDS1307_Pack(BANK0[18]), 

    I2C_SetCallback@ptr	PTR void  size(2) Largest target is 5
		 -> I2C_ReadDataBlock@bufferBlock(COMRAM[4]), I2C_Write2ByteRegister@data(COMRAM[2]), I2C_Write1ByteRegister@data(BANK0[1]), I2C_Read2ByteRegister@returnValue(COMRAM[2]), 
		 -> NULL(NULL[0]), I2C_Read1ByteRegister@returnValue(BANK0[1]), 

    I2C_SetCallback@cb	PTR FTN(PTR void ,)enum E360 size(2) Largest target is 1
		 -> Absolute function(), rdBlkRegCompleteHandler(), wr2RegCompleteHandler(), wr1RegCompleteHandler(), 
		 -> rd2RegCompleteHandler(), rd1RegCompleteHandler(), 

    I2C_SetInterruptHandler@InterruptHandler	PTR FTN()void  size(2) Largest target is 1
		 -> I2C_MasterIsr(), 

    MSSP_InterruptHandler	PTR FTN()void  size(2) Largest target is 1
		 -> I2C_MasterIsr(), Absolute function(), 

    I2C_SetAddressNackCallback@ptr	PTR void  size(2) Largest target is 0
		 -> NULL(NULL[0]), 

    I2C_SetAddressNackCallback@cb	PTR FTN(PTR void ,)enum E360 size(2) Largest target is 1
		 -> Absolute function(), 

    I2C_SetDataCompleteCallback@ptr	PTR void  size(2) Largest target is 5
		 -> I2C_ReadDataBlock@bufferBlock(COMRAM[4]), I2C_Write2ByteRegister@data(COMRAM[2]), I2C_Write1ByteRegister@data(BANK0[1]), I2C_Read2ByteRegister@returnValue(COMRAM[2]), 
		 -> NULL(NULL[0]), I2C_Read1ByteRegister@returnValue(BANK0[1]), 

    I2C_SetDataCompleteCallback@cb	PTR FTN(PTR void ,)enum E360 size(2) Largest target is 1
		 -> Absolute function(), rdBlkRegCompleteHandler(), wr2RegCompleteHandler(), wr1RegCompleteHandler(), 
		 -> rd2RegCompleteHandler(), rd1RegCompleteHandler(), 

    I2C_SetBuffer@buffer	PTR void  size(2) Largest target is 5
		 -> I2C_ReadDataBlock@reg(COMRAM[1]), I2C_ReadDataBlock@bufferBlock(COMRAM[4]), I2C_Write2ByteRegister@reg(COMRAM[1]), I2C_Write2ByteRegister@data(COMRAM[2]), 
		 -> I2C_Write1ByteRegister@reg(BANK0[1]), I2C_Write1ByteRegister@data(BANK0[1]), I2C_Read2ByteRegister@reg(COMRAM[1]), I2C_Read2ByteRegister@returnValue(COMRAM[2]), 
		 -> NULL(NULL[0]), I2C_Read1ByteRegister@reg(BANK0[1]), I2C_Read1ByteRegister@returnValue(BANK0[1]), 

    S820$data_ptr	PTR unsigned char  size(2) Largest target is 5
		 -> I2C_ReadDataBlock@reg(COMRAM[1]), I2C_ReadDataBlock@bufferBlock(COMRAM[4]), I2C_Write2ByteRegister@reg(COMRAM[1]), I2C_Write2ByteRegister@data(COMRAM[2]), 
		 -> I2C_Write1ByteRegister@reg(BANK0[1]), I2C_Write1ByteRegister@data(BANK0[1]), I2C_Read2ByteRegister@reg(COMRAM[1]), I2C_Read2ByteRegister@returnValue(COMRAM[2]), 
		 -> NULL(NULL[0]), I2C_Read1ByteRegister@reg(BANK0[1]), I2C_Read1ByteRegister@returnValue(BANK0[1]), 

    I2C_Status.data_ptr	PTR unsigned char  size(2) Largest target is 5
		 -> I2C_Read1ByteRegister@returnValue.data(COMRAM[3]), I2C_Read2ByteRegister@returnValue.data(COMRAM[3]), I2C_Write1ByteRegister@data.data(COMRAM[3]), I2C_Write2ByteRegister@data.data(COMRAM[3]), 
		 -> I2C_ReadDataBlock@reg(COMRAM[1]), I2C_ReadDataBlock@bufferBlock(COMRAM[4]), bufferBlock.data(COMRAM[3]), I2C_Write2ByteRegister@reg(COMRAM[1]), 
		 -> I2C_Write2ByteRegister@data(COMRAM[2]), I2C_Write1ByteRegister@reg(BANK0[1]), I2C_Write1ByteRegister@data(BANK0[1]), I2C_Read2ByteRegister@reg(COMRAM[1]), 
		 -> I2C_Read2ByteRegister@returnValue(COMRAM[2]), NULL(NULL[0]), I2C_Read1ByteRegister@reg(BANK0[1]), I2C_Read1ByteRegister@returnValue(BANK0[1]), 

    S820$callbackPayload	PTR void [6] size(2) Largest target is 5
		 -> I2C_ReadDataBlock@bufferBlock(COMRAM[4]), I2C_Write2ByteRegister@data(COMRAM[2]), I2C_Write1ByteRegister@data(BANK0[1]), I2C_Read2ByteRegister@returnValue(COMRAM[2]), 
		 -> NULL(NULL[0]), I2C_Read1ByteRegister@returnValue(BANK0[1]), 

    I2C_Status.callbackPayload	PTR void [6] size(2) Largest target is 5
		 -> I2C_ReadDataBlock@bufferBlock(COMRAM[4]), I2C_Write2ByteRegister@data(COMRAM[2]), I2C_Write1ByteRegister@data(BANK0[1]), I2C_Read2ByteRegister@returnValue(COMRAM[2]), 
		 -> NULL(NULL[0]), I2C_Read1ByteRegister@returnValue(BANK0[1]), 

    S820$callbackTable	PTR FTN(PTR void ,)enum E360[6] size(2) Largest target is 1
		 -> I2C_CallbackReturnReset(), I2C_CallbackReturnStop(), Absolute function(), rdBlkRegCompleteHandler(), 
		 -> wr2RegCompleteHandler(), wr1RegCompleteHandler(), rd2RegCompleteHandler(), rd1RegCompleteHandler(), 

    I2C_Status.callbackTable	PTR FTN(PTR void ,)enum E360[6] size(2) Largest target is 1
		 -> I2C_CallbackReturnReset(), I2C_CallbackReturnStop(), Absolute function(), rdBlkRegCompleteHandler(), 
		 -> wr2RegCompleteHandler(), wr1RegCompleteHandler(), rd2RegCompleteHandler(), rd1RegCompleteHandler(), 

    i2c_fsmStateTable	const PTR FTN()enum E3118[16] size(2) Largest target is 1
		 -> I2C_DO_ADDRESS_NACK(), I2C_DO_RESET(), I2C_DO_RX_NACK_RESTART(), I2C_DO_RX_NACK_STOP(), 
		 -> I2C_DO_RX_ACK(), I2C_DO_SEND_STOP(), I2C_DO_SEND_RESTART(), I2C_DO_SEND_RESTART_WRITE(), 
		 -> I2C_DO_SEND_RESTART_READ(), I2C_DO_TX_EMPTY(), I2C_DO_RCEN(), I2C_DO_RX(), 
		 -> I2C_DO_TX(), I2C_DO_SEND_ADR_WRITE(), I2C_DO_SEND_ADR_READ(), I2C_DO_IDLE(), 

    EUSART_SetErrorHandler@interruptHandler	PTR FTN()void  size(2) Largest target is 1
		 -> EUSART_DefaultErrorHandler(), 

    EUSART_ErrorHandler	PTR FTN()void  size(2) Largest target is 1
		 -> Absolute function(), EUSART_DefaultErrorHandler(), 

    EUSART_SetOverrunErrorHandler@interruptHandler	PTR FTN()void  size(2) Largest target is 1
		 -> EUSART_DefaultOverrunErrorHandler(), 

    EUSART_OverrunErrorHandler	PTR FTN()void  size(2) Largest target is 1
		 -> Absolute function(), EUSART_DefaultOverrunErrorHandler(), 

    EUSART_SetFramingErrorHandler@interruptHandler	PTR FTN()void  size(2) Largest target is 1
		 -> EUSART_DefaultFramingErrorHandler(), 

    EUSART_FramingErrorHandler	PTR FTN()void  size(2) Largest target is 1
		 -> Absolute function(), EUSART_DefaultFramingErrorHandler(), 

    rdBlkRegCompleteHandler@ptr.data	PTR unsigned char  size(2) Largest target is 0

    rdBlkRegCompleteHandler@ptr	PTR void  size(2) Largest target is 5
		 -> I2C_ReadDataBlock@bufferBlock(COMRAM[4]), I2C_Write2ByteRegister@data(COMRAM[2]), I2C_Write1ByteRegister@data(BANK0[1]), I2C_Read2ByteRegister@returnValue(COMRAM[2]), 
		 -> NULL(NULL[0]), I2C_Read1ByteRegister@returnValue(BANK0[1]), 

    wr2RegCompleteHandler@ptr	PTR void  size(2) Largest target is 5
		 -> I2C_ReadDataBlock@bufferBlock(COMRAM[4]), I2C_Write2ByteRegister@data(COMRAM[2]), I2C_Write1ByteRegister@data(BANK0[1]), I2C_Read2ByteRegister@returnValue(COMRAM[2]), 
		 -> NULL(NULL[0]), I2C_Read1ByteRegister@returnValue(BANK0[1]), 

    wr1RegCompleteHandler@ptr	PTR void  size(2) Largest target is 5
		 -> I2C_ReadDataBlock@bufferBlock(COMRAM[4]), I2C_Write2ByteRegister@data(COMRAM[2]), I2C_Write1ByteRegister@data(BANK0[1]), I2C_Read2ByteRegister@returnValue(COMRAM[2]), 
		 -> NULL(NULL[0]), I2C_Read1ByteRegister@returnValue(BANK0[1]), 

    rd2RegCompleteHandler@ptr	PTR void  size(2) Largest target is 5
		 -> I2C_ReadDataBlock@bufferBlock(COMRAM[4]), I2C_Write2ByteRegister@data(COMRAM[2]), I2C_Write1ByteRegister@data(BANK0[1]), I2C_Read2ByteRegister@returnValue(COMRAM[2]), 
		 -> NULL(NULL[0]), I2C_Read1ByteRegister@returnValue(BANK0[1]), 

    rd1RegCompleteHandler@ptr	PTR void  size(2) Largest target is 5
		 -> I2C_ReadDataBlock@bufferBlock(COMRAM[4]), I2C_Write2ByteRegister@data(COMRAM[2]), I2C_Write1ByteRegister@data(BANK0[1]), I2C_Read2ByteRegister@returnValue(COMRAM[2]), 
		 -> NULL(NULL[0]), I2C_Read1ByteRegister@returnValue(BANK0[1]), 

    S120$data	PTR unsigned char  size(2) Largest target is 0

    bufferBlock.data	PTR unsigned char  size(2) Largest target is 0


Critical Paths under _main in COMRAM

    None.

Critical Paths under _INTERRUPT_InterruptManager in COMRAM

    _I2C_MasterIsr->_I2C_MasterFsm
    _I2C_MasterFsm->_I2C_DO_ADDRESS_NACK
    _I2C_MasterFsm->_I2C_DO_RX
    _I2C_MasterFsm->_I2C_DO_TX
    _I2C_MasterFsm->_I2C_DO_TX_EMPTY
    _I2C_DO_TX_EMPTY->_I2C_CallbackReturnReset
    _I2C_DO_TX_EMPTY->_I2C_CallbackReturnStop
    _I2C_DO_TX_EMPTY->_rd1RegCompleteHandler
    _I2C_DO_TX_EMPTY->_rd2RegCompleteHandler
    _I2C_DO_TX_EMPTY->_rdBlkRegCompleteHandler
    _I2C_DO_TX_EMPTY->_wr1RegCompleteHandler
    _I2C_DO_TX_EMPTY->_wr2RegCompleteHandler
    _I2C_DO_TX->_I2C_CallbackReturnReset
    _I2C_DO_TX->_I2C_CallbackReturnStop
    _I2C_DO_TX->_rd1RegCompleteHandler
    _I2C_DO_TX->_rd2RegCompleteHandler
    _I2C_DO_TX->_rdBlkRegCompleteHandler
    _I2C_DO_TX->_wr1RegCompleteHandler
    _I2C_DO_TX->_wr2RegCompleteHandler
    _I2C_DO_SEND_ADR_WRITE->_I2C_MasterSendTxData
    _I2C_DO_RX->_I2C_CallbackReturnReset
    _I2C_DO_RX->_I2C_CallbackReturnStop
    _I2C_DO_RX->_rd1RegCompleteHandler
    _I2C_DO_RX->_rd2RegCompleteHandler
    _I2C_DO_RX->_rdBlkRegCompleteHandler
    _I2C_DO_RX->_wr1RegCompleteHandler
    _I2C_DO_RX->_wr2RegCompleteHandler
    _I2C_DO_ADDRESS_NACK->_I2C_CallbackReturnReset
    _I2C_DO_ADDRESS_NACK->_I2C_CallbackReturnStop
    _I2C_DO_ADDRESS_NACK->_rd1RegCompleteHandler
    _I2C_DO_ADDRESS_NACK->_rd2RegCompleteHandler
    _I2C_DO_ADDRESS_NACK->_rdBlkRegCompleteHandler
    _I2C_DO_ADDRESS_NACK->_wr1RegCompleteHandler
    _I2C_DO_ADDRESS_NACK->_wr2RegCompleteHandler
    _wr2RegCompleteHandler->i2_I2C_SetDataCompleteCallback
    _wr1RegCompleteHandler->i2_I2C_SetDataCompleteCallback
    _rdBlkRegCompleteHandler->i2_I2C_SetDataCompleteCallback
    _rd2RegCompleteHandler->i2_I2C_SetDataCompleteCallback
    _rd1RegCompleteHandler->i2_I2C_SetDataCompleteCallback
    i2_I2C_SetDataCompleteCallback->i2_I2C_SetCallback

Critical Paths under _main in BANK0

    _main->_RealTimeClockDS1307_Get_Date_Time
    _EUSART_Initialize->_EUSART_SetErrorHandler
    _EUSART_Initialize->_EUSART_SetFramingErrorHandler
    _EUSART_Initialize->_EUSART_SetOverrunErrorHandler
    _RealTimeClockDS1307_Get_Date_Time->_I2C_Read1ByteRegister
    _Print_RealTimeClockDS1307->_UART_LoggingDebugData_Send_String
    _UART_LoggingDebugData_Send_String->_EUSART_Write
    _EEPROM_24C02C_Write_Byte->_I2C_Write1ByteRegister
    _I2C_Write1ByteRegister->_I2C_SetAddressNackCallback
    _I2C_Write1ByteRegister->_I2C_SetDataCompleteCallback
    _EEPROM_24C02C_Read_Byte->_I2C_Read1ByteRegister
    _I2C_Read1ByteRegister->_I2C_SetAddressNackCallback
    _I2C_Read1ByteRegister->_I2C_SetDataCompleteCallback
    _I2C_SetDataCompleteCallback->_I2C_SetCallback
    _I2C_SetAddressNackCallback->_I2C_SetCallback
    _I2C_Open->_I2C_SetInterruptHandler
    _I2C_MasterWrite->_I2C_MasterOperation

Critical Paths under _INTERRUPT_InterruptManager in BANK0

    None.

Critical Paths under _main in BANK1

    None.

Critical Paths under _INTERRUPT_InterruptManager in BANK1

    None.

Critical Paths under _main in BANK2

    None.

Critical Paths under _INTERRUPT_InterruptManager in BANK2

    None.

Critical Paths under _main in BANK3

    None.

Critical Paths under _INTERRUPT_InterruptManager in BANK3

    None.

Critical Paths under _main in BANK4

    None.

Critical Paths under _INTERRUPT_InterruptManager in BANK4

    None.

Critical Paths under _main in BANK5

    None.

Critical Paths under _INTERRUPT_InterruptManager in BANK5

    None.

Critical Paths under _main in BANK6

    None.

Critical Paths under _INTERRUPT_InterruptManager in BANK6

    None.

Critical Paths under _main in BANK7

    None.

Critical Paths under _INTERRUPT_InterruptManager in BANK7

    None.

Critical Paths under _main in BANK8

    None.

Critical Paths under _INTERRUPT_InterruptManager in BANK8

    None.

Critical Paths under _main in BANK9

    None.

Critical Paths under _INTERRUPT_InterruptManager in BANK9

    None.

Critical Paths under _main in BANK10

    None.

Critical Paths under _INTERRUPT_InterruptManager in BANK10

    None.

Critical Paths under _main in BANK11

    None.

Critical Paths under _INTERRUPT_InterruptManager in BANK11

    None.

Critical Paths under _main in BANK12

    None.

Critical Paths under _INTERRUPT_InterruptManager in BANK12

    None.

Critical Paths under _main in BANK13

    None.

Critical Paths under _INTERRUPT_InterruptManager in BANK13

    None.

Critical Paths under _main in BANK14

    None.

Critical Paths under _INTERRUPT_InterruptManager in BANK14

    None.

Critical Paths under _main in BANK15

    None.

Critical Paths under _INTERRUPT_InterruptManager in BANK15

    None.

Call Graph Tables:

 ---------------------------------------------------------------------------------
 (Depth) Function   	        Calls       Base Space   Used Autos Params    Refs
 ---------------------------------------------------------------------------------
 (0) _main                                                 0     0      0   25468
            _EEPROM_24C02C_Read_Byte
           _EEPROM_24C02C_Write_Byte
          _Print_RealTimeClockDS1307
  _RealTimeClockDS1307_Get_Date_Time
                  _SYSTEM_Initialize
  _UART_LoggingDebugData_Send_String
 ---------------------------------------------------------------------------------
 (1) _SYSTEM_Initialize                                    0     0      0     363
                  _EUSART_Initialize
                     _I2C_Initialize
               _INTERRUPT_Initialize
              _OSCILLATOR_Initialize
             _PIN_MANAGER_Initialize
 ---------------------------------------------------------------------------------
 (2) _PIN_MANAGER_Initialize                               0     0      0       0
 ---------------------------------------------------------------------------------
 (2) _OSCILLATOR_Initialize                                0     0      0       0
 ---------------------------------------------------------------------------------
 (2) _INTERRUPT_Initialize                                 0     0      0       0
 ---------------------------------------------------------------------------------
 (2) _I2C_Initialize                                       0     0      0       0
 ---------------------------------------------------------------------------------
 (2) _EUSART_Initialize                                    0     0      0     363
             _EUSART_SetErrorHandler
      _EUSART_SetFramingErrorHandler
      _EUSART_SetOverrunErrorHandler
 ---------------------------------------------------------------------------------
 (3) _EUSART_SetOverrunErrorHandler                        2     0      2     121
                                              0 BANK0      2     0      2
 ---------------------------------------------------------------------------------
 (3) _EUSART_SetFramingErrorHandler                        2     0      2     121
                                              0 BANK0      2     0      2
 ---------------------------------------------------------------------------------
 (3) _EUSART_SetErrorHandler                               2     0      2     121
                                              0 BANK0      2     0      2
 ---------------------------------------------------------------------------------
 (1) _RealTimeClockDS1307_Get_Date_Time                    6     0      6    7835
                                             12 BANK0      6     0      6
              _I2C_Read1ByteRegister
 ---------------------------------------------------------------------------------
 (1) _Print_RealTimeClockDS1307                            0     0      0     676
  _UART_LoggingDebugData_Send_String
 ---------------------------------------------------------------------------------
 (1) _UART_LoggingDebugData_Send_String                    6     2      4     676
                                              1 BANK0      6     2      4
                       _EUSART_Write
 ---------------------------------------------------------------------------------
 (2) _EUSART_Write                                         1     1      0      31
                                              0 BANK0      1     1      0
 ---------------------------------------------------------------------------------
 (1) _EEPROM_24C02C_Write_Byte                             3     1      2    7804
                                             12 BANK0      3     1      2
             _I2C_Write1ByteRegister
 ---------------------------------------------------------------------------------
 (2) _I2C_Write1ByteRegister                               3     1      2    7351
                                              9 BANK0      3     1      2
                          _I2C_Close
                    _I2C_MasterWrite
                           _I2C_Open
         _I2C_SetAddressNackCallback
                      _I2C_SetBuffer
        _I2C_SetDataCompleteCallback
 ---------------------------------------------------------------------------------
 (1) _EEPROM_24C02C_Read_Byte                              3     2      1    8114
                                             12 BANK0      3     2      1
              _I2C_Read1ByteRegister
 ---------------------------------------------------------------------------------
 (2) _I2C_Read1ByteRegister                                3     2      1    7835
                                              9 BANK0      3     2      1
                          _I2C_Close
                    _I2C_MasterWrite
                           _I2C_Open
         _I2C_SetAddressNackCallback
                      _I2C_SetBuffer
        _I2C_SetDataCompleteCallback
 ---------------------------------------------------------------------------------
 (3) _I2C_SetDataCompleteCallback                          4     0      4    2629
                                              5 BANK0      4     0      4
                    _I2C_SetCallback
 ---------------------------------------------------------------------------------
 (3) _I2C_SetBuffer                                        4     0      4    1872
                                              0 BANK0      4     0      4
 ---------------------------------------------------------------------------------
 (3) _I2C_SetAddressNackCallback                           4     0      4    2259
                                              5 BANK0      4     0      4
                    _I2C_SetCallback
 ---------------------------------------------------------------------------------
 (4) _I2C_SetCallback                                      5     1      4    1117
                                              0 BANK0      5     1      4
 ---------------------------------------------------------------------------------
 (3) _I2C_Open                                             2     2      0     189
                                              2 BANK0      2     2      0
                 _I2C_MasterClearIrq
                _I2C_MasterEnableIrq
                     _I2C_MasterOpen
            _I2C_SetInterruptHandler
 ---------------------------------------------------------------------------------
 (4) _I2C_SetInterruptHandler                              2     0      2     121
                                              0 BANK0      2     0      2
 ---------------------------------------------------------------------------------
 (4) _I2C_MasterOpen                                       0     0      0       0
 ---------------------------------------------------------------------------------
 (4) _I2C_MasterEnableIrq                                  0     0      0       0
 ---------------------------------------------------------------------------------
 (3) _I2C_MasterWrite                                      0     0      0      68
                _I2C_MasterOperation
 ---------------------------------------------------------------------------------
 (4) _I2C_MasterOperation                                  2     2      0      68
                                              0 BANK0      2     2      0
                    _I2C_MasterStart
 ---------------------------------------------------------------------------------
 (5) _I2C_MasterStart                                      0     0      0       0
 ---------------------------------------------------------------------------------
 (3) _I2C_Close                                            1     1      0      37
                                              0 BANK0      1     1      0
                 _I2C_MasterClearIrq
                    _I2C_MasterClose
               _I2C_MasterDisableIrq
 ---------------------------------------------------------------------------------
 (4) _I2C_MasterDisableIrq                                 0     0      0       0
 ---------------------------------------------------------------------------------
 (4) _I2C_MasterClose                                      0     0      0       0
 ---------------------------------------------------------------------------------
 (4) _I2C_MasterClearIrq                                   0     0      0       0
 ---------------------------------------------------------------------------------
 Estimated maximum stack depth 5
 ---------------------------------------------------------------------------------
 (Depth) Function   	        Calls       Base Space   Used Autos Params    Refs
 ---------------------------------------------------------------------------------
 (6) _INTERRUPT_InterruptManager                          10    10      0   24130
                                             15 COMRAM    10    10      0
                   Absolute function *
                      _I2C_MasterIsr *
 ---------------------------------------------------------------------------------
 (7) _I2C_MasterIsr                                        0     0      0   24130
                      _I2C_MasterFsm
 ---------------------------------------------------------------------------------
 (8) _I2C_MasterFsm                                        2     2      0   24130
                                             13 COMRAM     2     2      0
                _I2C_DO_ADDRESS_NACK *
                        _I2C_DO_IDLE *
                        _I2C_DO_RCEN *
                       _I2C_DO_RESET *
                          _I2C_DO_RX *
                      _I2C_DO_RX_ACK *
             _I2C_DO_RX_NACK_RESTART *
                _I2C_DO_RX_NACK_STOP *
               _I2C_DO_SEND_ADR_READ *
              _I2C_DO_SEND_ADR_WRITE *
                _I2C_DO_SEND_RESTART *
           _I2C_DO_SEND_RESTART_READ *
          _I2C_DO_SEND_RESTART_WRITE *
                   _I2C_DO_SEND_STOP *
                          _I2C_DO_TX *
                    _I2C_DO_TX_EMPTY *
                   _I2C_MasterIsNack
               i2_I2C_MasterClearIrq
 ---------------------------------------------------------------------------------
 (9) i2_I2C_MasterClearIrq                                 0     0      0       0
 ---------------------------------------------------------------------------------
 (9) _I2C_DO_TX_EMPTY                                      2     2      0    6016
                                             11 COMRAM     2     2      0
                   Absolute function *
            _I2C_CallbackReturnReset *
             _I2C_CallbackReturnStop *
                _I2C_DO_SEND_RESTART
                   _I2C_DO_SEND_STOP
                   _I2C_MasterSetIrq
              _rd1RegCompleteHandler *
              _rd2RegCompleteHandler *
            _rdBlkRegCompleteHandler *
              _wr1RegCompleteHandler *
              _wr2RegCompleteHandler *
 ---------------------------------------------------------------------------------
 (10) _I2C_MasterSetIrq                                    0     0      0       0
 ---------------------------------------------------------------------------------
 (9) _I2C_DO_TX                                            2     2      0    6038
                                             11 COMRAM     2     2      0
                   Absolute function *
            _I2C_CallbackReturnReset *
             _I2C_CallbackReturnStop *
           _I2C_DO_SEND_RESTART_READ
          _I2C_DO_SEND_RESTART_WRITE
                   _I2C_DO_SEND_STOP
                   _I2C_MasterIsNack
               _I2C_MasterSendTxData
              _rd1RegCompleteHandler *
              _rd2RegCompleteHandler *
            _rdBlkRegCompleteHandler *
              _wr1RegCompleteHandler *
              _wr2RegCompleteHandler *
 ---------------------------------------------------------------------------------
 (9) _I2C_MasterIsNack                                     0     0      0       0
 ---------------------------------------------------------------------------------
 (10) _I2C_DO_SEND_RESTART_WRITE                           0     0      0       0
            _I2C_MasterEnableRestart
 ---------------------------------------------------------------------------------
 (10) _I2C_DO_SEND_RESTART_READ                            0     0      0       0
            _I2C_MasterEnableRestart
 ---------------------------------------------------------------------------------
 (9) _I2C_DO_SEND_ADR_WRITE                                0     0      0      22
               _I2C_MasterSendTxData
 ---------------------------------------------------------------------------------
 (9) _I2C_DO_SEND_ADR_READ                                 0     0      0      22
               _I2C_MasterSendTxData
 ---------------------------------------------------------------------------------
 (10) _I2C_MasterSendTxData                                1     1      0      22
                                              0 COMRAM     1     1      0
 ---------------------------------------------------------------------------------
 (9) _I2C_DO_RX_ACK                                        0     0      0       0
                  _I2C_MasterSendAck
 ---------------------------------------------------------------------------------
 (9) _I2C_DO_RX                                            2     2      0    6016
                                             11 COMRAM     2     2      0
                   Absolute function *
            _I2C_CallbackReturnReset *
             _I2C_CallbackReturnStop *
             _I2C_DO_RX_NACK_RESTART
                _I2C_DO_RX_NACK_STOP
                _I2C_MasterGetRxData
                  _I2C_MasterSendAck
              _rd1RegCompleteHandler *
              _rd2RegCompleteHandler *
            _rdBlkRegCompleteHandler *
              _wr1RegCompleteHandler *
              _wr2RegCompleteHandler *
 ---------------------------------------------------------------------------------
 (10) _I2C_MasterSendAck                                   0     0      0       0
 ---------------------------------------------------------------------------------
 (10) _I2C_MasterGetRxData                                 0     0      0       0
 ---------------------------------------------------------------------------------
 (9) _I2C_DO_RX_NACK_STOP                                  0     0      0       0
                 _I2C_MasterSendNack
 ---------------------------------------------------------------------------------
 (9) _I2C_DO_RX_NACK_RESTART                               0     0      0       0
                 _I2C_MasterSendNack
 ---------------------------------------------------------------------------------
 (10) _I2C_MasterSendNack                                  0     0      0       0
 ---------------------------------------------------------------------------------
 (9) _I2C_DO_RESET                                         0     0      0       0
 ---------------------------------------------------------------------------------
 (9) _I2C_DO_RCEN                                          0     0      0       0
                  _I2C_MasterStartRx
 ---------------------------------------------------------------------------------
 (10) _I2C_MasterStartRx                                   0     0      0       0
 ---------------------------------------------------------------------------------
 (9) _I2C_DO_IDLE                                          0     0      0       0
 ---------------------------------------------------------------------------------
 (9) _I2C_DO_ADDRESS_NACK                                  2     2      0    6016
                                             11 COMRAM     2     2      0
                   Absolute function *
            _I2C_CallbackReturnReset *
             _I2C_CallbackReturnStop *
                _I2C_DO_SEND_RESTART
                   _I2C_DO_SEND_STOP
              _rd1RegCompleteHandler *
              _rd2RegCompleteHandler *
            _rdBlkRegCompleteHandler *
              _wr1RegCompleteHandler *
              _wr2RegCompleteHandler *
 ---------------------------------------------------------------------------------
 (10) _wr2RegCompleteHandler                               2     0      2    1142
                                              9 COMRAM     2     0      2
                    i2_I2C_SetBuffer
      i2_I2C_SetDataCompleteCallback
 ---------------------------------------------------------------------------------
 (10) _wr1RegCompleteHandler                               2     0      2    1142
                                              9 COMRAM     2     0      2
                    i2_I2C_SetBuffer
      i2_I2C_SetDataCompleteCallback
 ---------------------------------------------------------------------------------
 (10) _rdBlkRegCompleteHandler                             2     0      2    1173
                                              9 COMRAM     2     0      2
                    i2_I2C_SetBuffer
      i2_I2C_SetDataCompleteCallback
 ---------------------------------------------------------------------------------
 (10) _rd2RegCompleteHandler                               2     0      2    1142
                                              9 COMRAM     2     0      2
                    i2_I2C_SetBuffer
      i2_I2C_SetDataCompleteCallback
 ---------------------------------------------------------------------------------
 (10) _rd1RegCompleteHandler                               2     0      2    1142
                                              9 COMRAM     2     0      2
                    i2_I2C_SetBuffer
      i2_I2C_SetDataCompleteCallback
 ---------------------------------------------------------------------------------
 (11) i2_I2C_SetDataCompleteCallback                       4     0      4     699
                                              5 COMRAM     4     0      4
                  i2_I2C_SetCallback
 ---------------------------------------------------------------------------------
 (12) i2_I2C_SetCallback                                   5     1      4     287
                                              0 COMRAM     5     1      4
 ---------------------------------------------------------------------------------
 (11) i2_I2C_SetBuffer                                     4     0      4     412
                                              0 COMRAM     4     0      4
 ---------------------------------------------------------------------------------
 (10) _I2C_DO_SEND_STOP                                    0     0      0       0
                     _I2C_MasterStop
 ---------------------------------------------------------------------------------
 (11) _I2C_MasterStop                                      0     0      0       0
 ---------------------------------------------------------------------------------
 (10) _I2C_DO_SEND_RESTART                                 0     0      0       0
            _I2C_MasterEnableRestart
 ---------------------------------------------------------------------------------
 (11) _I2C_MasterEnableRestart                             0     0      0       0
 ---------------------------------------------------------------------------------
 (10) _I2C_CallbackReturnStop                              2     0      2       0
                                              9 COMRAM     2     0      2
 ---------------------------------------------------------------------------------
 (10) _I2C_CallbackReturnReset                             2     0      2     275
                                              9 COMRAM     2     0      2
 ---------------------------------------------------------------------------------
 (10) Absolute function(Fake)                              2     0      2       0
 ---------------------------------------------------------------------------------
 Estimated maximum stack depth 12
 ---------------------------------------------------------------------------------

 Call Graph Graphs:

 _main (ROOT)
   _EEPROM_24C02C_Read_Byte
     _I2C_Read1ByteRegister
       _I2C_Close
         _I2C_MasterClearIrq
         _I2C_MasterClose
         _I2C_MasterDisableIrq
       _I2C_MasterWrite
         _I2C_MasterOperation
           _I2C_MasterStart
       _I2C_Open
         _I2C_MasterClearIrq
         _I2C_MasterEnableIrq
         _I2C_MasterOpen
         _I2C_SetInterruptHandler
       _I2C_SetAddressNackCallback
         _I2C_SetCallback
       _I2C_SetBuffer
       _I2C_SetDataCompleteCallback
         _I2C_SetCallback
   _EEPROM_24C02C_Write_Byte
     _I2C_Write1ByteRegister
       _I2C_Close
       _I2C_MasterWrite
       _I2C_Open
       _I2C_SetAddressNackCallback
       _I2C_SetBuffer
       _I2C_SetDataCompleteCallback
   _Print_RealTimeClockDS1307
     _UART_LoggingDebugData_Send_String
       _EUSART_Write
   _RealTimeClockDS1307_Get_Date_Time
     _I2C_Read1ByteRegister
   _SYSTEM_Initialize
     _EUSART_Initialize
       _EUSART_SetErrorHandler
       _EUSART_SetFramingErrorHandler
       _EUSART_SetOverrunErrorHandler
     _I2C_Initialize
     _INTERRUPT_Initialize
     _OSCILLATOR_Initialize
     _PIN_MANAGER_Initialize
   _UART_LoggingDebugData_Send_String

 _INTERRUPT_InterruptManager (ROOT)
   Absolute function(Fake) *
   _I2C_MasterIsr *
     _I2C_MasterFsm
       _I2C_DO_ADDRESS_NACK *
         Absolute function(Fake) *
         _I2C_CallbackReturnReset *
         _I2C_CallbackReturnStop *
         _I2C_DO_SEND_RESTART *
           _I2C_MasterEnableRestart
         _I2C_DO_SEND_STOP *
           _I2C_MasterStop
         _rd1RegCompleteHandler *
           i2_I2C_SetBuffer
           i2_I2C_SetDataCompleteCallback
             i2_I2C_SetCallback
         _rd2RegCompleteHandler *
           i2_I2C_SetBuffer
           i2_I2C_SetDataCompleteCallback
         _rdBlkRegCompleteHandler *
           i2_I2C_SetBuffer
           i2_I2C_SetDataCompleteCallback
         _wr1RegCompleteHandler *
           i2_I2C_SetBuffer
           i2_I2C_SetDataCompleteCallback
         _wr2RegCompleteHandler *
           i2_I2C_SetBuffer
           i2_I2C_SetDataCompleteCallback
       _I2C_DO_IDLE *
       _I2C_DO_RCEN *
         _I2C_MasterStartRx
       _I2C_DO_RESET *
       _I2C_DO_RX *
         Absolute function(Fake) *
         _I2C_CallbackReturnReset *
         _I2C_CallbackReturnStop *
         _I2C_DO_RX_NACK_RESTART *
           _I2C_MasterSendNack
         _I2C_DO_RX_NACK_STOP *
           _I2C_MasterSendNack
         _I2C_MasterGetRxData *
         _I2C_MasterSendAck *
         _rd1RegCompleteHandler *
         _rd2RegCompleteHandler *
         _rdBlkRegCompleteHandler *
         _wr1RegCompleteHandler *
         _wr2RegCompleteHandler *
       _I2C_DO_RX_ACK *
         _I2C_MasterSendAck
       _I2C_DO_RX_NACK_RESTART *
       _I2C_DO_RX_NACK_STOP *
       _I2C_DO_SEND_ADR_READ *
         _I2C_MasterSendTxData
       _I2C_DO_SEND_ADR_WRITE *
         _I2C_MasterSendTxData
       _I2C_DO_SEND_RESTART *
       _I2C_DO_SEND_RESTART_READ *
         _I2C_MasterEnableRestart
       _I2C_DO_SEND_RESTART_WRITE *
         _I2C_MasterEnableRestart
       _I2C_DO_SEND_STOP *
       _I2C_DO_TX *
         Absolute function(Fake) *
         _I2C_CallbackReturnReset *
         _I2C_CallbackReturnStop *
         _I2C_DO_SEND_RESTART_READ *
         _I2C_DO_SEND_RESTART_WRITE *
         _I2C_DO_SEND_STOP *
         _I2C_MasterIsNack *
         _I2C_MasterSendTxData *
         _rd1RegCompleteHandler *
         _rd2RegCompleteHandler *
         _rdBlkRegCompleteHandler *
         _wr1RegCompleteHandler *
         _wr2RegCompleteHandler *
       _I2C_DO_TX_EMPTY *
         Absolute function(Fake) *
         _I2C_CallbackReturnReset *
         _I2C_CallbackReturnStop *
         _I2C_DO_SEND_RESTART *
         _I2C_DO_SEND_STOP *
         _I2C_MasterSetIrq *
         _rd1RegCompleteHandler *
         _rd2RegCompleteHandler *
         _rdBlkRegCompleteHandler *
         _wr1RegCompleteHandler *
         _wr2RegCompleteHandler *
       _I2C_MasterIsNack *
       i2_I2C_MasterClearIrq *

 Address spaces:
Name               Size   Autos  Total    Cost      Usage
BIGRAM             F5F      0       0      52        0.0%
EEDATA             400      0       0       0        0.0%
BITBANK14          100      0       0      33        0.0%
BANK14             100      0       0      34        0.0%
BITBANK13          100      0       0      31        0.0%
BANK13             100      0       0      32        0.0%
BITBANK12          100      0       0      29        0.0%
BANK12             100      0       0      30        0.0%
BITBANK11          100      0       0      26        0.0%
BANK11             100      0       0      27        0.0%
BITBANK10          100      0       0      24        0.0%
BANK10             100      0       0      25        0.0%
BITBANK9           100      0       0      22        0.0%
BANK9              100      0       0      23        0.0%
BITBANK8           100      0       0      20        0.0%
BANK8              100      0       0      21        0.0%
BITBANK7           100      0       0      18        0.0%
BANK7              100      0       0      19        0.0%
BITBANK6           100      0       0      16        0.0%
BANK6              100      0       0      17        0.0%
BITBANK5           100      0       0      14        0.0%
BANK5              100      0       0      15        0.0%
BITBANK4           100      0       0      12        0.0%
BANK4              100      0       0      13        0.0%
BITBANK3           100      0       0      10        0.0%
BANK3              100      0       0      11        0.0%
BITBANK2           100      0       0       8        0.0%
BANK2              100      0       0       9        0.0%
BITBANK1           100      0       0       6        0.0%
BANK1              100      0       0       7        0.0%
BITBANK0            A0      0       0       4        0.0%
BANK0               A0     12      2C       5       27.5%
BITBANK15           60      0       0      35        0.0%
BANK15              60      0       0      36        0.0%
BITCOMRAM           5E      0       0       0        0.0%
COMRAM              5E     19      4C       1       80.9%
BITBIGSFRhl         1D      0       0      39        0.0%
BITBIGSFRllllll     1C      0       0      51        0.0%
BITBIGSFRlhhhhl      C      0       0      42        0.0%
BITBIGSFRllllh       9      0       0      49        0.0%
BITBIGSFRlhhhlh      7      0       0      43        0.0%
BITBIGSFRhhh         7      0       0      37        0.0%
BITBIGSFRlhhhhh      6      0       0      41        0.0%
BITBIGSFRlhlh        4      0       0      44        0.0%
BITBIGSFRllhh        4      0       0      47        0.0%
BITBIGSFRllhll       4      0       0      48        0.0%
BITBIGSFRlhhhhh      2      0       0      40        0.0%
BITBIGSFRhhl         2      0       0      38        0.0%
BITBIGSFRlhllh       1      0       0      45        0.0%
BITBIGSFRlllllh      1      0       0      50        0.0%
BITBIGSFRlhlll       1      0       0      46        0.0%
BIGSFR               0      0       0     200        0.0%
BITSFR               0      0       0     200        0.0%
SFR                  0      0       0     200        0.0%
STACK                0      0       0       2        0.0%
NULL                 0      0       0       0        0.0%
ABS                  0      0      78      28        0.0%
DATA                 0      0      78       3        0.0%
CODE                 0      0       0       0        0.0%


Microchip Technology PIC18 Macro Assembler V2.40 build 20220703182018 
Symbol Table                                                                                   Mon Aug 12 22:20:01 2024

                          ??_I2C_DO_SEND_ADR_READ 0030               EEPROM_24C02C_Read_Byte@Byte_Address 0084  
                      ??_EEPROM_24C02C_Write_Byte 0086                                                 l9 1A5A  
                    EEPROM_24C02C_Write_Byte@Data 0085                           ??_I2C_DO_SEND_ADR_WRITE 0031  
                                     _SSPSTATbits 000FC7                                                l12 19E6  
                                              l47 1364                                                l65 15C6  
  UART_LoggingDebugData_Send_String@String_Length 007B                             ??_I2C_DO_SEND_RESTART 0030  
                                             l135 1A44                                               l321 1ABA  
                                             l306 19BC                                               l138 1AA6  
                                             l171 1850                                               l324 1AB0  
                                             l309 19CE                                               l327 1AC4  
                                             l440 12E2  UART_LoggingDebugData_Send_String@l_String_Length 007D  
                                             l450 17E0                                               l282 179C  
                                             l444 187E                                               l436 1A6E  
                                             l605 1994                                               l710 119C  
                                             l463 1972                                               l608 1B5A  
                                             l456 1AF4                                               l472 1A16  
                                             l481 1ACE                                               l626 1B52  
                                             l466 19FE                                               l707 162E  
                                             l653 1B56                                               l486 13E2  
                                             l718 1758                                               l647 1B4E  
                                             l656 1B5E                                               l683 1B4A  
                          fp__I2C_DO_RX_NACK_STOP 0000                    ?_EUSART_SetFramingErrorHandler 0078  
                                             prod 000FF3                                               tosl 000FFD  
                                             wreg 000FE8                      ??_I2C_SetAddressNackCallback 0081  
                          _I2C_Write1ByteRegister 1550                          ??_I2C_CallbackReturnStop 003B  
                                    _I2C_DO_RESET 1AD0                           ??_rd2RegCompleteHandler 003B  
                                            l3050 1AC6                                              l3210 1970  
                                            l3202 19E8                                              l3052 1B5C  
                                            l3220 1858                                              l3212 1A00  
                                            l3204 1952                                              l3222 1866  
                                            l3070 17A8                                              l3214 1AEE  
                                            l3062 1B4C                                              l3054 1974  
                                            l3150 1246                                              l3206 1960  
                                            l3064 1B54                                              l3224 186A  
                                            l3080 17D4                                              l3072 17B6  
                                            l3056 1982                                              l3160 1262  
                                            l3152 124C                                              l3208 1968  
                                            l3400 1360                                              l3240 19CA  
                                            l3232 1AB2                                              l3066 1B58  
                                            l3226 1876                                              l3218 1852  
                                            l3082 17D8                                              l3074 17B8  
                                            l3058 1992                                              l3170 127A  
                                            l3162 1264                                              l3154 125A  
                                            l3090 137E                                              l3234 1AA8  
                                            l3410 1822                                              l3228 187A  
                                            l3076 17BC                                              l3084 17DC  
                                            l3068 17A2                                              l3180 12A2  
                                            l3172 1282                                              l3164 1268  
                                            l3156 125E                                              l3092 13B2  
                                            l3500 115A                                              l3236 1ABC  
                                            l3404 1B48                                              l3420 184E  
                                            l3412 183A                                              l3078 17CC  
                                            l3190 12CE                                              l3182 12AA  
                                            l3174 128A                                              l3166 1270  
                                            l3158 1260                                              l3238 19BC  
                                            l3510 1186                                              l3502 115E  
                                            l3430 178A                                              l3406 1A5C  
                                            l3422 1A9E                                              l3414 183C  
                                            l3192 12D2                                              l3184 12B2  
                                            l3176 1292                                              l3168 1272  
                                            l3088 136A                                              l3504 1166  
                                            l3432 1798                                              l3424 175A  
                                            l3408 1A6C                                              l3416 1842  
                                            l3194 12D6                                              l3186 12BA  
                                            l3178 129A                                              l3450 173E  
                                            l3506 116E                                              l3426 176E  
                                            l3418 1844                                              l3196 12DA  
                                            l3188 12C2                                              l3460 19E4  
                                            l3380 1598                                              l3372 1554  
                                            l3452 1742                                              l3444 16FC  
                                            l3508 1172                                              l3428 177C  
                                            l3198 12E0                                              l3390 1306  
                                            l3382 15AE                                              l3374 1554  
                                            l3454 1A4A                                              l3446 1712  
                                            l3470 1A3C                                              l3630 14DC  
                                            l3392 131C                                              l3456 19D4  
                                            l3384 15B2                                              l3376 156C  
                                            l3448 1738                                              l3472 1A40  
                                            l3464 1A30                                              l3640 1516  
                                            l3632 14DE                                              l3394 1332  
                                            l3386 12E8                                              l3458 19D4  
                                            l3378 1582                                              l3490 111E  
                                            l3482 10F8                                              l3466 1A34  
                                            l3642 1524                                              l3634 14E0  
                                            l3396 1348                                              l3388 12EE  
                                            l3492 1132                                              l3484 110A  
                                            l3476 15C8                                              l3468 1A38  
                                            l3644 1532                                              l3636 14F0  
                                            l3628 14D8                                              l3398 134C  
                                            l3494 1136                                              l3486 110E  
                                            l3478 161C                                              l3646 1544  
                                            l3638 1500                                              l3496 113E  
                                            l3488 1116                                              l3498 1146  
                                            l2992 1B50                                              STR_1 1030  
                                            STR_2 1021                                              u1120 1982  
                                            u1200 19CA                                              u1121 197E  
                                            u1201 19C6                                              u1130 17B6  
                                            u1131 17B2                                              u1140 17CC  
                                            u1300 1306                                              u1141 17C8  
                                            u1301 1302                                              u1150 137E  
                                            u1310 1360                                              u1151 137A  
                                            u1311 135C                                              u1170 125A  
                                            u1171 1256                                              u1180 1960  
                                            u1181 195C                                              _LATA 000F89  
                                            u1190 1866                                              u1350 1734  
                                            _LATB 000F8A                                              u1191 1862  
                                            _LATC 000F8B                                              u1280 156C  
                                            u1360 1758                                              _LATD 000F8C  
                                            u1281 1568                                              u1361 1754  
                                            _LATE 000F8D                                              u1290 15C6  
                                            u1291 15C2                                              u1371 1626  
                                            u1357 172A                                              u1561 153C  
                                            _WPUB 000F7C                           ??_wr2RegCompleteHandler 003B  
                                            _main 14D8                          ?_I2C_CallbackReturnReset 0039  
                                            fsr0h 000FEA                                              indf0 000FEF  
                                            fsr2h 000FDA                                              fsr0l 000FE9  
                                            indf2 000FDF                                              fsr2l 000FD9  
                                __end_of_I2C_Open 12E4                                              btemp 004D  
                           ?i2_I2C_MasterClearIrq 0030                                              prodh 000FF4  
                                            prodl 000FF3                                              start 00C4  
                         _I2C_SetInterruptHandler 1AC6                      fp__I2C_DO_SEND_RESTART_WRITE 0000  
                                    ___param_bank 000000                        ?_Print_RealTimeClockDS1307 0030  
                                ?_I2C_MasterClose 0030                                     ?_EUSART_Write 0030  
                                ?_I2C_MasterStart 0030                                     _I2C_DO_RX_ACK 1B06  
                                ?_I2C_MasterWrite 0030                     __end_of_OSCILLATOR_Initialize 1AA8  
                                           ?_main 0030                                             _EEADR 000FA9  
                                           _ANSEL 000F7E                             _I2C_Read1ByteRegister 12E4  
                                           i2l110 18AA                                             i2l104 1902  
                                           i2l113 192E                                             i2l107 18D6  
                                           i2l116 1820                                             i2l502 1A9C  
                                           i2l505 10C2                                             i2l521 11D2  
                                           i2l522 1240                                             i2l611 1B6A  
                                           i2l508 10F6                                             i2l533 1AE2  
                                           i2l614 1B34                                             i2l463 19B6  
                                           i2l623 1B6E                                             i2l632 1A82  
                                           i2l560 1B24                                             i2l617 1B7E  
                                           i2l466 1A2E                                             i2l635 1B40  
                                           i2l539 145C                                             i2l563 1B1C  
                                           i2l572 1B04                                             i2l629 1B7A  
                                           i2l557 1B2C                                             i2l493 1696  
                                           i2l486 14D6                                             i2l638 1B46  
                                           i2l566 1B14                                             i2l575 1AFC  
                                           i2l592 1B76                                             i2l496 1AEC  
                                           i2l584 16FA                                             i2l656 1B62  
                                           i2l569 1B0C                                             i2l489 1B3A  
                                           i2l578 1AD8                                             i2l690 0098  
                                           i2l595 1B72                                             i2l659 1B66  
                                           i2l499 1A90                                             i2l694 0098  
                                           i2l689 0078                                             _RCREG 000FAE  
                                           _RCSTA 000FAB                                             _SPBRG 000FAF  
                               ??_I2C_DO_TX_EMPTY 003B                                             _TRISA 000F92  
                                           _TRISB 000F93                                             _TRISC 000F94  
                                           _TRISD 000F95                                             _TRISE 000F96  
                                           _TXREG 000FAD                                             _TXSTA 000FAC  
                               __end_of_I2C_DO_RX 1242                                 __end_of_I2C_DO_TX 10F8  
                               __end_of_I2C_Close 1880                                  fp__I2C_MasterIsr 0000  
                  I2C_MasterOperation@returnValue 0079                           _I2C_MasterEnableRestart 1B7C  
                                           pclath 000FFA                                             pclatu 000FFB  
                                           tablat 000FF5                                  ?_I2C_SetCallback 0078  
                    I2C_SetAddressNackCallback@cb 007D                                             plusw0 000FEB  
                                           plusw2 000FDB                                             ttemp5 004E  
                                           ttemp6 0051                                             ttemp7 0055  
                                           status 000FD8                                             wtemp8 004E  
                               ?_I2C_DO_SEND_STOP 0030                                ??_I2C_DO_SEND_STOP 0030  
                        fp__rd1RegCompleteHandler 0000                                   __initialization 1930  
                           i2I2C_SetBuffer@buffer 0030                                      __end_of_main 1550  
                        fp__wr1RegCompleteHandler 0000                         ?_I2C_DO_SEND_RESTART_READ 0030  
               __end_of_Print_RealTimeClockDS1307 119E                                    ??_EUSART_Write 0078  
                                  ?_I2C_DO_RX_ACK 0030                       ?_INTERRUPT_InterruptManager 0030  
       __end_of_UART_LoggingDebugData_Send_String 175A               ??_UART_LoggingDebugData_Send_String 007D  
              ?_UART_LoggingDebugData_Send_String 0079                 _UART_LoggingDebugData_Send_String 16FC  
                                          ??_main 008A                                 ?_I2C_MasterIsNack 0030  
                                   __activetblptr 000003     _RealTimeClockDS1307@RealTimeClockDS1307$F1653 0025  
                               ?_I2C_MasterSetIrq 0030                                ??_I2C_MasterIsNack 0030  
                              ??_I2C_MasterSetIrq 0030                 _EUSART_DefaultFramingErrorHandler 000000  
                      _EUSART_OverrunErrorHandler 0049                   __end_of_I2C_CallbackReturnReset 1B74  
                                          _EEADRH 000FAA                                            _EEDATA 000FA8  
                                          _EECON2 000FA7                   i2I2C_SetDataCompleteCallback@cb 0035  
                   I2C_SetDataCompleteCallback@cb 007D                                            _ANSELH 000F7F  
                                          i2l3000 1996                                            i2l3002 19A4  
                                          i2l3010 18D8                                            i2l3004 19AC  
                                          i2l3012 18EC                                            i2l3020 18C0  
                                          i2l3100 1B26                                            i2l3006 19B4  
                                          i2l3014 1900                                            i2l3022 18D4  
                                          i2l3030 18A8                                            i2l3102 1B2A  
                                          i2l3008 1A18                                            i2l3112 1B0E  
                                          i2l3034 1904                                            i2l3018 18AC  
                                          i2l3026 1880                                            i2l3042 17E2  
                                          i2l3122 1B3C                                            i2l3106 1B1E  
                                          i2l3114 1B12                                            i2l3130 1AFE  
                                          i2l3036 1918                                            i2l3028 1894  
                                          i2l3044 180A                                            i2l3300 11CC  
                                          i2l3108 1B22                                            i2l3132 1B02  
                                          i2l3124 1AF6                                            i2l3038 192C  
                                          i2l3046 181E                                            i2l3142 1B74  
                                          i2l3118 1B68                                            i2l3310 11E0  
                                          i2l3126 1AFA                                            i2l3136 1B16  
                                          i2l3146 1B70                                            i2l3330 13F6  
                                          i2l3322 13E4                                            i2l3242 1A84  
                                          i2l3250 1A92                                            i2l3306 11D8  
                                          i2l3138 1B1A                                            i2l1810 1AD0  
                                          i2l3324 13EA                                            i2l3340 1404  
                                          i2l3244 1A86                                            i2l3252 1A94  
                                          i2l3316 11E8                                            i2l1812 1AD2  
                                          i2l1574 1B6C                                            i2l3094 1A70  
                                          i2l1582 1B64                                            i2l3334 13FC  
                                          i2l3246 1A8E                                            i2l3254 1A9A  
                                          i2l3270 1062                                            i2l3262 1052  
                                          i2l1814 1AD6                                            i2l3328 13F2  
                                          i2l3280 10D6                                            i2l3360 16AA  
                                          i2l3352 1698                                            i2l3440 1656  
                                          i2l3098 1B30                                            i2l3282 10EE  
                                          i2l3266 105A                                            i2l3258 103A  
                                          i2l3346 1B06                                            i2l3354 169A  
                                          i2l3442 165A                                            i2l3434 1630  
                                          i2l1684 1AE4                                            i2l3284 10F4  
                                          i2l3276 106A                                            i2l3292 119E  
                                          i2l1772 1ADA                                            i2l3348 1B0A  
                                          i2l3356 16A2                                            i2l3436 1634  
                                          i2l3620 004E                                            i2l1686 1AE6  
                                          i2l3278 10C4                                            i2l3294 11AC  
                                          i2l1774 1ADC                                            i2l3366 16B2  
                                          i2l1838 1B60                                            i2l3438 1642  
                                          i2l3622 005C                                            i2l1688 1AEA  
                                          i2l3296 11B0                                            i2l1776 1AE0  
                                          i2l3624 0086                                            i2l3616 0032  
                                          i2l3730 121A                                            i2l3298 11C8  
                                          i2l3474 1B36                                            i2l3618 0040  
                                          i2l3732 109C                                            i2l3734 1436  
                                          i2l3728 16E4                                            i2l2990 14A6  
                                          i2l2994 1B7C                                            i2l2986 1460  
                                          i2l2996 1B78                                            i2l2988 1472  
                                          i2l2998 1B42                                            _TABLAT 000FF5  
                                          _OSCCON 000FD3                            ??i2_I2C_MasterClearIrq 0030  
                       ??_I2C_SetInterruptHandler 007A                                            _SPBRGH 000FB0  
                                          _SSPADD 000FC8                                            _SSPBUF 000FC9  
       __end_of_RealTimeClockDS1307_Get_Date_Time 1630               ??_RealTimeClockDS1307_Get_Date_Time 008A  
              ?_RealTimeClockDS1307_Get_Date_Time 0084                 _RealTimeClockDS1307_Get_Date_Time 15C8  
                             _I2C_MasterEnableIrq 1B4C                               _I2C_MasterGetRxData 1B68  
                                   _I2C_MasterFsm 1630                                     _I2C_MasterIsr 1B36  
                                          clear_0 1936                                            clear_1 1942  
                               I2C_SetCallback@cb 0078                           fp__I2C_DO_SEND_ADR_READ 0000  
                          ?_I2C_Read1ByteRegister 0081                                            isa$std 000001  
                                   _I2C_SetBuffer 1952                      __end_of_I2C_MasterDisableIrq 1B58  
                            ?_I2C_MasterEnableIrq 0030                               _I2C_DO_ADDRESS_NACK 1698  
                            ?_I2C_MasterGetRxData 0030                                         ?_I2C_Open 0030  
              __end_of_I2C_SetAddressNackCallback 1A18                        _I2C_SetAddressNackCallback 1A00  
                                    __mediumconst 0000                                            tblptrh 000FF7  
                                          tblptrl 000FF6                                            tblptru 000FF8  
                       ??_I2C_MasterEnableRestart 0030           I2C_SetInterruptHandler@InterruptHandler 0078  
                               _SYSTEM_Initialize 1A30                                        __accesstop 0060  
                         __end_of__initialization 1948                               _I2C_MasterOperation 179E  
                              ?_SYSTEM_Initialize 0030                                     ___rparam_used 000001  
                            ?_I2C_DO_ADDRESS_NACK 0030                           _rdBlkRegCompleteHandler 17E2  
                      fp__rdBlkRegCompleteHandler 0000                                    __pcstackCOMRAM 0030  
                                  ?_I2C_MasterFsm 0030                                    ?_I2C_MasterIsr 0030  
                                 ??_I2C_DO_RX_ACK 0030                            _I2C_CallbackReturnStop 1B74  
                             ??_SYSTEM_Initialize 007A                                    ?_I2C_SetBuffer 0078  
                   __end_of_I2C_DO_SEND_ADR_WRITE 1A9E                        ?_I2C_DO_SEND_RESTART_WRITE 0030  
                            ?_I2C_MasterOperation 0030                             ??_I2C_MasterEnableIrq 0078  
                           ??_I2C_MasterGetRxData 0030                           ?_I2C_Write1ByteRegister 0081  
                                      ??_I2C_Open 007A                        __end_of_I2C_MasterClearIrq 1B60  
                 ??_EUSART_SetOverrunErrorHandler 007A                         __end_of_SYSTEM_Initialize 1A46  
                               _I2C_MasterSendAck 1B3C                           _EEPROM_24C02C_Read_Byte 19D0  
                                      __pbssBANK0 0060                              __end_of_EUSART_Write 19D0  
                                   ??_I2C_DO_IDLE 0030                                     ??_I2C_DO_RCEN 0030  
                   __end_of_rd2RegCompleteHandler 18D8                      __end_of_I2C_MasterSendTxData 1B36  
                              ?_I2C_MasterSendAck 0030                                 _I2C_MasterStartRx 1B6C  
                                      __pnvCOMRAM 0049                             ??_I2C_DO_ADDRESS_NACK 003B  
                   __end_of_wr2RegCompleteHandler 1930                               _I2C_DO_RX_NACK_STOP 1AFE  
                           _rd1RegCompleteHandler 18D8                                ?_I2C_MasterStartRx 0030  
                      __end_of_I2C_MasterSendNack 1B48                             _wr1RegCompleteHandler 1880  
                             ??_I2C_MasterSendAck 0030                          rd1RegCompleteHandler@ptr 0039  
                     __end_of_I2C_DO_SEND_RESTART 1B1E                                   _I2C_DO_TX_EMPTY 13E4  
                             I2C_SetBuffer@buffer 0078                       ??_Print_RealTimeClockDS1307 007F  
                             ??_I2C_MasterStartRx 0030                                           _BAUDCON 000FB8  
                           ??_I2C_MasterOperation 0078                  i2I2C_SetDataCompleteCallback@ptr 0037  
                  I2C_SetDataCompleteCallback@ptr 007F                    __end_of_I2C_Write1ByteRegister 15C8  
                        ??_I2C_DO_RX_NACK_RESTART 0030                 __end_of_I2C_DO_SEND_RESTART_WRITE 1B26  
                            ?_I2C_DO_RX_NACK_STOP 0030                                           _TBLPTRH 000FF7  
                                         _TBLPTRL 000FF6                                           _TBLPTRU 000FF8  
                       __end_of_I2C_MasterSendAck 1B42                                           _OSCTUNE 000F9B  
                       ?_EEPROM_24C02C_Write_Byte 0084                          ??_EUSART_SetErrorHandler 007A  
                                         _SSPCON1 000FC6                                           _SSPCON2 000FC5  
                                         _SSPSTAT 000FC7                         __end_of_I2C_MasterStartRx 1B70  
                            I2C_Close@returnValue 0078                      ?_I2C_SetDataCompleteCallback 007D  
                                       _I2C_DO_RX 119E                                         _I2C_DO_TX 103A  
                __end_of_I2C_DO_SEND_RESTART_READ 1B2E                      I2C_Read1ByteRegister@address 0082  
                                       _I2C_Close 1852            EEPROM_24C02C_Write_Byte@EEPROM_Address 0086  
                       ??_rdBlkRegCompleteHandler 003B                              _I2C_MasterDisableIrq 1B54  
                               ??i2_I2C_SetBuffer 0034                                   ??_I2C_MasterFsm 003D  
                                 ??_I2C_MasterIsr 003F                                           __Hparam 0000  
                                         __Lparam 0000                               __end_of_I2C_DO_IDLE 1AEE  
                             __end_of_I2C_DO_RCEN 1AE4                                   ??_I2C_SetBuffer 007C  
                 EEPROM_24C02C_Read_Byte@RecValue 0086                           I2C_SetBuffer@bufferSize 007A  
                                    __psmallconst 1000                                    _I2C_MasterOpen 1974  
                                         __pcinit 1930                                    _I2C_MasterStop 1B78  
                                  _I2C_Initialize 1A5C                                           __ramtop 1000  
                                         __ptext0 14D8                                           __ptext1 1A30  
                                         __ptext2 1822                                           __ptext3 1A9E  
                                         __ptext4 1B48                                           __ptext5 1A5C  
                                         __ptext6 175A                                           __ptext7 1AA8  
                                         __ptext8 1AB2                                           __ptext9 1ABC  
                           ??_I2C_DO_RX_NACK_STOP 0030                             _OSCILLATOR_Initialize 1A9E  
                              I2C_SetCallback@idx 007C                          ??_PIN_MANAGER_Initialize 0078  
                   I2C_CallbackReturnReset@funPtr 0039                                I2C_SetCallback@ptr 007A  
                        wr1RegCompleteHandler@ptr 0039                         I2C_Write1ByteRegister@reg 0081  
                        fp__I2C_DO_SEND_ADR_WRITE 0000                         ??_EEPROM_24C02C_Read_Byte 0085  
                       _Print_RealTimeClockDS1307 10F8                              end_of_initialization 1948  
                                      ?_I2C_DO_RX 0030                                        ?_I2C_DO_TX 0030  
           __end_of_EUSART_SetOverrunErrorHandler 1AB2                     _EUSART_SetOverrunErrorHandler 1AA8  
                                      ?_I2C_Close 0030                            ?_rd1RegCompleteHandler 0039  
                         __end_of_I2C_DO_TX_EMPTY 145E                             ?_I2C_MasterDisableIrq 0030  
                               _EUSART_Initialize 175A                            ?_wr1RegCompleteHandler 0039  
                        fp__rd2RegCompleteHandler 0000                                ?_EUSART_Initialize 0030  
                                       _RCSTAbits 000FAB                                           postdec2 000FDD  
                         ??_I2C_Read1ByteRegister 0082                            __end_of_I2C_MasterOpen 1996  
                        fp__wr2RegCompleteHandler 0000                                           postinc0 000FEE  
                                         postinc2 000FDE                            __end_of_I2C_MasterStop 1B7C  
                          __end_of_I2C_Initialize 1A70                         fp__I2C_CallbackReturnStop 0000  
                             ??_EUSART_Initialize 007A                   __end_of_rdBlkRegCompleteHandler 1822  
                            _I2C_MasterSendTxData 1B2E                                   fp__I2C_DO_RESET 0000  
                     ?_I2C_SetAddressNackCallback 007D                         __end_of_EUSART_Initialize 179E  
                                     _I2C_DO_IDLE 1AE4                                       _I2C_DO_RCEN 1ADA  
                      rdBlkRegCompleteHandler@ptr 0039                     I2C_Write1ByteRegister@address 0083  
                                       _TXSTAbits 000FAC                           ?_I2C_CallbackReturnStop 0039  
                        _I2C_DO_SEND_RESTART_READ 1B26                       fp__I2C_DO_SEND_RESTART_READ 0000  
                               i2_I2C_SetCallback 145E                      I2C_CallbackReturnStop@funPtr 0039  
                                 ?_I2C_MasterOpen 0030                      __end_of_INTERRUPT_Initialize 1B4C  
                                 ?_I2C_MasterStop 0030                                   ?_I2C_Initialize 0030  
                         _I2C_CallbackReturnReset 1B70                          I2C_Read1ByteRegister@reg 0081  
                      fp__I2C_CallbackReturnReset 0000                        _EUSART_DefaultErrorHandler 000000  
                              ?i2_I2C_SetCallback 0030                   ??i2_I2C_SetDataCompleteCallback 0039  
                                    _EUSART_Write 19B8                             ?_I2C_MasterSendTxData 0030  
                          ?_OSCILLATOR_Initialize 0030                       ??_I2C_DO_SEND_RESTART_WRITE 0030  
                             ??i2_I2C_SetCallback 0034                               start_initialization 1930  
                                   ?_I2C_DO_RESET 0030                          ?_I2C_SetInterruptHandler 0078  
                                     ??_I2C_DO_RX 003B                                       ??_I2C_DO_TX 003B  
                               ??_I2C_MasterClose 0078                            ??_I2C_MasterDisableIrq 0078  
                                     ??_I2C_Close 0078                                 ??_I2C_MasterStart 0078  
                               ??_I2C_MasterWrite 007A                    __end_of_I2C_CallbackReturnStop 1B78  
                          _I2C_DO_RX_NACK_RESTART 1AF6                                  ?_I2C_DO_TX_EMPTY 0030  
                              _I2C_MasterClearIrq 1B5C                         __end_ofi2_I2C_SetCallback 14D8  
                  ?_EUSART_SetOverrunErrorHandler 0078                        _EUSART_FramingErrorHandler 004B  
                          _EUSART_SetErrorHandler 1ABC                       __end_of_I2C_MasterEnableIrq 1B50  
                             ?_I2C_MasterClearIrq 0030                       __end_of_I2C_MasterGetRxData 1B6C  
                __end_of_EEPROM_24C02C_Write_Byte 1A5C                             __end_of_I2C_DO_RX_ACK 1B0E  
                                _I2C_DO_SEND_STOP 1B0E                                 ??_I2C_SetCallback 007C  
                             I2C_Open@returnValue 007B                                _I2C_MasterSendNack 1B42  
                        ?_I2C_MasterEnableRestart 0030                                 _i2c_fsmStateTable 1001  
                          fp__I2C_DO_SEND_RESTART 0000                             _I2C_DO_SEND_ADR_WRITE 1A92  
                                     __pbssCOMRAM 0001                                     __pcstackBANK0 0078  
                                  ??_I2C_DO_RESET 0030                               ?_I2C_MasterSendNack 0030  
                                 i2_I2C_SetBuffer 1996                      __end_of_I2C_DO_SEND_ADR_READ 1A92  
                            ??_I2C_MasterClearIrq 0078                       __end_of_I2C_DO_ADDRESS_NACK 16FC  
                                _I2C_MasterIsNack 1A70                         _I2C_DO_SEND_RESTART_WRITE 1B1E  
                                _I2C_MasterSetIrq 1B64                                         __pnvBANK0 008A  
                           _rd2RegCompleteHandler 18AC                            _PIN_MANAGER_Initialize 1822  
                           _wr2RegCompleteHandler 1904                         ??_I2C_CallbackReturnReset 003B  
                     __end_of_I2C_MasterOperation 17E2                              ??_I2C_MasterSendNack 0030  
                        rd2RegCompleteHandler@ptr 0039                                         __pintcode 0008  
                          ??_I2C_MasterSendTxData 0030                         __end_of_i2c_fsmStateTable 1021  
                    ??_INTERRUPT_InterruptManager 003F                                      fp__I2C_DO_RX 0000  
                                    fp__I2C_DO_TX 0000                                       __smallconst 1000  
                 __end_of_I2C_SetInterruptHandler 1AD0             __end_ofi2_I2C_SetDataCompleteCallback 1A30  
                   i2_I2C_SetDataCompleteCallback 1A18                           I2C_MasterOperation@read 0078  
                                        _I2C_Open 1242                           ??_rd1RegCompleteHandler 003B  
                            _INTERRUPT_Initialize 1B48                           ??_wr1RegCompleteHandler 003B  
          EUSART_SetErrorHandler@interruptHandler 0078                                          _PIE1bits 000F9D  
                                        _PIE2bits 000FA0                                 _eusartRxLastError 002F  
                                        i2u110_40 1472                                          i2u110_41 146E  
                                        i2u111_40 19A4                                          i2u111_41 19A0  
                                        i2u121_40 104E                                          i2u121_41 104A  
                                        i2u123_40 10EE                                          i2u122_48 1078  
                                        i2u123_41 10EA                                          i2u122_49 108A  
                                        i2u116_40 1A80                                          i2u124_40 11C8  
                                        i2u132_40 1642                                          i2u116_41 1A7A  
                                        i2u124_41 11C4                                          i2u132_41 163E  
                                        i2u116_46 1A82                                          i2u133_40 1656  
                                        i2u133_41 1652                                          i2u125_48 11F6  
                                        i2u150_40 0040                                          i2u125_49 1208  
                                        i2u150_41 003C                                          i2u126_48 1412  
                                        i2u134_48 1682                                          i2u151_40 004E  
                                        i2u126_49 1424                                          i2u134_49 1694  
                                        i2u151_41 004A                                          i2u127_48 16C0  
                                        i2u152_40 005C                                          i2u127_49 16D2  
                                        i2u152_41 0058                                          i2u154_40 0086  
                                        i2u153_48 0062                                          i2u154_41 0082  
                                        i2u153_49 0074                                          i2u155_40 0094  
                                        i2u155_41 0090                                          _PIR1bits 000F9E  
                 ??_EUSART_SetFramingErrorHandler 007A                                          _PIR2bits 000FA1  
                           __end_of_I2C_MasterFsm 1698                             __end_of_I2C_MasterIsr 1B3C  
                                        _RCONbits 000FD0                       __end_of_I2C_DO_RX_NACK_STOP 1B06  
               _EUSART_DefaultOverrunErrorHandler 000000                   __end_of_I2C_MasterEnableRestart 1B80  
                                  fp__I2C_DO_IDLE 0000                                    fp__I2C_DO_RCEN 0000  
                   __end_of_I2C_Read1ByteRegister 1366                             __end_of_I2C_SetBuffer 1974  
                          ?_I2C_DO_SEND_ADR_WRITE 0030                           __end_ofi2_I2C_SetBuffer 19B8  
                        I2C_MasterSendTxData@data 0030                          _EEPROM_24C02C_Write_Byte 1A46  
                        wr2RegCompleteHandler@ptr 0039                                       _INTCON2bits 000FF1  
                      ??_I2C_DO_SEND_RESTART_READ 0030                             ?_INTERRUPT_Initialize 0030  
                        ?_rdBlkRegCompleteHandler 0039                         i2I2C_SetBuffer@bufferSize 0032  
                                      _I2C_Status 0001                                      ?_I2C_DO_IDLE 0030  
                                    ?_I2C_DO_RCEN 0030                            ?_rd2RegCompleteHandler 0039  
                                      _EECON1bits 000FA6                                  ??_I2C_MasterOpen 0078  
                          ?_wr2RegCompleteHandler 0039                                  ??_I2C_MasterStop 0030  
                                ??_I2C_Initialize 0078                         fp__I2C_DO_RX_NACK_RESTART 0000  
                                        __Hrparam 0000                                          __Lrparam 0000  
                            __end_of_I2C_DO_RESET 1ADA                          ??_I2C_Write1ByteRegister 0083  
           EEPROM_24C02C_Read_Byte@EEPROM_Address 0085                           ??_OSCILLATOR_Initialize 0078  
                             _EUSART_ErrorHandler 008A                               _RealTimeClockDS1307 0060  
                            _I2C_DO_SEND_ADR_READ 1A84           UART_LoggingDebugData_Send_String@String 0079  
                I2C_Read1ByteRegister@returnValue 0083                      __end_ofi2_I2C_MasterClearIrq 1B64  
                        ?_EEPROM_24C02C_Read_Byte 0084                                   _I2C_MasterClose 1B58  
                   I2C_SetAddressNackCallback@ptr 007F                                   I2C_Open@address 007A  
                             fp__I2C_DO_SEND_STOP 0000                              i2I2C_SetCallback@idx 0034  
                                 _I2C_MasterStart 1B50                              i2I2C_SetCallback@ptr 0032  
                                 _I2C_MasterWrite 1AEE                                          __ptext10 15C8  
                                        __ptext11 10F8                                          __ptext20 1A00  
                                        __ptext12 16FC                                          __ptext21 1366  
                                        __ptext13 19B8                                          __ptext30 1B54  
                                        __ptext22 1242                                          __ptext14 1A46  
                                        __ptext31 1B58                                          __ptext23 1AC6  
                                        __ptext15 1550                                          __ptext40 1AFE  
                                        __ptext32 1B5C                                          __ptext24 1974  
                                        __ptext16 19D0                                          __ptext41 1B06  
                                        __ptext25 1B4C                                          __ptext17 12E4  
                                        __ptext50 1A84                                          __ptext42 1B0E  
                                        __ptext34 1B36                                          __ptext26 1AEE  
                                        __ptext18 19E8                                          __ptext51 1AE4  
                                        __ptext43 1B16                                          __ptext35 1630  
                                        __ptext27 179E                                          __ptext19 1952  
                                        __ptext60 1B70                                          __ptext52 13E4  
                                        __ptext44 1B1E                                          __ptext36 1B60  
                                        __ptext28 1B50                                          __ptext61 1B74  
                                        __ptext53 1B64                                          __ptext45 1B26  
                                        __ptext37 1698                                          __ptext29 1852  
                                        __ptext70 1B78                                          __ptext62 17E2  
                                        __ptext54 1A70                                          __ptext46 1ADA  
                                        __ptext38 1AD0                                          __ptext71 1B7C  
                                        __ptext63 1880                                          __ptext55 1B2E  
                                        __ptext47 119E                                          __ptext39 1AF6  
                                        __ptext72 0000                                          __ptext64 18AC  
                                        __ptext56 1B3C                                          __ptext48 103A  
                                        __ptext65 18D8                                          __ptext57 1B68  
                                        __ptext49 1A92                                          __ptext66 1904  
                                        __ptext58 1B42                                          __ptext67 1A18  
                                        __ptext59 1B6C                                          __ptext68 145E  
                                        __ptext69 1996               __end_of_I2C_SetDataCompleteCallback 1A00  
                  ?i2_I2C_SetDataCompleteCallback 0035                       _I2C_SetDataCompleteCallback 19E8  
                         ?_I2C_DO_RX_NACK_RESTART 0030                          __end_of_I2C_DO_SEND_STOP 1B16  
                         ?_EUSART_SetErrorHandler 0078                                   _I2C_SetCallback 1366  
                   ??_I2C_SetDataCompleteCallback 0081                        I2C_Write1ByteRegister@data 0082  
   EUSART_SetOverrunErrorHandler@interruptHandler 0078                                          isa$xinst 000000  
                                        int$flags 004D                             ?_I2C_DO_SEND_ADR_READ 0030  
              __end_of_INTERRUPT_InterruptManager 00C4                        _INTERRUPT_InterruptManager 0008  
           __end_of_EUSART_SetFramingErrorHandler 1ABC                     _EUSART_SetFramingErrorHandler 1AB2  
                        __end_of_I2C_MasterIsNack 1A84                          __end_of_I2C_MasterSetIrq 1B68  
                                ?i2_I2C_SetBuffer 0030                                        _INTCONbits 000FF2  
                          ??_INTERRUPT_Initialize 0078                    __end_of_I2C_DO_RX_NACK_RESTART 1AFE  
                                        intlevel2 0000                               i2I2C_SetCallback@cb 0030  
                         ?_PIN_MANAGER_Initialize 0030                    __end_of_EUSART_SetErrorHandler 1AC6  
                             _I2C_DO_SEND_RESTART 1B16                            fp__I2C_DO_ADDRESS_NACK 0000  
                                      _U4RecValue 002E                                        _U5RecValue 002D  
   EUSART_SetFramingErrorHandler@interruptHandler 0078                           __end_of_I2C_MasterClose 1B5C  
                 __end_of_EEPROM_24C02C_Read_Byte 19E8                                fp__I2C_DO_TX_EMPTY 0000  
                         __end_of_I2C_MasterStart 1B54                           __end_of_I2C_MasterWrite 1AF6  
                        _RealTimeClockDS1307_Pack 0066                              ?_I2C_DO_SEND_RESTART 0030  
                                     _SSPCON1bits 000FC6                                       _SSPCON2bits 000FC5  
                              EUSART_Write@txData 0078                           __end_of_I2C_SetCallback 13E4  
                  __end_of_PIN_MANAGER_Initialize 1852                     __end_of_rd1RegCompleteHandler 1904  
                                fp__I2C_DO_RX_ACK 0000                     __end_of_wr1RegCompleteHandler 18AC  
                           _MSSP_InterruptHandler 002B                              i2_I2C_MasterClearIrq 1B60  
            EEPROM_24C02C_Write_Byte@Byte_Address 0084  
